ISO-10303-21;
HEADER;
FILE_DESCRIPTION (( 'STEP AP214' ),
    '1' );
FILE_NAME ('DifferentAngles.STEP',
    '2025-02-12T20:22:04',
    ( '' ),
    ( '' ),
    'SwSTEP 2.0',
    'SolidWorks 2023',
    '' );
FILE_SCHEMA (( 'AUTOMOTIVE_DESIGN' ));
ENDSEC;

DATA;
#1 = VERTEX_POINT ( 'NONE', #495 ) ;
#2 = CARTESIAN_POINT ( 'NONE',  ( 14.80990663630109339, 38.00000000000007816, -8.550503583141811248 ) ) ;
#3 = CARTESIAN_POINT ( 'NONE',  ( 0.000000000000000000, 30.00000000000000000, -25.00000000000000000 ) ) ;
#4 = LINE ( 'NONE', #2089, #1319 ) ;
#5 = CARTESIAN_POINT ( 'NONE',  ( 18.67321547392651837, 20.64999999999999858, -16.62260580848596447 ) ) ;
#6 = CARTESIAN_POINT ( 'NONE',  ( -17.81232401220655603, 19.20953018485653274, -17.54222626511440453 ) ) ;
#7 = PRODUCT_RELATED_PRODUCT_CATEGORY ( 'part', '', ( #1467 ) ) ;
#8 = CARTESIAN_POINT ( 'NONE',  ( -24.95791457634231847, 20.64999999999999858, -1.449999999999912692 ) ) ;
#9 = ORIENTED_EDGE ( 'NONE', *, *, #583, .T. ) ;
#10 = B_SPLINE_CURVE_WITH_KNOTS ( 'NONE', 3,
 ( #1745, #929, #291, #2055, #602, #770, #1265, #1902, #900, #434, #936, #1550, #911, #86, #742, #978, #1466, #797, #665, #1281, #1598, #1318, #11, #1786 ),
 .UNSPECIFIED., .F., .F.,
 ( 4, 2, 2, 2, 2, 2, 2, 2, 2, 2, 2, 4 ),
 ( 0.004534312584917972976, 0.005100972053355626833, 0.005667631521793280690, 0.005950961256012103281, 0.006234290990230926741, 0.006517620724449750200, 0.006800950458668572791, 0.007367609927106233587, 0.007650939661325063118, 0.007934269395543891781, 0.008500928863981554312, 0.009067588332419216843 ),
 .UNSPECIFIED. ) ;
#11 = CARTESIAN_POINT ( 'NONE',  ( 18.67321547392651837, 20.45839080608687865, -16.62260580848596803 ) ) ;
#12 = EDGE_CURVE ( 'NONE', #1452, #384, #163, .T. ) ;
#13 = ORIENTED_EDGE ( 'NONE', *, *, #659, .F. ) ;
#14 = CYLINDRICAL_SURFACE ( 'NONE', #513, 1.449999999999999956 ) ;
#15 = CARTESIAN_POINT ( 'NONE',  ( 14.72397660760249494, 110.0000000000000000, 5.359089215199046130 ) ) ;
#16 = FACE_OUTER_BOUND ( 'NONE', #1607, .T. ) ;
#17 = CARTESIAN_POINT ( 'NONE',  ( 17.61114746494663663, 22.10003369518804917, -17.74419435820770019 ) ) ;
#18 = VECTOR ( 'NONE', #1095, 1000.000000000000000 ) ;
#19 = CARTESIAN_POINT ( 'NONE',  ( -16.62260580848576907, 20.74582650910052450, -18.67321547392669601 ) ) ;
#20 = CARTESIAN_POINT ( 'NONE',  ( 5.659485349281843945E-24, 19.19999999999999929, -25.00000000000000000 ) ) ;
#21 = CARTESIAN_POINT ( 'NONE',  ( 1.153626259444181734, 21.53351688108220685, -22.47046758050769100 ) ) ;
#22 = ORIENTED_EDGE ( 'NONE', *, *, #913, .T. ) ;
#23 = CARTESIAN_POINT ( 'NONE',  ( 16.90213543583533706, 20.64999999999999858, 14.85152577039407795 ) ) ;
#24 = AXIS2_PLACEMENT_3D ( 'NONE', #360, #708, #1612 ) ;
#25 = CARTESIAN_POINT ( 'NONE',  ( 16.85301944667040175, 21.11753352981167708, -14.90728229347003619 ) ) ;
#26 = AXIS2_PLACEMENT_3D ( 'NONE', #2024, #686, #1655 ) ;
#27 = EDGE_LOOP ( 'NONE', ( #409, #819, #738 ) ) ;
#28 = CARTESIAN_POINT ( 'NONE',  ( -24.95791457634231136, 20.46075416354774745, 1.450000000000087441 ) ) ;
#29 = CARTESIAN_POINT ( 'NONE',  ( -3.222160012893071190, 110.0000000000000000, -18.27377750101917897 ) ) ;
#30 = DIRECTION ( 'NONE',  ( -0.000000000000000000, -1.000000000000000000, -0.000000000000000000 ) ) ;
#31 = CARTESIAN_POINT ( 'NONE',  ( 18.62377052597051019, 21.11751517043448700, -16.67802447190025106 ) ) ;
#32 = VECTOR ( 'NONE', #1938, 1000.000000000000114 ) ;
#33 = CARTESIAN_POINT ( 'NONE',  ( -0.6428325061821944519, 19.34680981205025674, 24.99188837023750054 ) ) ;
#34 = CARTESIAN_POINT ( 'NONE',  ( -0.7304178689849317729, 19.38305749195972894, -24.98994531378851036 ) ) ;
#35 = ORIENTED_EDGE ( 'NONE', *, *, #1037, .F. ) ;
#36 = EDGE_LOOP ( 'NONE', ( #888, #850, #1263, #565 ) ) ;
#37 = CARTESIAN_POINT ( 'NONE',  ( 0.9587587274178883678, 19.55810936037872239, 22.47966325548202349 ) ) ;
#38 = CARTESIAN_POINT ( 'NONE',  ( 14.80990663630108628, 38.00000000000007816, -8.550503583141834341 ) ) ;
#39 = CARTESIAN_POINT ( 'NONE',  ( 14.80990663630108628, 110.0000000000000000, -8.550503583141834341 ) ) ;
#40 = VECTOR ( 'NONE', #1166, 1000.000000000000000 ) ;
#41 = CARTESIAN_POINT ( 'NONE',  ( 1.403748754297359236, 20.27459631251969441, -22.45617577641060691 ) ) ;
#42 = CARTESIAN_POINT ( 'NONE',  ( 14.85152577039401933, 20.64999999999999858, -16.90213543583539035 ) ) ;
#43 = CARTESIAN_POINT ( 'NONE',  ( -24.97622873202896443, 21.60862671755550224, -1.092007409445094002 ) ) ;
#44 = DIRECTION ( 'NONE',  ( 0.9396926207859118696, 0.000000000000000000, 0.3420201433256591095 ) ) ;
#45 = DIRECTION ( 'NONE',  ( 0.6427876096865379196, 0.000000000000000000, -0.7660444431189793457 ) ) ;
#46 = CARTESIAN_POINT ( 'NONE',  ( 16.35761915982355674, 21.95351700147079654, 15.44946626839826287 ) ) ;
#47 = DIRECTION ( 'NONE',  ( 0.7660444431189792347, -0.000000000000000000, 0.6427876096865378086 ) ) ;
#48 = CARTESIAN_POINT ( 'NONE',  ( 17.54322804472017694, 19.19984392139582852, 17.81212381685470447 ) ) ;
#49 = ADVANCED_FACE ( 'NONE', ( #2115 ), #1340, .F. ) ;
#50 = EDGE_CURVE ( 'NONE', #384, #1, #1345, .T. ) ;
#51 = CARTESIAN_POINT ( 'NONE',  ( 18.67321547392686654, 20.74464456010002777, 16.62260580848557368 ) ) ;
#52 = FACE_OUTER_BOUND ( 'NONE', #689, .T. ) ;
#53 = LINE ( 'NONE', #1214, #1734 ) ;
#54 = CARTESIAN_POINT ( 'NONE',  ( 12.50589417353390687, 110.0000000000000000, -7.220281367546923512 ) ) ;
#55 = CARTESIAN_POINT ( 'NONE',  ( -0.09462296690491311946, 19.19999999999999929, -25.00000000000000000 ) ) ;
#56 = PLANE ( 'NONE',  #247 ) ;
#57 = CARTESIAN_POINT ( 'NONE',  ( 15.63898598895954706, 22.06185219708664036, 16.17722424209453891 ) ) ;
#58 = DIRECTION ( 'NONE',  ( 0.000000000000000000, 1.000000000000000000, 0.000000000000000000 ) ) ;
#59 = CARTESIAN_POINT ( 'NONE',  ( 1.449999999999999956, 20.64999999999999858, -22.45322916642504296 ) ) ;
#60 = ORIENTED_EDGE ( 'NONE', *, *, #1628, .T. ) ;
#61 = EDGE_CURVE ( 'NONE', #1074, #1079, #334, .T. ) ;
#62 = CARTESIAN_POINT ( 'NONE',  ( 16.80460882141656498, 21.29313537457844063, -14.96183318334437118 ) ) ;
#63 = VECTOR ( 'NONE', #1908, 1000.000000000000000 ) ;
#64 = VERTEX_POINT ( 'NONE', #988 ) ;
#65 = EDGE_CURVE ( 'NONE', #319, #1804, #1484, .T. ) ;
#66 = CARTESIAN_POINT ( 'NONE',  ( -24.95791457634231847, 20.45839080608687865, -1.449999999999913136 ) ) ;
#67 = CARTESIAN_POINT ( 'NONE',  ( 14.88018743082390927, 20.26998498326822684, -16.87706304263921808 ) ) ;
#68 = CARTESIAN_POINT ( 'NONE',  ( -25.00000195432079053, 22.10003369518804917, 0.09407836044048999147 ) ) ;
#69 = FACE_BOUND ( 'NONE', #1926, .T. ) ;
#70 =( LENGTH_UNIT ( ) NAMED_UNIT ( * ) SI_UNIT ( .MILLI., .METRE. ) );
#71 = VERTEX_POINT ( 'NONE', #8 ) ;
#72 = FACE_OUTER_BOUND ( 'NONE', #2051, .T. ) ;
#73 = ORIENTED_EDGE ( 'NONE', *, *, #143, .T. ) ;
#74 = DIRECTION ( 'NONE',  ( 0.000000000000000000, 0.000000000000000000, 1.000000000000000000 ) ) ;
#75 = ORIENTED_EDGE ( 'NONE', *, *, #1722, .F. ) ;
#76 = CARTESIAN_POINT ( 'NONE',  ( 23.49231551964777509, 33.53524411804205130, 8.550503583141548347 ) ) ;
#77 = DIRECTION ( 'NONE',  ( 0.6427876096865378086, 0.000000000000000000, -0.7660444431189793457 ) ) ;
#78 = CARTESIAN_POINT ( 'NONE',  ( 1.449999999999999956, 20.64999999999999858, 24.95791457634231492 ) ) ;
#79 = CARTESIAN_POINT ( 'NONE',  ( 17.43663554543374872, 110.0000000000000000, 6.346416324285773847 ) ) ;
#80 = EDGE_CURVE ( 'NONE', #1503, #1240, #197, .T. ) ;
#81 = CARTESIAN_POINT ( 'NONE',  ( 14.98917553135808056, 19.91923008135478668, 16.78034226122104045 ) ) ;
#82 = ORIENTED_EDGE ( 'NONE', *, *, #817, .T. ) ;
#83 = CARTESIAN_POINT ( 'NONE',  ( -1.449999999999999956, 20.64999999999999858, 24.95791457634231136 ) ) ;
#84 = ORIENTED_EDGE ( 'NONE', *, *, #1845, .F. ) ;
#85 = DIRECTION ( 'NONE',  ( 1.000000000000000000, -0.000000000000000000, -3.491481338843133750E-15 ) ) ;
#86 = CARTESIAN_POINT ( 'NONE',  ( 17.81212381685463697, 19.19984392139581786, -17.54322804472023378 ) ) ;
#87 = EDGE_CURVE ( 'NONE', #1164, #1839, #521, .T. ) ;
#88 = CARTESIAN_POINT ( 'NONE',  ( -16.87130727909746497, 21.02662389163469570, -14.88654882039499583 ) ) ;
#89 = EDGE_CURVE ( 'NONE', #1814, #754, #1553, .T. ) ;
#90 = CARTESIAN_POINT ( 'NONE',  ( 0.7273330189168936144, 21.90793846471579798, 24.98954100522043120 ) ) ;
#91 = CARTESIAN_POINT ( 'NONE',  ( -23.97469516727955252, 20.64999999999999858, -26.02530483272045458 ) ) ;
#92 = FACE_BOUND ( 'NONE', #386, .T. ) ;
#93 = ORIENTED_EDGE ( 'NONE', *, *, #626, .F. ) ;
#94 = FACE_OUTER_BOUND ( 'NONE', #1965, .T. ) ;
#95 = CARTESIAN_POINT ( 'NONE',  ( 2.755455271706670665E-15, 22.09999999999999787, 22.50000000000000355 ) ) ;
#96 = ORIENTED_EDGE ( 'NONE', *, *, #1190, .F. ) ;
#97 = CARTESIAN_POINT ( 'NONE',  ( -16.65108426711837097, 20.27000066408748680, 18.64796567370379776 ) ) ;
#98 = VERTEX_POINT ( 'NONE', #1848 ) ;
#99 = DIRECTION ( 'NONE',  ( -0.000000000000000000, -1.000000000000000000, -0.000000000000000000 ) ) ;
#100 = AXIS2_PLACEMENT_3D ( 'NONE', #1508, #542, #867 ) ;
#101 = CARTESIAN_POINT ( 'NONE',  ( -16.04438429111772990, 19.19984501878679595, 15.77543498698221569 ) ) ;
#102 = CARTESIAN_POINT ( 'NONE',  ( -22.47972415281213543, 21.74319175312463415, 0.9573897386631082806 ) ) ;
#103 = CARTESIAN_POINT ( 'NONE',  ( -15.21839965619897228, 19.55712889155461198, -16.57271257263048270 ) ) ;
#104 = CARTESIAN_POINT ( 'NONE',  ( 16.78101521098904314, 19.92097978410128434, 14.98842097788231520 ) ) ;
#105 = ORIENTED_EDGE ( 'NONE', *, *, #2096, .T. ) ;
#106 = CARTESIAN_POINT ( 'NONE',  ( -18.29107553703531863, 19.49594403330493364, 17.04238154066265665 ) ) ;
#107 = ORIENTED_EDGE ( 'NONE', *, *, #1571, .T. ) ;
#108 = LINE ( 'NONE', #1548, #1499 ) ;
#109 = CARTESIAN_POINT ( 'NONE',  ( -1.266739906552991179, 19.91959049219052602, 24.96799201445048055 ) ) ;
#110 = CARTESIAN_POINT ( 'NONE',  ( 14.80990663630108628, 110.0000000000000000, -8.550503583141834341 ) ) ;
#111 = CARTESIAN_POINT ( 'NONE',  ( 22.45792473298420688, 21.11753352981168064, 1.375843935434625465 ) ) ;
#112 = ORIENTED_EDGE ( 'NONE', *, *, #1477, .F. ) ;
#113 = ADVANCED_FACE ( 'NONE', ( #391 ), #56, .T. ) ;
#114 = VERTEX_POINT ( 'NONE', #220 ) ;
#115 = EDGE_CURVE ( 'NONE', #839, #1726, #246, .T. ) ;
#116 = CARTESIAN_POINT ( 'NONE',  ( 6.808789643208967846E-14, 110.0000000000000000, 17.71397255610128596 ) ) ;
#117 = CARTESIAN_POINT ( 'NONE',  ( -22.47048740073527995, 21.53402852147073432, -1.153244608352573364 ) ) ;
#118 = CARTESIAN_POINT ( 'NONE',  ( 22.46442494925116051, 21.38057532223046664, -1.266857043070801492 ) ) ;
#119 = ORIENTED_EDGE ( 'NONE', *, *, #131, .T. ) ;
#120 = AXIS2_PLACEMENT_3D ( 'NONE', #1362, #379, #219 ) ;
#121 = AXIS2_PLACEMENT_3D ( 'NONE', #554, #1203, #1843 ) ;
#122 = CARTESIAN_POINT ( 'NONE',  ( -17.61114746494675032, 22.10003369518804561, 17.74419435820757940 ) ) ;
#123 = DIRECTION ( 'NONE',  ( -0.7660444431189841197, 0.000000000000000000, -0.6427876096865321465 ) ) ;
#124 = DIRECTION ( 'NONE',  ( -0.9848077530122065770, 0.000000000000000000, 0.1736481776669385468 ) ) ;
#125 = AXIS2_PLACEMENT_3D ( 'NONE', #694, #390, #1996 ) ;
#126 = CARTESIAN_POINT ( 'NONE',  ( -22.48280609891320836, 19.49595515885233254, -0.8829748912303921893 ) ) ;
#127 = ORIENTED_EDGE ( 'NONE', *, *, #80, .T. ) ;
#128 =( GEOMETRIC_REPRESENTATION_CONTEXT ( 3 ) GLOBAL_UNCERTAINTY_ASSIGNED_CONTEXT ( ( #1347 ) ) GLOBAL_UNIT_ASSIGNED_CONTEXT ( ( #480, #1754, #2108 ) ) REPRESENTATION_CONTEXT ( 'NONE', 'WORKASPACE' ) );
#129 = CARTESIAN_POINT ( 'NONE',  ( 0.4676257070780559522, 19.27419115756001489, 24.99578024316673108 ) ) ;
#130 = LINE ( 'NONE', #643, #1321 ) ;
#131 = EDGE_CURVE ( 'NONE', #430, #894, #378, .T. ) ;
#132 = CARTESIAN_POINT ( 'NONE',  ( 24.99190605620333727, 21.95352747359353174, -0.6421392658537380393 ) ) ;
#133 = PLANE ( 'NONE',  #1903 ) ;
#134 = CARTESIAN_POINT ( 'NONE',  ( -25.00000000000004263, 20.64999999999999858, -24.99999999999996092 ) ) ;
#135 = CARTESIAN_POINT ( 'NONE',  ( -18.67321547392663916, 20.45839080608688576, 16.62260580848583658 ) ) ;
#136 = CARTESIAN_POINT ( 'NONE',  ( -22.49999495990574516, 19.20007820838487334, 0.09685495138796355874 ) ) ;
#137 = EDGE_LOOP ( 'NONE', ( #1533, #1220, #956, #740 ) ) ;
#138 = CARTESIAN_POINT ( 'NONE',  ( 1.267379948599384187, 19.92064959569658100, 24.96795925993786369 ) ) ;
#139 = CARTESIAN_POINT ( 'NONE',  ( -1.376034809259528258, 20.18303961012415115, -22.45791294019945283 ) ) ;
#140 = CARTESIAN_POINT ( 'NONE',  ( 24.95791457634230426, 20.74464456010002777, -1.450000000000261746 ) ) ;
#141 = PLANE ( 'NONE',  #470 ) ;
#142 = FACE_OUTER_BOUND ( 'NONE', #882, .T. ) ;
#143 = EDGE_CURVE ( 'NONE', #805, #270, #267, .T. ) ;
#144 = CARTESIAN_POINT ( 'NONE',  ( -0.1892393185539990585, 22.09999999999999432, 24.99999999999999289 ) ) ;
#145 = CARTESIAN_POINT ( 'NONE',  ( -22.49095607273357800, 19.34733859074380291, 0.6438848239857387634 ) ) ;
#146 = EDGE_LOOP ( 'NONE', ( #1468, #652, #60, #1636 ) ) ;
#147 = CARTESIAN_POINT ( 'NONE',  ( 18.00596358229180183, 19.27449740207909201, 17.34338393775119158 ) ) ;
#148 = ORIENTED_EDGE ( 'NONE', *, *, #1101, .T. ) ;
#149 = ORIENTED_EDGE ( 'NONE', *, *, #1706, .T. ) ;
#150 = DIRECTION ( 'NONE',  ( 0.000000000000000000, 1.000000000000000000, 0.000000000000000000 ) ) ;
#151 = CARTESIAN_POINT ( 'NONE',  ( -0.1900904856943813892, 22.09058984396375891, -24.99944920192768905 ) ) ;
#152 = FACE_OUTER_BOUND ( 'NONE', #146, .T. ) ;
#153 = FACE_OUTER_BOUND ( 'NONE', #1065, .T. ) ;
#154 = CARTESIAN_POINT ( 'NONE',  ( -16.52796992350236849, 21.80921761316484719, 15.26742095726185156 ) ) ;
#155 = CARTESIAN_POINT ( 'NONE',  ( -22.45580141718207301, 20.26801626289494607, -1.411471652449405090 ) ) ;
#156 = CARTESIAN_POINT ( 'NONE',  ( 1.092450675338771271, 21.60811840158070751, -22.47356286373414846 ) ) ;
#157 = VECTOR ( 'NONE', #123, 1000.000000000000000 ) ;
#158 = ORIENTED_EDGE ( 'NONE', *, *, #61, .T. ) ;
#159 = ORIENTED_EDGE ( 'NONE', *, *, #1384, .F. ) ;
#160 = VECTOR ( 'NONE', #1720, 999.9999999999998863 ) ;
#161 = VERTEX_POINT ( 'NONE', #1512 ) ;
#162 = CARTESIAN_POINT ( 'NONE',  ( 24.95846608363434171, 20.84004748575756238, 1.440594094263791813 ) ) ;
#163 = B_SPLINE_CURVE_WITH_KNOTS ( 'NONE', 3,
 ( #327, #488, #1624, #860, #1825, #21, #156, #2104, #206, #1298, #1023, #816 ),
 .UNSPECIFIED., .F., .F.,
 ( 4, 2, 2, 2, 2, 4 ),
 ( 0.006802446632342191817, 0.007368842885576912596, 0.007652041012194272553, 0.007935239138811632509, 0.008501635392046354156, 0.009068031645281074068 ),
 .UNSPECIFIED. ) ;
#164 = LINE ( 'NONE', #1955, #1592 ) ;
#165 = DIRECTION ( 'NONE',  ( 0.000000000000000000, -0.000000000000000000, -1.000000000000000000 ) ) ;
#166 = CARTESIAN_POINT ( 'NONE',  ( -14.90728229346985856, 21.11753352981167708, -16.85301944667055807 ) ) ;
#167 = CARTESIAN_POINT ( 'NONE',  ( -22.47964286243460919, 19.55852982641097171, 0.9592324008344254027 ) ) ;
#168 = CARTESIAN_POINT ( 'NONE',  ( -0.8842027652714653518, 21.80311288998286656, -22.48275796432600870 ) ) ;
#169 = ORIENTED_EDGE ( 'NONE', *, *, #2017, .T. ) ;
#170 = ORIENTED_EDGE ( 'NONE', *, *, #209, .F. ) ;
#171 =( BOUNDED_CURVE ( )  B_SPLINE_CURVE ( 3, ( #812, #2111, #1943, #1302 ),
 .UNSPECIFIED., .F., .T. ) 
 B_SPLINE_CURVE_WITH_KNOTS ( ( 4, 4 ),
 ( 5.759586531581293301, 5.934119456780730495 ),
 .UNSPECIFIED. ) 
 CURVE ( )  GEOMETRIC_REPRESENTATION_ITEM ( )  RATIONAL_B_SPLINE_CURVE ( ( 1.000000000000000000, 0.9974631320611635488, 0.9974631320611635488, 1.000000000000000000 ) ) 
 REPRESENTATION_ITEM ( '' )  );
#172 = ORIENTED_EDGE ( 'NONE', *, *, #397, .F. ) ;
#173 = CARTESIAN_POINT ( 'NONE',  ( 17.94177256910806761, 22.05356634839441199, 17.40980891532859332 ) ) ;
#174 = LINE ( 'NONE', #1647, #1492 ) ;
#175 = CARTESIAN_POINT ( 'NONE',  ( -3.222160012893071190, 38.00000000000006395, -18.27377750101917897 ) ) ;
#176 = CARTESIAN_POINT ( 'NONE',  ( -15.84337768672401658, 22.10003375933953151, 15.97643054343611624 ) ) ;
#177 = CARTESIAN_POINT ( 'NONE',  ( -0.3793420147593405956, 19.23764281297892254, 24.99773932581716096 ) ) ;
#178 = CARTESIAN_POINT ( 'NONE',  ( -0.3765234332479674983, 19.24653869305474174, -24.99733708654323650 ) ) ;
#179 = CARTESIAN_POINT ( 'NONE',  ( 0.1893436391901970051, 19.20000000000000639, -25.00000000000000000 ) ) ;
#180 = ORIENTED_EDGE ( 'NONE', *, *, #1133, .T. ) ;
#181 = CARTESIAN_POINT ( 'NONE',  ( -0.8835171850882148625, 19.49637396986771165, 22.48278457107038264 ) ) ;
#182 = ORIENTED_EDGE ( 'NONE', *, *, #1817, .F. ) ;
#183 = CARTESIAN_POINT ( 'NONE',  ( 15.06842095408047832, 21.54017006118123945, -16.70960988005160885 ) ) ;
#184 = ADVANCED_FACE ( 'NONE', ( #1521 ), #1543, .F. ) ;
#185 = VERTEX_POINT ( 'NONE', #2012 ) ;
#186 = DIRECTION ( 'NONE',  ( 0.7660444431189744607, 0.000000000000000000, -0.6427876096865435818 ) ) ;
#187 = CARTESIAN_POINT ( 'NONE',  ( 24.99775500781170479, 19.23736857897700148, 0.3783760861331522118 ) ) ;
#188 = FACE_OUTER_BOUND ( 'NONE', #1559, .T. ) ;
#189 = CARTESIAN_POINT ( 'NONE',  ( -15.77499736213851911, 22.09059905109625532, 16.04394303739643135 ) ) ;
#190 = CARTESIAN_POINT ( 'NONE',  ( -18.55083803596647485, 21.38057332055230830, -16.75922790483048530 ) ) ;
#191 = CARTESIAN_POINT ( 'NONE',  ( -1.449999999999999956, 20.64999999999999858, -25.00000000000000000 ) ) ;
#192 = VERTEX_POINT ( 'NONE', #1861 ) ;
#193 = CARTESIAN_POINT ( 'NONE',  ( 15.38612335942119813, 21.91723634275233934, 16.41790714161087550 ) ) ;
#194 = ORIENTED_EDGE ( 'NONE', *, *, #211, .T. ) ;
#195 = DIRECTION ( 'NONE',  ( -0.7660444431189792347, 0.000000000000000000, 0.6427876096865379196 ) ) ;
#196 = VECTOR ( 'NONE', #2039, 1000.000000000000000 ) ;
#197 = B_SPLINE_CURVE_WITH_KNOTS ( 'NONE', 3,
 ( #1011, #179, #1984, #1158, #672, #533, #509, #1803, #683, #346, #1653, #837, #1182, #1973 ),
 .UNSPECIFIED., .F., .F.,
 ( 4, 2, 2, 2, 2, 2, 4 ),
 ( 0.004534312687284889135, 0.005101265027756256287, 0.005668217368227624307, 0.005951693538463311353, 0.006235169708698999266, 0.006518645878934687179, 0.006802122049170374225 ),
 .UNSPECIFIED. ) ;
#198 = CARTESIAN_POINT ( 'NONE',  ( 17.04238154066272060, 19.49594403330494075, 18.29107553703526179 ) ) ;
#199 = AXIS2_PLACEMENT_3D ( 'NONE', #408, #58, #851 ) ;
#200 = AXIS2_PLACEMENT_3D ( 'NONE', #273, #889, #399 ) ;
#201 = LINE ( 'NONE', #2, #787 ) ;
#202 = MANIFOLD_SOLID_BREP ( 'Chamfer5', #1268 ) ;
#203 = CARTESIAN_POINT ( 'NONE',  ( 0.1893472328053664999, 19.20000000000000639, -22.50000000000000000 ) ) ;
#204 = LINE ( 'NONE', #1540, #1059 ) ;
#205 = CARTESIAN_POINT ( 'NONE',  ( -16.65718873035135772, 21.02541092453957816, -18.64238193455464554 ) ) ;
#206 = CARTESIAN_POINT ( 'NONE',  ( 0.7304265444999805679, 21.91672972985865187, -22.48881682936840321 ) ) ;
#207 = CARTESIAN_POINT ( 'NONE',  ( -25.00000000000000355, 29.35708985077554445, -12.69283264857176974 ) ) ;
#208 = VECTOR ( 'NONE', #1769, 1000.000000000000000 ) ;
#209 = EDGE_CURVE ( 'NONE', #1804, #2040, #2057, .T. ) ;
#210 = CARTESIAN_POINT ( 'NONE',  ( 1.449999999999999956, 20.64999999999999858, 22.45322916642504296 ) ) ;
#211 = EDGE_CURVE ( 'NONE', #830, #1002, #992, .T. ) ;
#212 = CARTESIAN_POINT ( 'NONE',  ( 17.21792186099942157, 19.34643928070831720, 18.12597301558737684 ) ) ;
#213 = ADVANCED_FACE ( 'NONE', ( #463 ), #133, .F. ) ;
#214 = ORIENTED_EDGE ( 'NONE', *, *, #912, .T. ) ;
#215 = CARTESIAN_POINT ( 'NONE',  ( 16.67802447190019066, 21.11751517043449411, 18.62377052597057059 ) ) ;
#216 = FACE_BOUND ( 'NONE', #349, .T. ) ;
#217 = CARTESIAN_POINT ( 'NONE',  ( 16.04438429111761977, 19.19984501878679239, -15.77543498698232405 ) ) ;
#218 = EDGE_CURVE ( 'NONE', #1678, #384, #1125, .T. ) ;
#219 = DIRECTION ( 'NONE',  ( 0.7071067811865558994, 0.000000000000000000, 0.7071067811865392461 ) ) ;
#220 = CARTESIAN_POINT ( 'NONE',  ( 12.49999999999979039, 30.39955237054071446, -21.65063509461108993 ) ) ;
#221 = CARTESIAN_POINT ( 'NONE',  ( -24.95791457634230781, 20.74464456010002777, 1.450000000000086997 ) ) ;
#222 = B_SPLINE_CURVE_WITH_KNOTS ( 'NONE', 3,
 ( #976, #1759, #2091, #1958, #1130, #1297, #1461, #2114, #1147, #2103, #309, #6, #1442, #987, #1287, #795, #1772, #318, #671, #1750, #803, #1925, #296, #941 ),
 .UNSPECIFIED., .F., .F.,
 ( 4, 2, 2, 2, 2, 2, 2, 2, 2, 2, 2, 4 ),
 ( 0.004534312584917973843, 0.005100972053355632904, 0.005667631521793291965, 0.005950961256012115425, 0.006234290990230938884, 0.006517620724449762343, 0.006800950458668585802, 0.007367609927106232720, 0.007650939661325061383, 0.007934269395543890047, 0.008500928863981554312, 0.009067588332419216843 ),
 .UNSPECIFIED. ) ;
#223 = CARTESIAN_POINT ( 'NONE',  ( 15.26742095726190662, 21.80921761316484364, 16.52796992350232586 ) ) ;
#224 = CARTESIAN_POINT ( 'NONE',  ( -0.3793728428864113211, 19.23765324205508875, 22.49748755104327103 ) ) ;
#225 = CARTESIAN_POINT ( 'NONE',  ( 6.147987464839955505E-24, 19.19999999999999929, -22.50000000000000355 ) ) ;
#226 = ORIENTED_EDGE ( 'NONE', *, *, #1207, .F. ) ;
#227 = CARTESIAN_POINT ( 'NONE',  ( 15.64182325321099576, 22.05356277026863410, -16.17380645605747347 ) ) ;
#228 = EDGE_CURVE ( 'NONE', #319, #1053, #1748, .T. ) ;
#229 = VERTEX_POINT ( 'NONE', #766 ) ;
#230 = CARTESIAN_POINT ( 'NONE',  ( 1.449999999999999956, 20.64999999999999858, -24.95791457634231136 ) ) ;
#231 = CARTESIAN_POINT ( 'NONE',  ( 14.85152577039402111, 20.46074985476538544, -16.90213543583539391 ) ) ;
#232 = CARTESIAN_POINT ( 'NONE',  ( -16.73226621045691331, 21.29311942374651423, -18.57505306457328942 ) ) ;
#233 = CARTESIAN_POINT ( 'NONE',  ( 22.49750484562736119, 19.23738105445974256, 0.3784141784447003221 ) ) ;
#234 = CARTESIAN_POINT ( 'NONE',  ( -24.95791457634230781, 20.64999999999999858, 1.450000000000086997 ) ) ;
#235 = CARTESIAN_POINT ( 'NONE',  ( 1.440519345117051930, 20.84073175684712353, 22.45384708227017256 ) ) ;
#236 = VERTEX_POINT ( 'NONE', #792 ) ;
#237 = CARTESIAN_POINT ( 'NONE',  ( 0.1899444107658575243, 19.20938914976636269, 22.49938935338372659 ) ) ;
#238 = EDGE_LOOP ( 'NONE', ( #13, #1813, #749, #1109 ) ) ;
#239 = CARTESIAN_POINT ( 'NONE',  ( 0.000000000000000000, 27.99999999999999645, 0.000000000000000000 ) ) ;
#240 = VECTOR ( 'NONE', #1810, 999.9999999999998863 ) ;
#241 = ORIENTED_EDGE ( 'NONE', *, *, #1572, .T. ) ;
#242 = CARTESIAN_POINT ( 'NONE',  ( 1.092455588847746961, 21.60811373844649452, -24.97620900381769715 ) ) ;
#243 = LINE ( 'NONE', #1672, #510 ) ;
#244 = CARTESIAN_POINT ( 'NONE',  ( -16.52290457333906915, 21.80312298059470066, -15.27251790418315736 ) ) ;
#245 = CARTESIAN_POINT ( 'NONE',  ( -15.64169648140645918, 19.24650614072062638, 16.17392718384597572 ) ) ;
#246 = LINE ( 'NONE', #1058, #1429 ) ;
#247 = AXIS2_PLACEMENT_3D ( 'NONE', #1035, #1048, #595 ) ;
#248 = ORIENTED_EDGE ( 'NONE', *, *, #1936, .F. ) ;
#249 = CARTESIAN_POINT ( 'NONE',  ( 22.47358480056755425, 21.60863183725304282, 1.092002441072617458 ) ) ;
#250 = DIRECTION ( 'NONE',  ( -0.7071067811865415775, 0.000000000000000000, 0.7071067811865534569 ) ) ;
#251 = ORIENTED_EDGE ( 'NONE', *, *, #89, .F. ) ;
#252 = CARTESIAN_POINT ( 'NONE',  ( -0.7292684646444818064, 21.91742303397929703, 24.98997103450376756 ) ) ;
#253 = EDGE_CURVE ( 'NONE', #1949, #319, #446, .T. ) ;
#254 = EDGE_CURVE ( 'NONE', #1208, #608, #2105, .T. ) ;
#255 = B_SPLINE_CURVE_WITH_KNOTS ( 'NONE', 3,
 ( #95, #1195, #1838, #872, #1959, #1549, #416, #1710, #899, #1067, #258, #1690, #369, #235, #1012, #1038 ),
 .UNSPECIFIED., .F., .F.,
 ( 4, 2, 2, 2, 2, 2, 2, 4 ),
 ( 0.002267785981290948698, 0.002551129694161745950, 0.002834473407032542767, 0.003117817119903340019, 0.003401160832774137270, 0.003967848258515731773, 0.004251191971386533361, 0.004534535684257335816 ),
 .UNSPECIFIED. ) ;
#256 = ORIENTED_EDGE ( 'NONE', *, *, #525, .T. ) ;
#257 = CARTESIAN_POINT ( 'NONE',  ( 12.50589417353390687, 110.0000000000000000, -7.220281367546923512 ) ) ;
#258 = CARTESIAN_POINT ( 'NONE',  ( 1.266940118883182143, 21.38041941343156793, 22.46442015628612054 ) ) ;
#259 = CARTESIAN_POINT ( 'NONE',  ( 0.3765710062583183526, 22.05345318380756581, 24.99733662151037805 ) ) ;
#260 = CARTESIAN_POINT ( 'NONE',  ( 22.49999495990573806, 19.20007820838486623, -0.09685495138812089122 ) ) ;
#261 = CARTESIAN_POINT ( 'NONE',  ( 14.88058828216846408, 20.26801626289494962, 16.87671063596741305 ) ) ;
#262 = ORIENTED_EDGE ( 'NONE', *, *, #695, .F. ) ;
#263 = CARTESIAN_POINT ( 'NONE',  ( -16.62260580848563407, 20.46075416354774745, 18.67321547392680259 ) ) ;
#264 = EDGE_LOOP ( 'NONE', ( #635, #1852, #731, #1478 ) ) ;
#265 = DIRECTION ( 'NONE',  ( -0.9848077530122065770, 0.000000000000000000, 0.1736481776669386579 ) ) ;
#266 = CARTESIAN_POINT ( 'NONE',  ( -16.17571746779578490, 19.23738105445973545, 15.64055900444485303 ) ) ;
#267 = LINE ( 'NONE', #79, #1836 ) ;
#268 = CARTESIAN_POINT ( 'NONE',  ( -14.85152577039424848, 20.64999999999999858, -16.90213543583518430 ) ) ;
#269 = CARTESIAN_POINT ( 'NONE',  ( 22.49938852668176281, 22.09059905109625888, -0.1901733107457862226 ) ) ;
#270 = VERTEX_POINT ( 'NONE', #1294 ) ;
#271 = CARTESIAN_POINT ( 'NONE',  ( -16.98643519662399370, 19.55853030592677300, 18.34299560218557801 ) ) ;
#272 = ORIENTED_EDGE ( 'NONE', *, *, #2096, .F. ) ;
#273 = CARTESIAN_POINT ( 'NONE',  ( 0.000000000000000000, 0.000000000000000000, 0.000000000000000000 ) ) ;
#274 = AXIS2_PLACEMENT_3D ( 'NONE', #1064, #1954, #1380 ) ;
#275 = FACE_OUTER_BOUND ( 'NONE', #238, .T. ) ;
#276 = CARTESIAN_POINT ( 'NONE',  ( -22.49745800603515633, 22.06185219708664391, -0.3805919186858740533 ) ) ;
#277 = CARTESIAN_POINT ( 'NONE',  ( 1.006139616066548115E-13, 35.53486333135128206, 25.00000000000000000 ) ) ;
#278 = EDGE_CURVE ( 'NONE', #1316, #1774, #516, .T. ) ;
#279 = CARTESIAN_POINT ( 'NONE',  ( 22.50000217560175031, 22.10003375933953151, -0.09408257723749108292 ) ) ;
#280 = STYLED_ITEM ( 'NONE', ( #418 ), #202 ) ;
#281 = ORIENTED_EDGE ( 'NONE', *, *, #50, .T. ) ;
#282 = EDGE_CURVE ( 'NONE', #2040, #393, #351, .T. ) ;
#283 = EDGE_CURVE ( 'NONE', #357, #1545, #646, .T. ) ;
#284 = CARTESIAN_POINT ( 'NONE',  ( -1.440588855101801347, 20.84009969470261936, 22.45384254347001729 ) ) ;
#285 = CARTESIAN_POINT ( 'NONE',  ( -16.87671063596746279, 20.26801626289494962, 14.88058828216839835 ) ) ;
#286 = CARTESIAN_POINT ( 'NONE',  ( 25.00000905255602390, 19.19984392139581786, 0.1901380239086672141 ) ) ;
#287 = LINE ( 'NONE', #1584, #63 ) ;
#288 = EDGE_CURVE ( 'NONE', #1420, #1774, #1494, .T. ) ;
#289 = FACE_BOUND ( 'NONE', #945, .T. ) ;
#290 = ORIENTED_EDGE ( 'NONE', *, *, #821, .T. ) ;
#291 = CARTESIAN_POINT ( 'NONE',  ( 16.65108426711824663, 20.27000066408748680, -18.64796567370391145 ) ) ;
#292 = FACE_OUTER_BOUND ( 'NONE', #27, .T. ) ;
#293 = CARTESIAN_POINT ( 'NONE',  ( 24.98175350762994995, 21.74319718794887280, -0.9573833283338056832 ) ) ;
#294 = CARTESIAN_POINT ( 'NONE',  ( 8.158795558326584541, 110.0000000000000000, -14.13144843558925245 ) ) ;
#295 = CARTESIAN_POINT ( 'NONE',  ( 0.000000000000000000, 30.00000000000000000, 0.000000000000000000 ) ) ;
#296 = CARTESIAN_POINT ( 'NONE',  ( -16.62260580848576197, 20.45839080608688221, -18.67321547392668890 ) ) ;
#297 = VERTEX_POINT ( 'NONE', #483 ) ;
#298 = EDGE_CURVE ( 'NONE', #1240, #1452, #164, .T. ) ;
#299 = CARTESIAN_POINT ( 'NONE',  ( 3.061616997402319681E-15, 19.19999999999999929, 25.00000000000000000 ) ) ;
#300 = CIRCLE ( 'NONE', #199, 22.50000000000000355 ) ;
#301 = ORIENTED_EDGE ( 'NONE', *, *, #1367, .F. ) ;
#302 = DIRECTION ( 'NONE',  ( 0.000000000000000000, 0.000000000000000000, 1.000000000000000000 ) ) ;
#303 = CARTESIAN_POINT ( 'NONE',  ( 24.95791457634233979, 20.74582650910053161, 1.449999999999738831 ) ) ;
#304 = CARTESIAN_POINT ( 'NONE',  ( 24.98954868776212024, 19.39190083398303344, -0.7270996903680937429 ) ) ;
#305 = CARTESIAN_POINT ( 'NONE',  ( -14.98917553135796332, 19.91923008135477957, -16.78034226122114703 ) ) ;
#306 = EDGE_CURVE ( 'NONE', #98, #1280, #341, .T. ) ;
#307 = CIRCLE ( 'NONE', #1317, 22.50000000000000355 ) ;
#308 = CARTESIAN_POINT ( 'NONE',  ( -17.60918382057531772, 19.20007876753756904, 17.74614877789525735 ) ) ;
#309 = CARTESIAN_POINT ( 'NONE',  ( -17.94189372936991589, 19.24650251432829862, -17.40968231922386522 ) ) ;
#310 = VERTEX_POINT ( 'NONE', #1610 ) ;
#311 = AXIS2_PLACEMENT_3D ( 'NONE', #1369, #265, #1084 ) ;
#312 = CARTESIAN_POINT ( 'NONE',  ( 18.34299560218563485, 19.55853030592676944, 16.98643519662392620 ) ) ;
#313 = DIRECTION ( 'NONE',  ( 0.000000000000000000, 0.000000000000000000, 1.000000000000000000 ) ) ;
#314 = CARTESIAN_POINT ( 'NONE',  ( -18.67321547392663561, 20.64999999999999858, 16.62260580848583658 ) ) ;
#315 = CARTESIAN_POINT ( 'NONE',  ( -1.672286062582468924, 44.87075176520141895, -9.484005543923823112 ) ) ;
#316 = CARTESIAN_POINT ( 'NONE',  ( 8.677435037599517287, 29.71824678313866741, -23.85759400464766600 ) ) ;
#317 = CARTESIAN_POINT ( 'NONE',  ( -1.091850805417459824, 21.60880711528351128, 24.97623564966127674 ) ) ;
#318 = CARTESIAN_POINT ( 'NONE',  ( -17.04238154066259625, 19.49594403330493719, -18.29107553703538258 ) ) ;
#319 = VERTEX_POINT ( 'NONE', #1154 ) ;
#320 = CARTESIAN_POINT ( 'NONE',  ( 0.1899235604805814270, 19.20938641231337840, 24.99945057307079566 ) ) ;
#321 = CARTESIAN_POINT ( 'NONE',  ( -1.258405499818964435, 21.37656689739758420, 22.46484353829184144 ) ) ;
#322 = CARTESIAN_POINT ( 'NONE',  ( -1.267423140586344754, 21.37926825542894349, -24.96795701433698511 ) ) ;
#323 = DIRECTION ( 'NONE',  ( -0.000000000000000000, -1.000000000000000000, -0.000000000000000000 ) ) ;
#324 = CARTESIAN_POINT ( 'NONE',  ( 17.43663554543374872, 110.0000000000000000, 6.346416324285773847 ) ) ;
#325 = CARTESIAN_POINT ( 'NONE',  ( -14.96183318334419354, 21.29313537457844063, -16.80460882141671775 ) ) ;
#326 = CARTESIAN_POINT ( 'NONE',  ( -22.45322916642503586, 20.64999999999999858, 1.450000000000078337 ) ) ;
#327 = CARTESIAN_POINT ( 'NONE',  ( 1.449999999999999956, 20.64999999999999858, -22.45322916642504296 ) ) ;
#328 = CARTESIAN_POINT ( 'NONE',  ( 17.81232401220667327, 19.20953018485652564, 17.54222626511428373 ) ) ;
#329 = CARTESIAN_POINT ( 'NONE',  ( -0.7265527709400272371, 21.90841377064923989, -24.98956462302871628 ) ) ;
#330 = CARTESIAN_POINT ( 'NONE',  ( 8.158795558326584541, 38.00000000000006395, -14.13144843558925245 ) ) ;
#331 = PLANE ( 'NONE',  #506 ) ;
#332 = CARTESIAN_POINT ( 'NONE',  ( 18.18645374514124313, 21.91724442323200250, -17.15468928187962305 ) ) ;
#333 = CARTESIAN_POINT ( 'NONE',  ( -22.49938016869686663, 19.20953188716350013, 0.1910010189651437096 ) ) ;
#334 = LINE ( 'NONE', #1960, #32 ) ;
#335 = CIRCLE ( 'NONE', #919, 25.00000000000000000 ) ;
#336 = ORIENTED_EDGE ( 'NONE', *, *, #438, .F. ) ;
#337 = ORIENTED_EDGE ( 'NONE', *, *, #1580, .T. ) ;
#338 = EDGE_CURVE ( 'NONE', #270, #1952, #1137, .T. ) ;
#339 = ORIENTED_EDGE ( 'NONE', *, *, #438, .T. ) ;
#340 = FACE_OUTER_BOUND ( 'NONE', #1796, .T. ) ;
#341 = LINE ( 'NONE', #15, #40 ) ;
#342 = CARTESIAN_POINT ( 'NONE',  ( 18.67321547392687009, 20.64999999999999858, 16.62260580848557723 ) ) ;
#343 = CARTESIAN_POINT ( 'NONE',  ( -14.85866983637816219, 20.84077539386463940, 16.89586564166620519 ) ) ;
#344 = CARTESIAN_POINT ( 'NONE',  ( -0.1912511380817890905, 19.20000000000000284, 25.00000000000000355 ) ) ;
#345 = CARTESIAN_POINT ( 'NONE',  ( -0.1907256600624245568, 19.20948021239863124, -24.99944509457456832 ) ) ;
#346 = CARTESIAN_POINT ( 'NONE',  ( 1.375808875368712991, 20.18237439913202635, -24.96214088485830018 ) ) ;
#347 = CARTESIAN_POINT ( 'NONE',  ( 16.52796992350227612, 21.80921761316485075, -15.26742095726196702 ) ) ;
#348 = B_SPLINE_CURVE_WITH_KNOTS ( 'NONE', 3,
 ( #1337, #846, #1981, #1180, #166, #325, #1156, #1800, #998, #1823, #1020, #1662, #648, #485, #1139, #1779, #593, #858, #1551, #244, #1056, #1846, #1878, #2032, #88, #1215, #714, #582 ),
 .UNSPECIFIED., .F., .F.,
 ( 4, 2, 2, 2, 2, 2, 2, 2, 2, 2, 2, 2, 2, 4 ),
 ( 0.000000000000000000, 0.0002834084802660878253, 0.0005668169605321756507, 0.0008502254407982634760, 0.001133633921064351301, 0.001700450881596519796, 0.002267267842128688291, 0.002550676322394772755, 0.002834084802660856352, 0.003117493282926940817, 0.003400901763193025281, 0.003967718723725184235, 0.004251127203991259158, 0.004534535684257334949 ),
 .UNSPECIFIED. ) ;
#349 = EDGE_LOOP ( 'NONE', ( #873, #700, #158, #1850, #769, #1910 ) ) ;
#350 = DIRECTION ( 'NONE',  ( -2.392722035830078873E-15, 0.000000000000000000, -1.000000000000000000 ) ) ;
#351 = LINE ( 'NONE', #315, #1919 ) ;
#352 = DIRECTION ( 'NONE',  ( -2.392722035830078873E-15, 0.000000000000000000, -1.000000000000000000 ) ) ;
#353 = CARTESIAN_POINT ( 'NONE',  ( 17.94515835212946442, 22.06185725580960622, -17.40694562233695919 ) ) ;
#354 = CARTESIAN_POINT ( 'NONE',  ( 6.889512293469427284, 27.99999999999999645, -11.93298533165969566 ) ) ;
#355 = CARTESIAN_POINT ( 'NONE',  ( -0.4676381402573420720, 22.02580982159877721, -22.49531131318942201 ) ) ;
#356 = VECTOR ( 'NONE', #2075, 1000.000000000000114 ) ;
#357 = VERTEX_POINT ( 'NONE', #1639 ) ;
#358 = CARTESIAN_POINT ( 'NONE',  ( 0.3754038070851379305, 19.24625127511436062, 22.49705918861315368 ) ) ;
#359 = ORIENTED_EDGE ( 'NONE', *, *, #1122, .T. ) ;
#360 = CARTESIAN_POINT ( 'NONE',  ( 0.000000000000000000, 20.64999999999999858, -25.00000000000000000 ) ) ;
#361 = CARTESIAN_POINT ( 'NONE',  ( -17.21788521776728942, 21.95352747359352463, 18.12600727646976040 ) ) ;
#362 = CARTESIAN_POINT ( 'NONE',  ( 1.258480323072443507, 19.92355566525439414, -22.46483940588006689 ) ) ;
#363 = DIRECTION ( 'NONE',  ( -0.1736481776669386579, 0.000000000000000000, -0.9848077530122065770 ) ) ;
#364 = ADVANCED_FACE ( 'NONE', ( #1809 ), #141, .F. ) ;
#365 = CARTESIAN_POINT ( 'NONE',  ( -14.90715029419956927, 21.11702381800047590, 16.85313617322233881 ) ) ;
#366 = CYLINDRICAL_SURFACE ( 'NONE', #125, 1.449999999999998179 ) ;
#367 = CARTESIAN_POINT ( 'NONE',  ( -25.00000000000000000, 110.0000000000000000, 0.000000000000000000 ) ) ;
#368 = EDGE_CURVE ( 'NONE', #114, #1804, #174, .T. ) ;
#369 = CARTESIAN_POINT ( 'NONE',  ( 1.403457206642568122, 21.02654011187321714, 22.45619408196216327 ) ) ;
#370 = EDGE_LOOP ( 'NONE', ( #904, #272, #84, #1682 ) ) ;
#371 = LINE ( 'NONE', #760, #1762 ) ;
#372 = AXIS2_PLACEMENT_3D ( 'NONE', #295, #1087, #596 ) ;
#373 = DIRECTION ( 'NONE',  ( -0.1736481776669385468, 0.000000000000000000, -0.9848077530122065770 ) ) ;
#374 = ORIENTED_EDGE ( 'NONE', *, *, #283, .F. ) ;
#375 = CARTESIAN_POINT ( 'NONE',  ( -16.62260580848563762, 20.64999999999999858, 18.67321547392680614 ) ) ;
#376 = CARTESIAN_POINT ( 'NONE',  ( 1.440610853894399135, 20.46005563602241750, -22.45384112872191196 ) ) ;
#377 = CARTESIAN_POINT ( 'NONE',  ( 15.06908053399554070, 19.75917606119070413, -16.70900032753691633 ) ) ;
#378 = B_SPLINE_CURVE_WITH_KNOTS ( 'NONE', 3,
 ( #1069, #892, #745, #735, #902, #1712, #546, #1231, #381, #1394, #1688, #403, #260, #2022, #233, #880, #1217, #2046, #1243, #1880, #428, #869, #1703, #1078 ),
 .UNSPECIFIED., .F., .F.,
 ( 4, 2, 2, 2, 2, 2, 2, 2, 2, 2, 2, 4 ),
 ( 0.004534535684257337551, 0.005101222633952429489, 0.005667909583647521427, 0.005951253058495070865, 0.006234596533342620303, 0.006517940008190168874, 0.006801283483037719180, 0.007367970432732817189, 0.007651313907580364025, 0.007934657382427909994, 0.008501344332123012340, 0.009068031281818112951 ),
 .UNSPECIFIED. ) ;
#379 = DIRECTION ( 'NONE',  ( -0.7071067811865389130, -0.000000000000000000, 0.7071067811865561215 ) ) ;
#380 = CARTESIAN_POINT ( 'NONE',  ( -0.8899985896058429935, 19.48937959694475452, -24.98452022185906074 ) ) ;
#381 = CARTESIAN_POINT ( 'NONE',  ( 22.49095607273357089, 19.34733859074379581, -0.6438848239858958600 ) ) ;
#382 = CARTESIAN_POINT ( 'NONE',  ( -24.99580037969376889, 22.02617301739971367, 0.4665560388045560947 ) ) ;
#383 = CARTESIAN_POINT ( 'NONE',  ( 12.50589417353390687, 110.0000000000000000, -7.220281367546923512 ) ) ;
#384 = VERTEX_POINT ( 'NONE', #1480 ) ;
#385 = CARTESIAN_POINT ( 'NONE',  ( 17.15738044098885950, 19.39092837485024035, 18.18324803994665473 ) ) ;
#386 = EDGE_LOOP ( 'NONE', ( #1381, #2038 ) ) ;
#387 = CARTESIAN_POINT ( 'NONE',  ( 18.64217961331156559, 21.02660701648794017, 16.65741528632759483 ) ) ;
#388 = FACE_OUTER_BOUND ( 'NONE', #1807, .T. ) ;
#389 = CARTESIAN_POINT ( 'NONE',  ( 15.38754293305855114, 19.39191008746354683, -16.41583809326111165 ) ) ;
#390 = DIRECTION ( 'NONE',  ( 0.7071067811865439090, -0.000000000000000000, -0.7071067811865512365 ) ) ;
#391 = FACE_OUTER_BOUND ( 'NONE', #1625, .T. ) ;
#392 = CARTESIAN_POINT ( 'NONE',  ( -24.99734299331395349, 22.05356634839440844, 0.3761551069321045770 ) ) ;
#393 = VERTEX_POINT ( 'NONE', #832 ) ;
#394 = CARTESIAN_POINT ( 'NONE',  ( 2.755455297896063857E-15, 19.19999999999999929, 22.50000000000000355 ) ) ;
#395 = ORIENTED_EDGE ( 'NONE', *, *, #1994, .T. ) ;
#396 = CARTESIAN_POINT ( 'NONE',  ( 14.85152577039437105, 20.64999999999999858, 16.90213543583507771 ) ) ;
#397 = EDGE_CURVE ( 'NONE', #1053, #2040, #1778, .T. ) ;
#398 = ORIENTED_EDGE ( 'NONE', *, *, #1587, .T. ) ;
#399 = DIRECTION ( 'NONE',  ( 0.000000000000000000, 0.000000000000000000, 1.000000000000000000 ) ) ;
#400 = CARTESIAN_POINT ( 'NONE',  ( 15.44821222905511249, 19.34733859074379581, -16.35880287974223180 ) ) ;
#401 = CARTESIAN_POINT ( 'NONE',  ( 6.889512293469427284, 110.0000000000000000, -11.93298533165969566 ) ) ;
#402 = CARTESIAN_POINT ( 'NONE',  ( -0.9581139547955099811, 19.55754459959102576, 24.98172328817528509 ) ) ;
#403 = CARTESIAN_POINT ( 'NONE',  ( 22.49938016869686308, 19.20953188716349302, -0.1910010189653020829 ) ) ;
#404 = B_SPLINE_CURVE_WITH_KNOTS ( 'NONE', 3,
 ( #981, #674, #468, #138, #1775, #459, #1454, #1753, #1150, #129, #1444, #320, #479, #299 ),
 .UNSPECIFIED., .F., .F.,
 ( 4, 2, 2, 2, 2, 2, 4 ),
 ( 0.004534312584917975578, 0.005101264893430342180, 0.005668217201942708783, 0.005951693356198892518, 0.006235169510455075385, 0.006518645664711259120, 0.006802121818967442855 ),
 .UNSPECIFIED. ) ;
#405 = AXIS2_PLACEMENT_3D ( 'NONE', #661, #1594, #2083 ) ;
#406 = EDGE_CURVE ( 'NONE', #1676, #2053, #691, .T. ) ;
#407 = EDGE_LOOP ( 'NONE', ( #1142, #1728, #432, #414, #1329, #281 ) ) ;
#408 = CARTESIAN_POINT ( 'NONE',  ( 0.000000000000000000, 0.000000000000000000, 0.000000000000000000 ) ) ;
#409 = ORIENTED_EDGE ( 'NONE', *, *, #906, .F. ) ;
#410 = CARTESIAN_POINT ( 'NONE',  ( 6.591949208711866959E-14, 27.99999999999999645, 17.71397255610128241 ) ) ;
#411 = VECTOR ( 'NONE', #30, 1000.000000000000000 ) ;
#412 = CARTESIAN_POINT ( 'NONE',  ( -1.403453192947977879, 20.27342902944117142, -24.96058220541656425 ) ) ;
#413 = AXIS2_PLACEMENT_3D ( 'NONE', #1588, #1608, #461 ) ;
#414 = ORIENTED_EDGE ( 'NONE', *, *, #298, .T. ) ;
#415 = CARTESIAN_POINT ( 'NONE',  ( 0.3817670586936938171, 22.06151761834285097, -24.99769303108709195 ) ) ;
#416 = CARTESIAN_POINT ( 'NONE',  ( 0.7273481085529737156, 21.90792946667901120, 22.48837785730465910 ) ) ;
#417 = DIRECTION ( 'NONE',  ( -1.000000000000000000, -0.000000000000000000, 1.047444401652940007E-14 ) ) ;
#418 = PRESENTATION_STYLE_ASSIGNMENT (( #1191 ) ) ;
#419 = ORIENTED_EDGE ( 'NONE', *, *, #1722, .T. ) ;
#420 = CARTESIAN_POINT ( 'NONE',  ( 16.41583809326106547, 19.39191008746355394, 15.38754293305861509 ) ) ;
#421 = CARTESIAN_POINT ( 'NONE',  ( -0.4669212075645619575, 19.27394693243802593, -22.49532626758928444 ) ) ;
#422 = EDGE_LOOP ( 'NONE', ( #112, #1562 ) ) ;
#423 = LINE ( 'NONE', #1072, #196 ) ;
#424 = ORIENTED_EDGE ( 'NONE', *, *, #2097, .T. ) ;
#425 = FACE_BOUND ( 'NONE', #1708, .T. ) ;
#426 = CARTESIAN_POINT ( 'NONE',  ( 24.95791457634229715, 20.64999999999999858, -1.450000000000261302 ) ) ;
#427 = CARTESIAN_POINT ( 'NONE',  ( -15.06908053399565439, 19.75917606119070769, 16.70900032753681330 ) ) ;
#428 = CARTESIAN_POINT ( 'NONE',  ( 22.46444146615936788, 19.91923008135477957, 1.266546140921792185 ) ) ;
#429 = CARTESIAN_POINT ( 'NONE',  ( 22.45619540389767010, 21.02662389163469925, -1.403436165166076277 ) ) ;
#430 = VERTEX_POINT ( 'NONE', #972 ) ;
#431 = CARTESIAN_POINT ( 'NONE',  ( -17.34338393775125198, 19.27449740207909201, 18.00596358229174143 ) ) ;
#432 = ORIENTED_EDGE ( 'NONE', *, *, #2097, .F. ) ;
#433 = PLANE ( 'NONE',  #311 ) ;
#434 = CARTESIAN_POINT ( 'NONE',  ( 17.34338393775113474, 19.27449740207909556, -18.00596358229185867 ) ) ;
#435 = DIRECTION ( 'NONE',  ( -0.1736481776669385191, -0.000000000000000000, -0.9848077530122065770 ) ) ;
#436 = CARTESIAN_POINT ( 'NONE',  ( -15.06992815864226110, 19.75766262175231702, -16.70823825951277186 ) ) ;
#437 = EDGE_CURVE ( 'NONE', #393, #357, #171, .T. ) ;
#438 = EDGE_CURVE ( 'NONE', #114, #1816, #2068, .T. ) ;
#439 = CARTESIAN_POINT ( 'NONE',  ( 16.90213543583533706, 20.64999999999999858, 14.85152577039407795 ) ) ;
#440 = EDGE_LOOP ( 'NONE', ( #1248, #2116 ) ) ;
#441 = ORIENTED_EDGE ( 'NONE', *, *, #1127, .F. ) ;
#442 = CARTESIAN_POINT ( 'NONE',  ( -24.98954868776213090, 19.39190083398302633, 0.7270996903679189938 ) ) ;
#443 = EDGE_CURVE ( 'NONE', #185, #1452, #663, .T. ) ;
#444 = CARTESIAN_POINT ( 'NONE',  ( -14.88018743082402473, 20.26998498326822684, 16.87706304263911505 ) ) ;
#445 = DIRECTION ( 'NONE',  ( -1.000000000000000000, 0.000000000000000000, 0.000000000000000000 ) ) ;
#446 = LINE ( 'NONE', #294, #1915 ) ;
#447 = CARTESIAN_POINT ( 'NONE',  ( -16.23786886957152120, 19.27449952282072942, -15.57527872324572193 ) ) ;
#448 = CARTESIAN_POINT ( 'NONE',  ( 15.06992815864238189, 19.75766262175231702, 16.70823825951267239 ) ) ;
#449 = ORIENTED_EDGE ( 'NONE', *, *, #1615, .T. ) ;
#450 = B_SPLINE_CURVE_WITH_KNOTS ( 'NONE', 3,
 ( #439, #1088, #1425, #104, #1234, #607, #926, #420, #933, #748, #2069, #1909, #1714, #2077, #737, #1070, #1578, #1262, #1899, #448, #81, #261, #457, #624 ),
 .UNSPECIFIED., .F., .F.,
 ( 4, 2, 2, 2, 2, 2, 2, 2, 2, 2, 2, 4 ),
 ( 0.004534535684257330612, 0.005101222633952432958, 0.005667909583647535304, 0.005951253058495085610, 0.006234596533342636783, 0.006517940008190187956, 0.006801283483037738262, 0.007367970432732833669, 0.007651313907580377036, 0.007934657382427920402, 0.008501344332123010605, 0.009068031281818100808 ),
 .UNSPECIFIED. ) ;
#451 = LINE ( 'NONE', #1776, #753 ) ;
#452 = CARTESIAN_POINT ( 'NONE',  ( -18.62377052597063098, 21.11751517043449411, 16.67802447190012316 ) ) ;
#453 = CARTESIAN_POINT ( 'NONE',  ( -22.49704751514392242, 22.05356277026863410, 0.3761689302098871757 ) ) ;
#454 = CARTESIAN_POINT ( 'NONE',  ( 24.95791457634232913, 20.64999999999999858, 1.449999999999738387 ) ) ;
#455 = B_SPLINE_CURVE_WITH_KNOTS ( 'NONE', 3,
 ( #1188, #1995, #1076, #743, #1229, #543, #2043, #1509, #43, #1032, #1685, #1673, #1529, #68, #870, #392, #382, #559, #585, #1218, #1849, #1036, #1049, #698, #1689, #1985, #221, #234 ),
 .UNSPECIFIED., .F., .F.,
 ( 4, 2, 2, 2, 2, 2, 2, 2, 2, 2, 2, 2, 2, 4 ),
 ( 0.000000000000000000, 0.0002833945365573758588, 0.0005667890731147517177, 0.0008501836096721275765, 0.001133578146229503435, 0.001700367219344247997, 0.002267156292458992993, 0.002550550829016365491, 0.002833945365573737121, 0.003117339902131109619, 0.003400734438688481683, 0.003967523511803233184, 0.004250918048360603947, 0.004534312584917974710 ),
 .UNSPECIFIED. ) ;
#456 = EDGE_CURVE ( 'NONE', #1333, #1614, #335, .T. ) ;
#457 = CARTESIAN_POINT ( 'NONE',  ( 14.85152577039437460, 20.45838077413024436, 16.90213543583508127 ) ) ;
#458 = ORIENTED_EDGE ( 'NONE', *, *, #1412, .F. ) ;
#459 = CARTESIAN_POINT ( 'NONE',  ( 0.9587558880270333761, 19.55810673542083578, 24.98169857939978655 ) ) ;
#460 = APPLICATION_PROTOCOL_DEFINITION ( 'draft international standard', 'automotive_design', 1998, #1766 ) ;
#461 = DIRECTION ( 'NONE',  ( -0.7660444431189792347, 0.000000000000000000, 0.6427876096865379196 ) ) ;
#462 = CARTESIAN_POINT ( 'NONE',  ( 0.000000000000000000, 22.09999999999999787, -25.00000000000000000 ) ) ;
#463 = FACE_OUTER_BOUND ( 'NONE', #909, .T. ) ;
#464 = CARTESIAN_POINT ( 'NONE',  ( -16.35880287974207192, 19.34733859074379936, -15.44821222905528479 ) ) ;
#465 = CARTESIAN_POINT ( 'NONE',  ( -16.83893382464940558, 19.75917930020669999, 18.47885767715906979 ) ) ;
#466 = CARTESIAN_POINT ( 'NONE',  ( -22.47971103846787955, 19.55712889155461198, -0.9576438470572056216 ) ) ;
#467 = ORIENTED_EDGE ( 'NONE', *, *, #406, .T. ) ;
#468 = CARTESIAN_POINT ( 'NONE',  ( 1.411968863954208508, 20.26980547926989118, 24.96020002859057030 ) ) ;
#469 = CARTESIAN_POINT ( 'NONE',  ( -1.440534550646454415, 20.45935080458746569, -22.45384611629251737 ) ) ;
#470 = AXIS2_PLACEMENT_3D ( 'NONE', #330, #1144, #668 ) ;
#471 = CARTESIAN_POINT ( 'NONE',  ( 23.97469516727973371, 20.64999999999999858, 26.02530483272028405 ) ) ;
#472 = CARTESIAN_POINT ( 'NONE',  ( -22.50000217560175031, 22.10003375933953507, 0.09408257723733373656 ) ) ;
#473 = DIRECTION ( 'NONE',  ( -0.9396926207859118696, 0.000000000000000000, -0.3420201433256591095 ) ) ;
#474 = AXIS2_PLACEMENT_3D ( 'NONE', #859, #1483, #44 ) ;
#475 = CARTESIAN_POINT ( 'NONE',  ( -1.450000000000000178, 20.74584836902288032, 24.95791457634231492 ) ) ;
#476 = CARTESIAN_POINT ( 'NONE',  ( -22.47055696795204938, 19.75766262175231702, -1.158460182011916029 ) ) ;
#477 = VERTEX_POINT ( 'NONE', #1992 ) ;
#478 = B_SPLINE_CURVE_WITH_KNOTS ( 'NONE', 3,
 ( #1379, #2027, #1224, #1561, #750, #1402, #1884, #1570, #518, #154, #825, #975, #1009, #176, #189, #1325, #1296, #1146, #834, #1473, #1496, #1791, #802, #365, #814, #343, #1622, #1957 ),
 .UNSPECIFIED., .F., .F.,
 ( 4, 2, 2, 2, 2, 2, 2, 2, 2, 2, 2, 2, 2, 4 ),
 ( 0.000000000000000000, 0.0002834084802660905358, 0.0005668169605321810717, 0.0008502254407982716075, 0.001133633921064362143, 0.001700450881596535842, 0.002267267842128709542, 0.002550676322394789235, 0.002834084802660868495, 0.003117493282926947756, 0.003400901763193027449, 0.003967718723725184235, 0.004251127203991257424, 0.004534535684257329745 ),
 .UNSPECIFIED. ) ;
#479 = CARTESIAN_POINT ( 'NONE',  ( 0.09572445551259398111, 19.19999999999999574, 24.99999999999999645 ) ) ;
#480 =( LENGTH_UNIT ( ) NAMED_UNIT ( * ) SI_UNIT ( .MILLI., .METRE. ) );
#481 = LINE ( 'NONE', #1737, #780 ) ;
#482 = CARTESIAN_POINT ( 'NONE',  ( 24.99999607526473611, 22.09993233214628106, 0.1897104439196375947 ) ) ;
#483 = CARTESIAN_POINT ( 'NONE',  ( 0.000000000000000000, 0.000000000000000000, -22.50000000000000355 ) ) ;
#484 = CARTESIAN_POINT ( 'NONE',  ( 25.00000000000028066, 20.64999999999999858, 1.449999999999737943 ) ) ;
#485 = CARTESIAN_POINT ( 'NONE',  ( -15.97643054343605939, 22.10003375933952796, -15.84337768672405744 ) ) ;
#486 = CARTESIAN_POINT ( 'NONE',  ( -22.47049647028405417, 19.75917606119071479, 1.159598406614953170 ) ) ;
#487 = ADVANCED_FACE ( 'NONE', ( #216, #52 ), #712, .F. ) ;
#488 = CARTESIAN_POINT ( 'NONE',  ( 1.450000000000000178, 20.84128104375336576, -22.45322916642504296 ) ) ;
#489 = ORIENTED_EDGE ( 'NONE', *, *, #2093, .T. ) ;
#490 = CARTESIAN_POINT ( 'NONE',  ( 24.96058292667291667, 21.02660701648794372, -1.403440314667564692 ) ) ;
#491 = CARTESIAN_POINT ( 'NONE',  ( 6.147987464839955505E-24, 19.19999999999999929, -22.50000000000000355 ) ) ;
#492 = DIRECTION ( 'NONE',  ( 0.7660444431189841197, 0.000000000000000000, 0.6427876096865321465 ) ) ;
#493 = CARTESIAN_POINT ( 'NONE',  ( 18.66695446874349429, 20.84004748575756594, -16.62964676276110865 ) ) ;
#494 = CARTESIAN_POINT ( 'NONE',  ( -22.46444146615936432, 19.91923008135478312, -1.266546140921948949 ) ) ;
#495 = CARTESIAN_POINT ( 'NONE',  ( -1.449999999999999956, 20.64999999999999858, -22.45322916642504296 ) ) ;
#496 = ADVANCED_FACE ( 'NONE', ( #388 ), #1018, .F. ) ;
#497 = B_SPLINE_CURVE_WITH_KNOTS ( 'NONE', 3,
 ( #519, #344, #177, #33, #835, #1326, #402, #2056, #109, #1405, #2064, #1251 ),
 .UNSPECIFIED., .F., .F.,
 ( 4, 2, 2, 2, 2, 4 ),
 ( 0.006802121818967442855, 0.007368488447330390038, 0.007651671761511861895, 0.007934855075693332885, 0.008501221704056276599, 0.009067588332419220312 ),
 .UNSPECIFIED. ) ;
#498 = ORIENTED_EDGE ( 'NONE', *, *, #1790, .T. ) ;
#499 = EDGE_LOOP ( 'NONE', ( #1900, #22, #241, #82, #1617, #1488 ) ) ;
#500 = ORIENTED_EDGE ( 'NONE', *, *, #964, .T. ) ;
#501 = CARTESIAN_POINT ( 'NONE',  ( 18.34173955483570495, 21.74319718794886924, 16.98779506751620616 ) ) ;
#502 = DIRECTION ( 'NONE',  ( -0.000000000000000000, -0.000000000000000000, 1.000000000000000000 ) ) ;
#503 = PLANE ( 'NONE',  #1962 ) ;
#504 = EDGE_CURVE ( 'NONE', #1892, #754, #1898, .T. ) ;
#505 = CARTESIAN_POINT ( 'NONE',  ( 16.65741528632753088, 21.02660701648794017, -18.64217961331162599 ) ) ;
#506 = AXIS2_PLACEMENT_3D ( 'NONE', #175, #1449, #473 ) ;
#507 = B_SPLINE_CURVE_WITH_KNOTS ( 'NONE', 3,
 ( #42, #231, #67, #1822, #377, #529, #1857, #389, #400, #878, #1495, #1993, #1046, #217, #1055, #1684, #1528, #890, #1661, #1980, #1178, #713, #692, #724 ),
 .UNSPECIFIED., .F., .F.,
 ( 4, 2, 2, 2, 2, 2, 2, 2, 2, 2, 2, 4 ),
 ( 0.004534535684257328877, 0.005101222633952419080, 0.005667909583647509283, 0.005951253058495056120, 0.006234596533342602956, 0.006517940008190149792, 0.006801283483037695761, 0.007367970432732795505, 0.007651313907580342341, 0.007934657382427887443, 0.008501344332122991523, 0.009068031281818093869 ),
 .UNSPECIFIED. ) ;
#508 = CARTESIAN_POINT ( 'NONE',  ( -17.74419435820751545, 22.10003369518804561, -17.61114746494681071 ) ) ;
#509 = CARTESIAN_POINT ( 'NONE',  ( 1.153140547130624194, 19.76582648283019594, -24.97344686066921682 ) ) ;
#510 = VECTOR ( 'NONE', #1187, 1000.000000000000000 ) ;
#511 = ORIENTED_EDGE ( 'NONE', *, *, #1348, .T. ) ;
#512 = CARTESIAN_POINT ( 'NONE',  ( 16.90213543583533706, 20.64999999999999858, 14.85152577039407795 ) ) ;
#513 = AXIS2_PLACEMENT_3D ( 'NONE', #667, #1659, #350 ) ;
#514 = COLOUR_RGB ( '',0.7921568627450980005, 0.8196078431372548767, 0.9333333333333333481 ) ;
#515 = CARTESIAN_POINT ( 'NONE',  ( -17.34479501082447683, 22.02617301739971367, 18.00460488850901442 ) ) ;
#516 = LINE ( 'NONE', #1177, #1476 ) ;
#517 = CARTESIAN_POINT ( 'NONE',  ( 0.000000000000000000, 0.000000000000000000, 0.000000000000000000 ) ) ;
#518 = CARTESIAN_POINT ( 'NONE',  ( -16.66338654120703211, 21.60863183725304282, 15.11906187889744579 ) ) ;
#519 = CARTESIAN_POINT ( 'NONE',  ( 3.061616997402319681E-15, 19.19999999999999929, 25.00000000000000000 ) ) ;
#520 = LINE ( 'NONE', #191, #1829 ) ;
#521 = LINE ( 'NONE', #1170, #1500 ) ;
#522 = CARTESIAN_POINT ( 'NONE',  ( 3.061616997868383043E-15, 30.00000000000000000, 25.00000000000000000 ) ) ;
#523 = ORIENTED_EDGE ( 'NONE', *, *, #1190, .T. ) ;
#524 = CARTESIAN_POINT ( 'NONE',  ( 15.44946626839820603, 21.95351700147079654, -16.35761915982360648 ) ) ;
#525 = EDGE_CURVE ( 'NONE', #192, #1015, #1554, .T. ) ;
#526 = ADVANCED_FACE ( 'NONE', ( #758, #615, #92, #1395 ), #1424, .T. ) ;
#527 = CARTESIAN_POINT ( 'NONE',  ( -17.04151034852044688, 21.80312911125771791, 18.29188625470537488 ) ) ;
#528 = CARTESIAN_POINT ( 'NONE',  ( 24.96800161662045880, 19.91924424913933578, 1.266554802787409173 ) ) ;
#529 = CARTESIAN_POINT ( 'NONE',  ( 15.21722817131527172, 19.55852982641096816, -16.57378764204329613 ) ) ;
#530 = CARTESIAN_POINT ( 'NONE',  ( 17.34479501082435249, 22.02617301739971367, -18.00460488850913165 ) ) ;
#531 = CARTESIAN_POINT ( 'NONE',  ( 14.80990663630108628, 110.0000000000000000, -8.550503583141834341 ) ) ;
#532 = CARTESIAN_POINT ( 'NONE',  ( 25.46216653808342301, 30.07310249609997754, -5.200014874776848650 ) ) ;
#533 = CARTESIAN_POINT ( 'NONE',  ( 1.091893493487483324, 19.69124437267539918, -24.97623371636965928 ) ) ;
#534 = CARTESIAN_POINT ( 'NONE',  ( 16.85313617322238144, 21.11702381800047590, 14.90715029419951065 ) ) ;
#535 = ORIENTED_EDGE ( 'NONE', *, *, #842, .T. ) ;
#536 = EDGE_CURVE ( 'NONE', #1368, #310, #786, .T. ) ;
#537 = CARTESIAN_POINT ( 'NONE',  ( 16.04405302893831831, 22.09993220281346993, -15.77574594554268295 ) ) ;
#538 = PRODUCT_DEFINITION_CONTEXT ( 'detailed design', #1766, 'design' ) ;
#539 = ORIENTED_EDGE ( 'NONE', *, *, #1817, .T. ) ;
#540 = CARTESIAN_POINT ( 'NONE',  ( 16.76540302671319438, 21.37640257111855391, 18.54518905246008842 ) ) ;
#541 = DIRECTION ( 'NONE',  ( -0.3420201433256591095, 0.000000000000000000, 0.9396926207859118696 ) ) ;
#542 = DIRECTION ( 'NONE',  ( -0.6427876096865436928, 0.000000000000000000, -0.7660444431189744607 ) ) ;
#543 = CARTESIAN_POINT ( 'NONE',  ( -24.96604488489236218, 21.29311942374651423, -1.303047080827066662 ) ) ;
#544 = CARTESIAN_POINT ( 'NONE',  ( -17.15468928187944186, 21.91724442323200250, -18.18645374514142077 ) ) ;
#545 = CARTESIAN_POINT ( 'NONE',  ( -1.152944481343564531, 19.76561234927689625, -24.97345553552737840 ) ) ;
#546 = CARTESIAN_POINT ( 'NONE',  ( 22.48273757897855774, 19.49728280979001127, -0.8847196028507634535 ) ) ;
#547 = CARTESIAN_POINT ( 'NONE',  ( -16.84120444167330533, 27.39790117623702059, -22.41610656644933286 ) ) ;
#548 = ORIENTED_EDGE ( 'NONE', *, *, #1127, .T. ) ;
#549 = DIRECTION ( 'NONE',  ( 0.000000000000000000, 1.000000000000000000, 0.000000000000000000 ) ) ;
#550 = VECTOR ( 'NONE', #2082, 1000.000000000000000 ) ;
#551 = CARTESIAN_POINT ( 'NONE',  ( 16.65148094214885077, 20.26803843530322524, 18.64761240023182864 ) ) ;
#552 = ORIENTED_EDGE ( 'NONE', *, *, #1946, .T. ) ;
#553 = CARTESIAN_POINT ( 'NONE',  ( 16.88869486055948599, 21.60862671755550579, 18.43302654920846351 ) ) ;
#554 = CARTESIAN_POINT ( 'NONE',  ( 0.000000000000000000, 27.99999999999999645, 0.000000000000000000 ) ) ;
#555 = CARTESIAN_POINT ( 'NONE',  ( 12.50589417353390687, 27.99999999999999645, -7.220281367546923512 ) ) ;
#556 = B_SPLINE_CURVE_WITH_KNOTS ( 'NONE', 3,
 ( #462, #2087, #151, #1787, #1931, #637, #329, #1269, #2109, #1777, #322, #810, #1143, #1921 ),
 .UNSPECIFIED., .F., .F.,
 ( 4, 2, 2, 2, 2, 2, 4 ),
 ( 0.000000000000000000, 0.0002834591954610163615, 0.0005669183909220327231, 0.0008503775863830491388, 0.001133836781844065446, 0.001700755172766105867, 0.002267673563688146071 ),
 .UNSPECIFIED. ) ;
#557 = CARTESIAN_POINT ( 'NONE',  ( 8.196568423990413521E-14, 38.00000000000007816, 20.97749077943198870 ) ) ;
#558 = FILL_AREA_STYLE ('',( #1353 ) ) ;
#559 = CARTESIAN_POINT ( 'NONE',  ( -24.99190605620334438, 21.95352747359353174, 0.6421392658535632902 ) ) ;
#560 = ADVANCED_FACE ( 'NONE', ( #1407 ), #2058, .F. ) ;
#561 = ORIENTED_EDGE ( 'NONE', *, *, #80, .F. ) ;
#562 = CARTESIAN_POINT ( 'NONE',  ( 1.159312086190025237, 19.75878209623921933, 22.47051198784502901 ) ) ;
#563 = B_SPLINE_CURVE_WITH_KNOTS ( 'NONE', 3,
 ( #838, #1665, #1532, #1513, #1675, #1654, #1998, #571, #1192, #223, #193, #57, #727, #1373, #1485, #684, #1339, #46, #1969, #717, #1502, #1026, #1487, #534, #1172, #1815, #840, #23 ),
 .UNSPECIFIED., .F., .F.,
 ( 4, 2, 2, 2, 2, 2, 2, 2, 2, 2, 2, 2, 2, 4 ),
 ( 0.000000000000000000, 0.0002834084802660920537, 0.0005668169605321841074, 0.0008502254407982761612, 0.001133633921064368215, 0.001700450881596542131, 0.002267267842128716047, 0.002550676322394795741, 0.002834084802660875001, 0.003117493282926954695, 0.003400901763193033521, 0.003967718723725188572, 0.004251127203991259158, 0.004534535684257330612 ),
 .UNSPECIFIED. ) ;
#564 = FACE_OUTER_BOUND ( 'NONE', #777, .T. ) ;
#565 = ORIENTED_EDGE ( 'NONE', *, *, #2048, .T. ) ;
#566 = CARTESIAN_POINT ( 'NONE',  ( 15.84337768672389934, 22.10003375933952796, -15.97643054343622282 ) ) ;
#567 = ORIENTED_EDGE ( 'NONE', *, *, #1587, .F. ) ;
#568 = CARTESIAN_POINT ( 'NONE',  ( 1.303190251031178581, 21.29283237146746899, -24.96603739362711849 ) ) ;
#569 = DIRECTION ( 'NONE',  ( -0.000000000000000000, -1.000000000000000000, -0.000000000000000000 ) ) ;
#570 = CARTESIAN_POINT ( 'NONE',  ( 1.160620560827221981, 21.53999837660909478, 24.97341207426329390 ) ) ;
#571 = CARTESIAN_POINT ( 'NONE',  ( 15.07356693469395559, 21.53402852147074853, 16.70450110055964643 ) ) ;
#572 = EDGE_LOOP ( 'NONE', ( #1826, #1872 ) ) ;
#573 = CARTESIAN_POINT ( 'NONE',  ( -0.1912810935565065207, 19.20000000000000639, 22.50000000000000711 ) ) ;
#574 = CARTESIAN_POINT ( 'NONE',  ( 25.00000000000021672, 20.64999999999999858, 24.99999999999978328 ) ) ;
#575 = ORIENTED_EDGE ( 'NONE', *, *, #443, .T. ) ;
#576 = CARTESIAN_POINT ( 'NONE',  ( -1.440589843365824629, 20.84009047997694708, 24.95846633518708302 ) ) ;
#577 = CARTESIAN_POINT ( 'NONE',  ( -1.449999999999999956, 20.64999999999999858, -24.95791457634231492 ) ) ;
#578 = VECTOR ( 'NONE', #1323, 1000.000000000000000 ) ;
#579 = ORIENTED_EDGE ( 'NONE', *, *, #1626, .T. ) ;
#580 = CARTESIAN_POINT ( 'NONE',  ( -24.95791457634231847, 20.64999999999999858, -1.449999999999912692 ) ) ;
#581 = CARTESIAN_POINT ( 'NONE',  ( 14.72397660760249494, 27.99999999999999645, 5.359089215199046130 ) ) ;
#582 = CARTESIAN_POINT ( 'NONE',  ( -16.90213543583523759, 20.64999999999999858, -14.85152577039419519 ) ) ;
#583 = EDGE_CURVE ( 'NONE', #1974, #1634, #1277, .T. ) ;
#584 = CARTESIAN_POINT ( 'NONE',  ( 14.80990663630108628, 110.0000000000000000, -8.550503583141834341 ) ) ;
#585 = CARTESIAN_POINT ( 'NONE',  ( -24.98954979995799164, 21.90811294858030323, 0.7270340495660113644 ) ) ;
#586 = CARTESIAN_POINT ( 'NONE',  ( 22.48273650226529696, 21.80921761316485075, 0.8913427220462484257 ) ) ;
#587 = VERTEX_POINT ( 'NONE', #277 ) ;
#588 = CARTESIAN_POINT ( 'NONE',  ( -17.81212381685475421, 19.19984392139582141, 17.54322804472010944 ) ) ;
#589 = VECTOR ( 'NONE', #1698, 999.9999999999998863 ) ;
#590 = AXIS2_PLACEMENT_3D ( 'NONE', #574, #1222, #250 ) ;
#591 = ORIENTED_EDGE ( 'NONE', *, *, #906, .T. ) ;
#592 = FACE_OUTER_BOUND ( 'NONE', #1595, .T. ) ;
#593 = CARTESIAN_POINT ( 'NONE',  ( -16.23651903821806997, 22.02616783709860826, -15.57668649224810586 ) ) ;
#594 = CARTESIAN_POINT ( 'NONE',  ( -14.85152577039413657, 20.64999999999999858, 16.90213543583529088 ) ) ;
#595 = DIRECTION ( 'NONE',  ( 0.7660444431189792347, 0.000000000000000000, -0.6427876096865379196 ) ) ;
#596 = DIRECTION ( 'NONE',  ( 0.000000000000000000, 0.000000000000000000, -1.000000000000000000 ) ) ;
#597 = CARTESIAN_POINT ( 'NONE',  ( 22.45384226332059541, 20.84005662128004133, 1.440593114085232163 ) ) ;
#598 = EDGE_LOOP ( 'NONE', ( #1320, #170, #1536, #2060, #1397 ) ) ;
#599 = EDGE_CURVE ( 'NONE', #1774, #587, #925, .T. ) ;
#600 = VERTEX_POINT ( 'NONE', #1740 ) ;
#601 = CARTESIAN_POINT ( 'NONE',  ( -3.222160012893071190, 38.00000000000006395, -18.27377750101917897 ) ) ;
#602 = CARTESIAN_POINT ( 'NONE',  ( 16.83893382464928834, 19.75917930020669289, -18.47885767715918348 ) ) ;
#603 = EDGE_CURVE ( 'NONE', #1223, #600, #287, .T. ) ;
#604 = CARTESIAN_POINT ( 'NONE',  ( 1.403461316679976312, 21.02652338947625665, 24.96058173960424398 ) ) ;
#605 = CARTESIAN_POINT ( 'NONE',  ( -22.45617634195697931, 21.02542646987014052, -1.403739650135831241 ) ) ;
#606 = CARTESIAN_POINT ( 'NONE',  ( -16.87706304263906176, 20.26998498326822684, -14.88018743082408335 ) ) ;
#607 = CARTESIAN_POINT ( 'NONE',  ( 16.57378764204324639, 19.55852982641097526, 15.21722817131532501 ) ) ;
#608 = VERTEX_POINT ( 'NONE', #454 ) ;
#609 = CARTESIAN_POINT ( 'NONE',  ( -18.47809816598658372, 19.75767522203642201, 16.83976975305893475 ) ) ;
#610 = ADVANCED_FACE ( 'NONE', ( #833 ), #1303, .T. ) ;
#611 = VERTEX_POINT ( 'NONE', #342 ) ;
#612 = EDGE_CURVE ( 'NONE', #1774, #270, #1968, .T. ) ;
#613 = CARTESIAN_POINT ( 'NONE',  ( -16.70823825951272568, 19.75766262175232058, 15.06992815864231972 ) ) ;
#614 = DIRECTION ( 'NONE',  ( -0.9396926207859118696, 0.000000000000000000, -0.3420201433256591095 ) ) ;
#615 = FACE_BOUND ( 'NONE', #1365, .T. ) ;
#616 = CARTESIAN_POINT ( 'NONE',  ( 22.49533336187401034, 22.02616783709860826, -0.4665720677031405250 ) ) ;
#617 = ORIENTED_EDGE ( 'NONE', *, *, #583, .F. ) ;
#618 = AXIS2_PLACEMENT_3D ( 'NONE', #2112, #801, #2101 ) ;
#619 = CARTESIAN_POINT ( 'NONE',  ( -0.3801737882390746059, 22.06197061594158626, 22.49746553481191214 ) ) ;
#620 = CARTESIAN_POINT ( 'NONE',  ( 24.98954979995799874, 21.90811294858030678, -0.7270340495661858915 ) ) ;
#621 = PLANE ( 'NONE',  #1290 ) ;
#622 = CARTESIAN_POINT ( 'NONE',  ( -22.45792473298419623, 21.11753352981167353, -1.375843935434782894 ) ) ;
#623 = CARTESIAN_POINT ( 'NONE',  ( -16.78101521098894366, 19.92097978410128789, -14.98842097788243777 ) ) ;
#624 = CARTESIAN_POINT ( 'NONE',  ( 14.85152577039437105, 20.64999999999999858, 16.90213543583507771 ) ) ;
#625 = ORIENTED_EDGE ( 'NONE', *, *, #1885, .T. ) ;
#626 = EDGE_CURVE ( 'NONE', #229, #161, #4, .T. ) ;
#627 = CARTESIAN_POINT ( 'NONE',  ( -1.302973391076953646, 21.29327165553563361, 22.46227039607493481 ) ) ;
#628 = CARTESIAN_POINT ( 'NONE',  ( -25.00000000000000000, 110.0000000000000000, 0.000000000000000000 ) ) ;
#629 = DIRECTION ( 'NONE',  ( 0.7660444431189742387, 0.000000000000000000, -0.6427876096865438038 ) ) ;
#630 = DIRECTION ( 'NONE',  ( -0.7660444431189842307, -0.000000000000000000, -0.6427876096865320354 ) ) ;
#631 = CARTESIAN_POINT ( 'NONE',  ( 1.449999999999999956, 20.64999999999999858, 25.00000000000000000 ) ) ;
#632 = ADVANCED_FACE ( 'NONE', ( #153, #985 ), #503, .F. ) ;
#633 = ADVANCED_FACE ( 'NONE', ( #1167, #1145 ), #1285, .F. ) ;
#634 = CARTESIAN_POINT ( 'NONE',  ( -22.48838638837022685, 19.39191008746354683, 0.7271144808403455784 ) ) ;
#635 = ORIENTED_EDGE ( 'NONE', *, *, #288, .T. ) ;
#636 = CARTESIAN_POINT ( 'NONE',  ( -1.449999999999999734, 20.55541837876630851, -22.45322916642503941 ) ) ;
#637 = CARTESIAN_POINT ( 'NONE',  ( -0.6432556255838604020, 21.95298136421552826, -24.99187744080473550 ) ) ;
#638 = LINE ( 'NONE', #484, #1264 ) ;
#639 = LINE ( 'NONE', #794, #982 ) ;
#640 = CARTESIAN_POINT ( 'NONE',  ( -22.49529239376956014, 19.27449952282073298, 0.4685219856143977846 ) ) ;
#641 = ORIENTED_EDGE ( 'NONE', *, *, #2067, .T. ) ;
#642 = ORIENTED_EDGE ( 'NONE', *, *, #928, .F. ) ;
#643 = CARTESIAN_POINT ( 'NONE',  ( 6.889512293469427284, 27.99999999999999645, -11.93298533165969566 ) ) ;
#644 = AXIS2_PLACEMENT_3D ( 'NONE', #1184, #1693, #1016 ) ;
#645 = CARTESIAN_POINT ( 'NONE',  ( 24.96798707088168001, 21.38057332055230830, -1.266859672968994488 ) ) ;
#646 = LINE ( 'NONE', #3, #1560 ) ;
#647 = LINE ( 'NONE', #1439, #240 ) ;
#648 = CARTESIAN_POINT ( 'NONE',  ( -15.77574594554250531, 22.09993220281346638, -16.04405302893847818 ) ) ;
#649 = CARTESIAN_POINT ( 'NONE',  ( 0.000000000000000000, 20.64999999999999858, 25.00000000000000000 ) ) ;
#650 = CARTESIAN_POINT ( 'NONE',  ( -1.449999999999999956, 20.64999999999999858, -22.45322916642504296 ) ) ;
#651 = VECTOR ( 'NONE', #1475, 1000.000000000000000 ) ;
#652 = ORIENTED_EDGE ( 'NONE', *, *, #2035, .T. ) ;
#653 = ADVANCED_BREP_SHAPE_REPRESENTATION ( 'DifferentAngles', ( #202, #688 ), #128 ) ;
#654 = ADVANCED_FACE ( 'NONE', ( #142 ), #997, .F. ) ;
#655 = B_SPLINE_CURVE_WITH_KNOTS ( 'NONE', 3,
 ( #594, #923, #444, #1242, #427, #1564, #1077, #765, #1719, #1738, #245, #2033, #1575, #101, #266, #1057, #756, #914, #1416, #613, #1258, #285, #931, #1582 ),
 .UNSPECIFIED., .F., .F.,
 ( 4, 2, 2, 2, 2, 2, 2, 2, 2, 2, 2, 4 ),
 ( 0.004534535684257329745, 0.005101222633952432091, 0.005667909583647534437, 0.005951253058495086477, 0.006234596533342639385, 0.006517940008190187956, 0.006801283483037736527, 0.007367970432732819791, 0.007651313907580363158, 0.007934657382427906525, 0.008501344332122998462, 0.009068031281818092135 ),
 .UNSPECIFIED. ) ;
#656 = CARTESIAN_POINT ( 'NONE',  ( -18.57505306457323613, 21.29311942374651778, 16.73226621045698792 ) ) ;
#657 = CARTESIAN_POINT ( 'NONE',  ( 14.80990663630108628, 38.00000000000007816, -8.550503583141834341 ) ) ;
#658 = DIRECTION ( 'NONE',  ( 1.000000000000000000, -0.000000000000000000, -3.491481338843133750E-15 ) ) ;
#659 = EDGE_CURVE ( 'NONE', #1695, #1892, #647, .T. ) ;
#660 = CARTESIAN_POINT ( 'NONE',  ( 17.04151034852032254, 21.80312911125771436, -18.29188625470548857 ) ) ;
#661 = CARTESIAN_POINT ( 'NONE',  ( -24.99999999999986855, 20.64999999999999858, 25.00000000000013145 ) ) ;
#662 = DIRECTION ( 'NONE',  ( 0.6427876096865379196, -0.000000000000000000, 0.7660444431189792347 ) ) ;
#663 = B_SPLINE_CURVE_WITH_KNOTS ( 'NONE', 3,
 ( #491, #203, #1832, #1030, #1660, #856, #1821, #362, #1671, #1507, #41, #376, #703, #1359 ),
 .UNSPECIFIED., .F., .F.,
 ( 4, 2, 2, 2, 2, 2, 4 ),
 ( 0.004534535840398545153, 0.005101513538384460505, 0.005668491236370375858, 0.005951980085363330064, 0.006235468934356283403, 0.006518957783349237610, 0.006802446632342191817 ),
 .UNSPECIFIED. ) ;
#664 = ORIENTED_EDGE ( 'NONE', *, *, #368, .T. ) ;
#665 = CARTESIAN_POINT ( 'NONE',  ( 18.34190957279195899, 19.55712069436376410, -16.98760849900572367 ) ) ;
#666 = EDGE_LOOP ( 'NONE', ( #980, #2078, #2026, #804, #2036, #1886, #1830, #214, #1256, #1586, #498, #180 ) ) ;
#667 = CARTESIAN_POINT ( 'NONE',  ( -25.00000000000009237, 20.64999999999999858, 8.728703347107864943E-14 ) ) ;
#668 = DIRECTION ( 'NONE',  ( -0.7660444431189842307, 0.000000000000000000, -0.6427876096865320354 ) ) ;
#669 = CARTESIAN_POINT ( 'NONE',  ( 0.000000000000000000, 110.0000000000000000, 0.000000000000000000 ) ) ;
#670 = CARTESIAN_POINT ( 'NONE',  ( 18.43302654920840311, 21.60862671755550224, -16.88869486055954638 ) ) ;
#671 = CARTESIAN_POINT ( 'NONE',  ( -16.98760849900552827, 19.55712069436377121, -18.34190957279213663 ) ) ;
#672 = CARTESIAN_POINT ( 'NONE',  ( 0.8912179012308519832, 19.49068741544255445, -24.98446835287651524 ) ) ;
#673 = ORIENTED_EDGE ( 'NONE', *, *, #65, .F. ) ;
#674 = CARTESIAN_POINT ( 'NONE',  ( 1.450000000000000178, 20.46065636448504677, 24.95791457634231136 ) ) ;
#675 = EDGE_LOOP ( 'NONE', ( #107, #169 ) ) ;
#676 = CARTESIAN_POINT ( 'NONE',  ( -16.83828573573205389, 21.54018129493336886, 18.47946152070598558 ) ) ;
#677 = CARTESIAN_POINT ( 'NONE',  ( 24.95791457634233623, 20.45839080608688221, 1.449999999999738609 ) ) ;
#678 = DIRECTION ( 'NONE',  ( 0.7071067811865486830, -0.000000000000000000, 0.7071067811865463515 ) ) ;
#679 = ADVANCED_FACE ( 'NONE', ( #1603 ), #1923, .F. ) ;
#680 = CARTESIAN_POINT ( 'NONE',  ( 16.98779506751614221, 21.74319718794886569, -18.34173955483576179 ) ) ;
#681 = AXIS2_PLACEMENT_3D ( 'NONE', #1097, #1733, #1260 ) ;
#682 = CARTESIAN_POINT ( 'NONE',  ( -16.62964676276091680, 20.84004748575756238, -18.66695446874366837 ) ) ;
#683 = CARTESIAN_POINT ( 'NONE',  ( 1.303040581704103529, 20.00687559013617545, -24.96604519861904947 ) ) ;
#684 = CARTESIAN_POINT ( 'NONE',  ( 16.17380645605742728, 22.05356277026863765, 15.64182325321105971 ) ) ;
#685 = ORIENTED_EDGE ( 'NONE', *, *, #912, .F. ) ;
#686 = DIRECTION ( 'NONE',  ( 0.4015462364005273344, -0.7808688094430293880, -0.4785441698230142316 ) ) ;
#687 = CARTESIAN_POINT ( 'NONE',  ( 15.27251790418298860, 21.80312298059469711, -16.52290457333922546 ) ) ;
#688 = AXIS2_PLACEMENT_3D ( 'NONE', #1102, #302, #1291 ) ;
#689 = EDGE_LOOP ( 'NONE', ( #35, #567 ) ) ;
#690 = CARTESIAN_POINT ( 'NONE',  ( -24.96019758259796006, 20.27000066408747969, 1.412008383821836910 ) ) ;
#691 = LINE ( 'NONE', #800, #1361 ) ;
#692 = CARTESIAN_POINT ( 'NONE',  ( 16.90213543583503508, 20.45838077413024436, -14.85152577039443500 ) ) ;
#693 = CARTESIAN_POINT ( 'NONE',  ( 18.64238193455447501, 21.02541092453958882, -16.65718873035155667 ) ) ;
#694 = CARTESIAN_POINT ( 'NONE',  ( -24.99999999999986855, 20.64999999999999858, 25.00000000000013145 ) ) ;
#695 = EDGE_CURVE ( 'NONE', #1164, #1074, #1155, .T. ) ;
#696 = DIRECTION ( 'NONE',  ( -0.000000000000000000, -0.000000000000000000, 1.000000000000000000 ) ) ;
#697 = CARTESIAN_POINT ( 'NONE',  ( -0.7265672009943056064, 21.90840532802339169, -22.48840413001815008 ) ) ;
#698 = CARTESIAN_POINT ( 'NONE',  ( -24.96212893586396575, 21.11700723971260629, 1.376025777367768210 ) ) ;
#699 = CARTESIAN_POINT ( 'NONE',  ( 2.755455297896063857E-15, 19.19999999999999929, 22.50000000000000355 ) ) ;
#700 = ORIENTED_EDGE ( 'NONE', *, *, #1599, .T. ) ;
#701 = DIRECTION ( 'NONE',  ( -0.6152045260999277065, -0.7808688094430290549, 0.1084771566053875785 ) ) ;
#702 = CARTESIAN_POINT ( 'NONE',  ( 14.80990663630108628, 38.00000000000007816, -8.550503583141834341 ) ) ;
#703 = CARTESIAN_POINT ( 'NONE',  ( 1.450000000000000178, 20.55426129654261302, -22.45322916642504651 ) ) ;
#704 = CARTESIAN_POINT ( 'NONE',  ( -18.67321547392663561, 20.64999999999999858, 16.62260580848583658 ) ) ;
#705 = CARTESIAN_POINT ( 'NONE',  ( 0.000000000000000000, 30.00000000000000000, 0.000000000000000000 ) ) ;
#706 = CARTESIAN_POINT ( 'NONE',  ( -22.45322916642504296, 20.64999999999999858, -1.449999999999921352 ) ) ;
#707 = CARTESIAN_POINT ( 'NONE',  ( -14.85152577039413657, 20.64999999999999858, 16.90213543583529088 ) ) ;
#708 = DIRECTION ( 'NONE',  ( -0.000000000000000000, -0.000000000000000000, 1.000000000000000000 ) ) ;
#709 = B_SPLINE_CURVE_WITH_KNOTS ( 'NONE', 3,
 ( #1585, #1398, #597, #1408, #111, #916, #1704, #2050, #249, #586, #1080, #1724, #776, #279, #269, #1245, #616, #1871, #1419, #1254, #1741, #1891, #118, #1882, #429, #2059, #768, #1568 ),
 .UNSPECIFIED., .F., .F.,
 ( 4, 2, 2, 2, 2, 2, 2, 2, 2, 2, 2, 2, 2, 4 ),
 ( 0.000000000000000000, 0.0002834084802660880422, 0.0005668169605321760843, 0.0008502254407982641265, 0.001133633921064352169, 0.001700450881596520230, 0.002267267842128688291, 0.002550676322394772322, 0.002834084802660856786, 0.003117493282926940817, 0.003400901763193024414, 0.003967718723725185102, 0.004251127203991261760, 0.004534535684257337551 ),
 .UNSPECIFIED. ) ;
#710 = ORIENTED_EDGE ( 'NONE', *, *, #2035, .F. ) ;
#711 = CARTESIAN_POINT ( 'NONE',  ( -24.97344986746140094, 19.75917930020669644, 1.159601276739106845 ) ) ;
#712 = PLANE ( 'NONE',  #121 ) ;
#713 = CARTESIAN_POINT ( 'NONE',  ( 16.87671063596735266, 20.26801626289494251, -14.88058828216851737 ) ) ;
#714 = CARTESIAN_POINT ( 'NONE',  ( -16.90213543583523759, 20.74464678175479193, -14.85152577039419519 ) ) ;
#715 = DIRECTION ( 'NONE',  ( -1.000000000000000000, 0.000000000000000000, 0.000000000000000000 ) ) ;
#716 = DIRECTION ( 'NONE',  ( -0.000000000000000000, -1.000000000000000000, -0.000000000000000000 ) ) ;
#717 = CARTESIAN_POINT ( 'NONE',  ( 16.52290457333916507, 21.80312298059470066, 15.27251790418304012 ) ) ;
#718 = AXIS2_PLACEMENT_3D ( 'NONE', #134, #678, #824 ) ;
#719 = ORIENTED_EDGE ( 'NONE', *, *, #695, .T. ) ;
#720 = CARTESIAN_POINT ( 'NONE',  ( 16.83976975305900581, 19.75767522203641846, 18.47809816598651977 ) ) ;
#721 = CARTESIAN_POINT ( 'NONE',  ( -1.376040227482038247, 20.18305631460697214, -24.96212806690417452 ) ) ;
#722 = ORIENTED_EDGE ( 'NONE', *, *, #456, .F. ) ;
#723 = CARTESIAN_POINT ( 'NONE',  ( -24.99576334194227201, 19.27449740207909556, 0.4685145597307098231 ) ) ;
#724 = CARTESIAN_POINT ( 'NONE',  ( 16.90213543583502798, 20.64999999999999858, -14.85152577039442967 ) ) ;
#725 = LINE ( 'NONE', #531, #1658 ) ;
#726 = EDGE_CURVE ( 'NONE', #608, #894, #638, .T. ) ;
#727 = CARTESIAN_POINT ( 'NONE',  ( 15.77574594554262433, 22.09993220281347703, 16.04405302893837870 ) ) ;
#728 = PLANE ( 'NONE',  #26 ) ;
#729 = ORIENTED_EDGE ( 'NONE', *, *, #1374, .F. ) ;
#730 = DIRECTION ( 'NONE',  ( 0.7660444431189744607, -0.000000000000000000, -0.6427876096865435818 ) ) ;
#731 = ORIENTED_EDGE ( 'NONE', *, *, #143, .F. ) ;
#732 = CARTESIAN_POINT ( 'NONE',  ( 0.8919288966758718296, 21.80876116645878326, -24.98444244939697967 ) ) ;
#733 = LINE ( 'NONE', #1383, #589 ) ;
#734 = CARTESIAN_POINT ( 'NONE',  ( -16.62260580848576552, 20.64999999999999858, -18.67321547392669245 ) ) ;
#735 = CARTESIAN_POINT ( 'NONE',  ( 22.46438376362424449, 19.92097978410128789, -1.267555538145711092 ) ) ;
#736 = ORIENTED_EDGE ( 'NONE', *, *, #1600, .T. ) ;
#737 = CARTESIAN_POINT ( 'NONE',  ( 15.64055900444490455, 19.23738105445973545, 16.17571746779572806 ) ) ;
#738 = ORIENTED_EDGE ( 'NONE', *, *, #1235, .F. ) ;
#739 = CARTESIAN_POINT ( 'NONE',  ( -1.153121520306459313, 21.53419166517464234, 24.97344767632638352 ) ) ;
#740 = ORIENTED_EDGE ( 'NONE', *, *, #1384, .T. ) ;
#741 = CARTESIAN_POINT ( 'NONE',  ( 0.7304096891446330009, 21.91673981543154071, -24.98993606733653650 ) ) ;
#742 = CARTESIAN_POINT ( 'NONE',  ( 17.94363437680718931, 19.23736857897700503, -17.40852978412009477 ) ) ;
#743 = CARTESIAN_POINT ( 'NONE',  ( -24.96056579012876497, 21.02541092453957816, -1.403743576657549008 ) ) ;
#744 = CARTESIAN_POINT ( 'NONE',  ( 0.4669437473880538869, 22.02604020913181060, 24.99579304436096194 ) ) ;
#745 = CARTESIAN_POINT ( 'NONE',  ( 22.45576716162548081, 20.26998498326822684, -1.412004286300607259 ) ) ;
#746 = CARTESIAN_POINT ( 'NONE',  ( -14.88058828216834684, 20.26801626289494962, -16.87671063596751253 ) ) ;
#747 = ORIENTED_EDGE ( 'NONE', *, *, #2067, .F. ) ;
#748 = CARTESIAN_POINT ( 'NONE',  ( 16.23786886957163134, 19.27449952282073298, 15.57527872324560470 ) ) ;
#749 = ORIENTED_EDGE ( 'NONE', *, *, #89, .T. ) ;
#750 = CARTESIAN_POINT ( 'NONE',  ( -16.85301944667050478, 21.11753352981167708, 14.90728229346991540 ) ) ;
#751 = AXIS2_PLACEMENT_3D ( 'NONE', #1124, #784, #1906 ) ;
#752 = ADVANCED_FACE ( 'NONE', ( #973 ), #331, .F. ) ;
#753 = VECTOR ( 'NONE', #1103, 1000.000000000000000 ) ;
#754 = VERTEX_POINT ( 'NONE', #1126 ) ;
#755 = CARTESIAN_POINT ( 'NONE',  ( -24.99944224689437178, 19.20953018485652919, 0.1909879485521104037 ) ) ;
#756 = CARTESIAN_POINT ( 'NONE',  ( -16.41467061585170484, 19.39093414656143466, 15.38878823406728102 ) ) ;
#757 = CARTESIAN_POINT ( 'NONE',  ( -22.45322916642502875, 20.74464678175478483, 1.450000000000078115 ) ) ;
#758 = FACE_OUTER_BOUND ( 'NONE', #666, .T. ) ;
#759 = ADVANCED_FACE ( 'NONE', ( #16 ), #1944, .F. ) ;
#760 = CARTESIAN_POINT ( 'NONE',  ( 8.158795558326584541, 38.00000000000006395, -14.13144843558925245 ) ) ;
#761 = ORIENTED_EDGE ( 'NONE', *, *, #1940, .F. ) ;
#762 = CARTESIAN_POINT ( 'NONE',  ( -1.302981440997582618, 21.29325546252900736, 24.96604833384954247 ) ) ;
#763 = ORIENTED_EDGE ( 'NONE', *, *, #1730, .F. ) ;
#764 = DIRECTION ( 'NONE',  ( 0.7071067811865439090, -0.000000000000000000, -0.7071067811865512365 ) ) ;
#765 = CARTESIAN_POINT ( 'NONE',  ( -15.38754293305866305, 19.39191008746354328, 16.41583809326101218 ) ) ;
#766 = CARTESIAN_POINT ( 'NONE',  ( 16.62260580848550617, 20.64999999999999858, -18.67321547392692338 ) ) ;
#767 = CARTESIAN_POINT ( 'NONE',  ( -16.41583809326095533, 19.39191008746355038, -15.38754293305872700 ) ) ;
#768 = CARTESIAN_POINT ( 'NONE',  ( 22.45322916642502875, 20.74464678175479548, -1.450000000000235101 ) ) ;
#769 = ORIENTED_EDGE ( 'NONE', *, *, #885, .T. ) ;
#770 = CARTESIAN_POINT ( 'NONE',  ( 16.98643519662386936, 19.55853030592677300, -18.34299560218569880 ) ) ;
#771 = CARTESIAN_POINT ( 'NONE',  ( -1.091845565962707099, 21.60881254567491894, 22.47359250183391310 ) ) ;
#772 = LINE ( 'NONE', #2021, #18 ) ;
#773 = FACE_OUTER_BOUND ( 'NONE', #370, .T. ) ;
#774 = CARTESIAN_POINT ( 'NONE',  ( -22.48273650226528986, 21.80921761316484719, -0.8913427220464056333 ) ) ;
#775 = CARTESIAN_POINT ( 'NONE',  ( -15.27338711943730765, 19.49595515885233610, -16.52210218585029367 ) ) ;
#776 = CARTESIAN_POINT ( 'NONE',  ( 22.49999563084826804, 22.09993220281347348, 0.1897217581094809702 ) ) ;
#777 = EDGE_LOOP ( 'NONE', ( #710, #1666, #907, #2028 ) ) ;
#778 = VECTOR ( 'NONE', #1577, 1000.000000000000114 ) ;
#779 = ORIENTED_EDGE ( 'NONE', *, *, #726, .T. ) ;
#780 = VECTOR ( 'NONE', #1134, 1000.000000000000000 ) ;
#781 = EDGE_CURVE ( 'NONE', #357, #114, #1193, .T. ) ;
#782 = DIRECTION ( 'NONE',  ( -0.9396926207859118696, 0.000000000000000000, -0.3420201433256591095 ) ) ;
#783 = CARTESIAN_POINT ( 'NONE',  ( -17.54281500147103046, 22.09060030914360340, 17.81174587776325779 ) ) ;
#784 = DIRECTION ( 'NONE',  ( -0.7071067811865536790, -0.000000000000000000, -0.7071067811865413555 ) ) ;
#785 = CARTESIAN_POINT ( 'NONE',  ( -22.48884563634357292, 21.91723634275234289, -0.7295813091047390619 ) ) ;
#786 = LINE ( 'NONE', #631, #1530 ) ;
#787 = VECTOR ( 'NONE', #1506, 1000.000000000000114 ) ;
#788 = CARTESIAN_POINT ( 'NONE',  ( -22.45322916642504651, 20.45838077413024081, -1.449999999999921574 ) ) ;
#789 = ORIENTED_EDGE ( 'NONE', *, *, #1435, .T. ) ;
#790 = CARTESIAN_POINT ( 'NONE',  ( -25.00000000000000000, 29.02523109202896023, 14.64466094067267221 ) ) ;
#791 = CARTESIAN_POINT ( 'NONE',  ( 24.98448434049470990, 21.80312911125772501, -0.8841492822957651709 ) ) ;
#792 = CARTESIAN_POINT ( 'NONE',  ( 16.62260580848589697, 20.64999999999999858, 18.67321547392657877 ) ) ;
#793 = CARTESIAN_POINT ( 'NONE',  ( -21.11069043284896196, 110.0000000000000000, -8.673617379884035472E-16 ) ) ;
#794 = CARTESIAN_POINT ( 'NONE',  ( 6.808789643208967846E-14, 110.0000000000000000, 17.71397255610128596 ) ) ;
#795 = CARTESIAN_POINT ( 'NONE',  ( -17.21792186099929012, 19.34643928070831009, -18.12597301558749763 ) ) ;
#796 = ORIENTED_EDGE ( 'NONE', *, *, #254, .T. ) ;
#797 = CARTESIAN_POINT ( 'NONE',  ( 18.29107553703519784, 19.49594403330493009, -17.04238154066278810 ) ) ;
#798 = CARTESIAN_POINT ( 'NONE',  ( -1.303351195708115862, 20.00750528200370226, -22.46224835332647984 ) ) ;
#799 = CARTESIAN_POINT ( 'NONE',  ( 24.96604488489237283, 21.29311942374652133, 1.303047080826892357 ) ) ;
#800 = CARTESIAN_POINT ( 'NONE',  ( 26.02530483272020234, 20.64999999999999858, -23.97469516727982253 ) ) ;
#801 = DIRECTION ( 'NONE',  ( -0.7071067811865389130, -0.000000000000000000, 0.7071067811865561215 ) ) ;
#802 = CARTESIAN_POINT ( 'NONE',  ( -14.98894401112254471, 21.38057532223046664, 16.78055042302097633 ) ) ;
#803 = CARTESIAN_POINT ( 'NONE',  ( -16.75945376599349146, 19.91924424913934288, -18.55063274558453301 ) ) ;
#804 = ORIENTED_EDGE ( 'NONE', *, *, #437, .T. ) ;
#805 = VERTEX_POINT ( 'NONE', #324 ) ;
#806 = ADVANCED_FACE ( 'NONE', ( #1621 ), #813, .F. ) ;
#807 = ADVANCED_FACE ( 'NONE', ( #1019 ), #1648, .T. ) ;
#808 = CARTESIAN_POINT ( 'NONE',  ( -25.00000000000000000, 38.00000000000006395, 0.000000000000000000 ) ) ;
#809 = VECTOR ( 'NONE', #363, 1000.000000000000000 ) ;
#810 = CARTESIAN_POINT ( 'NONE',  ( -1.411975452424493849, 21.03015645124182242, -24.96019960274403715 ) ) ;
#811 = DIRECTION ( 'NONE',  ( -0.000000000000000000, -0.000000000000000000, -1.000000000000000000 ) ) ;
#812 = CARTESIAN_POINT ( 'NONE',  ( -4.341204441673363057, 33.03916013115775030, -24.62019382530518286 ) ) ;
#813 = CYLINDRICAL_SURFACE ( 'NONE', #1795, 1.449999999999999956 ) ;
#814 = CARTESIAN_POINT ( 'NONE',  ( -14.88654882039493721, 21.02662389163469570, 16.87130727909752181 ) ) ;
#815 = FACE_OUTER_BOUND ( 'NONE', #407, .T. ) ;
#816 = CARTESIAN_POINT ( 'NONE',  ( 0.000000000000000000, 22.09999999999999787, -22.50000000000000355 ) ) ;
#817 = EDGE_CURVE ( 'NONE', #1420, #805, #733, .T. ) ;
#818 = VECTOR ( 'NONE', #1574, 1000.000000000000000 ) ;
#819 = ORIENTED_EDGE ( 'NONE', *, *, #282, .T. ) ;
#820 = ORIENTED_EDGE ( 'NONE', *, *, #1348, .F. ) ;
#821 = EDGE_CURVE ( 'NONE', #477, #1579, #243, .T. ) ;
#822 = CARTESIAN_POINT ( 'NONE',  ( 18.00460488850907481, 22.02617301739971367, 17.34479501082441644 ) ) ;
#823 = CARTESIAN_POINT ( 'NONE',  ( 22.19741189963106365, 31.76989187345809285, -11.50108277329213458 ) ) ;
#824 = DIRECTION ( 'NONE',  ( 0.7071067811865463515, 0.000000000000000000, -0.7071067811865487940 ) ) ;
#825 = CARTESIAN_POINT ( 'NONE',  ( -16.41790714161093234, 21.91723634275234645, 15.38612335942114484 ) ) ;
#826 = CARTESIAN_POINT ( 'NONE',  ( -22.48844141796502782, 19.39093414656143466, -0.7254083888596123408 ) ) ;
#827 = CARTESIAN_POINT ( 'NONE',  ( 8.158795558326584541, 110.0000000000000000, -14.13144843558925245 ) ) ;
#828 = VERTEX_POINT ( 'NONE', #704 ) ;
#829 = ORIENTED_EDGE ( 'NONE', *, *, #1472, .F. ) ;
#830 = VERTEX_POINT ( 'NONE', #1519 ) ;
#831 = CARTESIAN_POINT ( 'NONE',  ( -24.95791457634230781, 20.64999999999999858, 1.450000000000086997 ) ) ;
#832 = CARTESIAN_POINT ( 'NONE',  ( -4.341204441673363057, 33.03916013115775030, -24.62019382530518286 ) ) ;
#833 = FACE_OUTER_BOUND ( 'NONE', #1901, .T. ) ;
#834 = CARTESIAN_POINT ( 'NONE',  ( -15.38759039447628219, 21.90810425832129127, 16.41579241234138564 ) ) ;
#835 = CARTESIAN_POINT ( 'NONE',  ( -0.7260728619881516854, 19.39132087773833746, 24.98957824666174332 ) ) ;
#836 = CARTESIAN_POINT ( 'NONE',  ( -1.303361947206797655, 20.00752762895938375, -24.96602835796569053 ) ) ;
#837 = CARTESIAN_POINT ( 'NONE',  ( 1.440613590095280117, 20.46007647023123965, -24.95846496159966676 ) ) ;
#838 = CARTESIAN_POINT ( 'NONE',  ( 14.85152577039437105, 20.64999999999999858, 16.90213543583507771 ) ) ;
#839 = VERTEX_POINT ( 'NONE', #1370 ) ;
#840 = CARTESIAN_POINT ( 'NONE',  ( 16.90213543583533351, 20.74464678175479548, 14.85152577039408150 ) ) ;
#841 = CARTESIAN_POINT ( 'NONE',  ( 14.85152577039401933, 20.74464678175479548, -16.90213543583539391 ) ) ;
#842 = EDGE_CURVE ( 'NONE', #185, #297, #1351, .T. ) ;
#843 = CARTESIAN_POINT ( 'NONE',  ( 16.84341705178035298, 21.53401808170109888, 18.47436271321434731 ) ) ;
#844 = CARTESIAN_POINT ( 'NONE',  ( 24.99190774077899846, 19.34643928070832430, 0.6420891290733701240 ) ) ;
#845 = CARTESIAN_POINT ( 'NONE',  ( 6.808789643208967846E-14, 110.0000000000000000, 17.71397255610128596 ) ) ;
#846 = CARTESIAN_POINT ( 'NONE',  ( -14.85152577039425381, 20.74583159383277220, -16.90213543583518430 ) ) ;
#847 = CARTESIAN_POINT ( 'NONE',  ( -18.67321547392674930, 20.64999999999999858, -16.62260580848570513 ) ) ;
#848 = CARTESIAN_POINT ( 'NONE',  ( -0.1900997034334398483, 22.09058885601271172, -22.49938794182010682 ) ) ;
#849 = AXIS2_PLACEMENT_3D ( 'NONE', #1108, #1792, #1140 ) ;
#850 = ORIENTED_EDGE ( 'NONE', *, *, #885, .F. ) ;
#851 = DIRECTION ( 'NONE',  ( 0.000000000000000000, 0.000000000000000000, 1.000000000000000000 ) ) ;
#852 = VERTEX_POINT ( 'NONE', #555 ) ;
#853 = PLANE ( 'NONE',  #1700 ) ;
#854 = AXIS2_PLACEMENT_3D ( 'NONE', #910, #99, #946 ) ;
#855 = CARTESIAN_POINT ( 'NONE',  ( -16.62970566684894891, 20.84076922787790309, 18.66690210479824685 ) ) ;
#856 = CARTESIAN_POINT ( 'NONE',  ( 1.091890988679480756, 19.69124167013331572, -22.47359022863764366 ) ) ;
#857 = PLANE ( 'NONE',  #100 ) ;
#858 = CARTESIAN_POINT ( 'NONE',  ( -16.35761915982344306, 21.95351700147078944, -15.44946626839837300 ) ) ;
#859 = CARTESIAN_POINT ( 'NONE',  ( -2.720880902291610504, 110.0000000000000000, -15.43088239451104648 ) ) ;
#860 = CARTESIAN_POINT ( 'NONE',  ( 1.303186018548909475, 21.29283976802188505, -22.46225801022613311 ) ) ;
#861 = ORIENTED_EDGE ( 'NONE', *, *, #1037, .T. ) ;
#862 = CARTESIAN_POINT ( 'NONE',  ( 0.4676395737979638367, 19.27419548638764368, 22.49531103815082389 ) ) ;
#863 = CYLINDRICAL_SURFACE ( 'NONE', #644, 1.449999999999999956 ) ;
#864 = ORIENTED_EDGE ( 'NONE', *, *, #875, .T. ) ;
#865 = CARTESIAN_POINT ( 'NONE',  ( 18.47946152070603887, 21.54018129493336531, 16.83828573573199350 ) ) ;
#866 = DIRECTION ( 'NONE',  ( 0.000000000000000000, 1.000000000000000000, 0.000000000000000000 ) ) ;
#867 = DIRECTION ( 'NONE',  ( -0.7660444431189744607, 0.000000000000000000, 0.6427876096865436928 ) ) ;
#868 = CARTESIAN_POINT ( 'NONE',  ( -18.62388780166655522, 21.11700723971261340, -16.67789348513814929 ) ) ;
#869 = CARTESIAN_POINT ( 'NONE',  ( 22.45580141718208367, 20.26801626289494607, 1.411471652449248326 ) ) ;
#870 = CARTESIAN_POINT ( 'NONE',  ( -24.99944974357919847, 22.09060030914360695, 0.1901628462966274968 ) ) ;
#871 = CARTESIAN_POINT ( 'NONE',  ( -1.158746327670965748, 19.75805585188580693, 22.47054146380627415 ) ) ;
#872 = CARTESIAN_POINT ( 'NONE',  ( 0.3765855871622688089, 22.05344939514930047, 22.49704042204579579 ) ) ;
#873 = ORIENTED_EDGE ( 'NONE', *, *, #1357, .T. ) ;
#874 = CARTESIAN_POINT ( 'NONE',  ( 14.98894401112242392, 21.38057532223045953, -16.78055042302107935 ) ) ;
#875 = EDGE_CURVE ( 'NONE', #2004, #1002, #53, .T. ) ;
#876 = ORIENTED_EDGE ( 'NONE', *, *, #1599, .F. ) ;
#877 = CARTESIAN_POINT ( 'NONE',  ( 1.449999999999999734, 20.84125110532286129, -24.95791457634231136 ) ) ;
#878 = CARTESIAN_POINT ( 'NONE',  ( 15.57527872324555140, 19.27449952282072587, -16.23786886957167752 ) ) ;
#879 = CARTESIAN_POINT ( 'NONE',  ( -17.03641405046337098, 21.80922433054842813, -18.29695394673177233 ) ) ;
#880 = CARTESIAN_POINT ( 'NONE',  ( 22.49100787612162122, 19.34644628598099558, 0.6421021013856276216 ) ) ;
#881 = B_SPLINE_CURVE_WITH_KNOTS ( 'NONE', 3,
 ( #1552, #1711, #1085, #259, #744, #1216, #90, #891, #1542, #570, #1860, #1393, #604, #1230, #2045, #78 ),
 .UNSPECIFIED., .F., .F.,
 ( 4, 2, 2, 2, 2, 2, 2, 4 ),
 ( 0.002267673475657686847, 0.002551003364315221691, 0.002834333252972756536, 0.003117663141630291380, 0.003400993030287826225, 0.003967652807602896348, 0.004250982696260435095, 0.004534312584917975578 ),
 .UNSPECIFIED. ) ;
#882 = EDGE_LOOP ( 'NONE', ( #93, #966, #467, #1378 ) ) ;
#883 = CARTESIAN_POINT ( 'NONE',  ( -0.9581187318452152324, 19.55754961233982669, 22.47969061570508487 ) ) ;
#884 = ORIENTED_EDGE ( 'NONE', *, *, #626, .T. ) ;
#885 = EDGE_CURVE ( 'NONE', #1280, #852, #1031, .T. ) ;
#886 = DIRECTION ( 'NONE',  ( 0.000000000000000000, 1.000000000000000000, 0.000000000000000000 ) ) ;
#887 = B_SPLINE_CURVE_WITH_KNOTS ( 'NONE', 3,
 ( #2085, #1118, #1299, #1616, #1764, #312, #955, #2094, #1132, #147, #1939, #328, #1627, #48, #1028, #212, #385, #198, #1515, #720, #1805, #551, #1366, #1505 ),
 .UNSPECIFIED., .F., .F.,
 ( 4, 2, 2, 2, 2, 2, 2, 2, 2, 2, 2, 4 ),
 ( 0.004534312584917972976, 0.005100972053355639843, 0.005667631521793307578, 0.005950961256012135374, 0.006234290990230963170, 0.006517620724449790098, 0.006800950458668618762, 0.007367609927106273486, 0.007650939661325099547, 0.007934269395543924741, 0.008500928863981569925, 0.009067588332419215108 ),
 .UNSPECIFIED. ) ;
#888 = ORIENTED_EDGE ( 'NONE', *, *, #1504, .T. ) ;
#889 = DIRECTION ( 'NONE',  ( 0.000000000000000000, 1.000000000000000000, 0.000000000000000000 ) ) ;
#890 = CARTESIAN_POINT ( 'NONE',  ( 16.52210218585013379, 19.49595515885233254, -15.27338711943748528 ) ) ;
#891 = CARTESIAN_POINT ( 'NONE',  ( 0.8843878873671959795, 21.80294430311983334, 24.98447580071830032 ) ) ;
#892 = CARTESIAN_POINT ( 'NONE',  ( 22.45322916642502875, 20.46074985476538544, -1.450000000000235101 ) ) ;
#893 = FACE_BOUND ( 'NONE', #440, .T. ) ;
#894 = VERTEX_POINT ( 'NONE', #2007 ) ;
#895 = LINE ( 'NONE', #1286, #1232 ) ;
#896 = EDGE_CURVE ( 'NONE', #161, #2053, #507, .T. ) ;
#897 = ORIENTED_EDGE ( 'NONE', *, *, #1041, .F. ) ;
#898 = CARTESIAN_POINT ( 'NONE',  ( 16.90213543583502798, 20.64999999999999858, -14.85152577039442967 ) ) ;
#899 = CARTESIAN_POINT ( 'NONE',  ( 0.9576010702382719009, 21.74300497512261998, 22.47971507399344304 ) ) ;
#900 = CARTESIAN_POINT ( 'NONE',  ( 17.21663170099802187, 19.34733028443298508, -18.12719735125247666 ) ) ;
#901 = LINE ( 'NONE', #584, #2044 ) ;
#902 = CARTESIAN_POINT ( 'NONE',  ( 22.47049647028403996, 19.75917606119070413, -1.159598406615109933 ) ) ;
#903 = B_SPLINE_CURVE_WITH_KNOTS ( 'NONE', 3,
 ( #314, #959, #1456, #1905, #452, #656, #1104, #1301, #983, #1629, #1746, #938, #1590, #122, #783, #1017, #515, #361, #1808, #527, #1517, #676, #1966, #1185, #1479, #855, #994, #375 ),
 .UNSPECIFIED., .F., .F.,
 ( 4, 2, 2, 2, 2, 2, 2, 2, 2, 2, 2, 2, 2, 4 ),
 ( 0.000000000000000000, 0.0002833945365573750999, 0.0005667890731147501998, 0.0008501836096721252997, 0.001133578146229500400, 0.001700367219344238240, 0.002267156292458976079, 0.002550550829016352480, 0.002833945365573728448, 0.003117339902131104415, 0.003400734438688480816, 0.003967523511803229715, 0.004250918048360599610, 0.004534312584917969506 ),
 .UNSPECIFIED. ) ;
#904 = ORIENTED_EDGE ( 'NONE', *, *, #599, .T. ) ;
#905 = DIRECTION ( 'NONE',  ( -0.000000000000000000, -1.000000000000000000, -0.000000000000000000 ) ) ;
#906 = EDGE_CURVE ( 'NONE', #2040, #1316, #204, .T. ) ;
#907 = ORIENTED_EDGE ( 'NONE', *, *, #1934, .T. ) ;
#908 = CARTESIAN_POINT ( 'NONE',  ( -17.54222626511434058, 19.20953018485652564, 17.81232401220661288 ) ) ;
#909 = EDGE_LOOP ( 'NONE', ( #73, #1883, #763, #1486 ) ) ;
#910 = CARTESIAN_POINT ( 'NONE',  ( 0.000000000000000000, 30.00000000000000000, 0.000000000000000000 ) ) ;
#911 = CARTESIAN_POINT ( 'NONE',  ( 17.60918382057520404, 19.20007876753757614, -17.74614877789537815 ) ) ;
#912 = EDGE_CURVE ( 'NONE', #1503, #1333, #1360, .T. ) ;
#913 = EDGE_CURVE ( 'NONE', #1053, #1356, #1227, .T. ) ;
#914 = CARTESIAN_POINT ( 'NONE',  ( -16.52210218585023682, 19.49595515885233254, 15.27338711943737160 ) ) ;
#915 = CARTESIAN_POINT ( 'NONE',  ( -22.49999563084826093, 22.09993220281347703, -0.1897217581096385108 ) ) ;
#916 = CARTESIAN_POINT ( 'NONE',  ( 22.46226655573563846, 21.29313537457845129, 1.303039149886250359 ) ) ;
#917 = ORIENTED_EDGE ( 'NONE', *, *, #65, .T. ) ;
#918 = CARTESIAN_POINT ( 'NONE',  ( -17.15614221425016694, 19.39190083398302988, 18.18441645756582048 ) ) ;
#919 = AXIS2_PLACEMENT_3D ( 'NONE', #1518, #866, #2006 ) ;
#920 = EDGE_LOOP ( 'NONE', ( #1692, #820, #552, #1040 ) ) ;
#921 = CARTESIAN_POINT ( 'NONE',  ( -24.99775500781171189, 19.23736857897700148, -0.3783760861333259062 ) ) ;
#922 = ADVANCED_FACE ( 'NONE', ( #188 ), #857, .T. ) ;
#923 = CARTESIAN_POINT ( 'NONE',  ( -14.85152577039414012, 20.46074985476538188, 16.90213543583529798 ) ) ;
#924 = CARTESIAN_POINT ( 'NONE',  ( -22.49938852668176281, 22.09059905109625888, 0.1901733107456297645 ) ) ;
#925 = LINE ( 'NONE', #1271, #778 ) ;
#926 = CARTESIAN_POINT ( 'NONE',  ( 16.52328743235777608, 19.49728280979001482, 15.27210497110894849 ) ) ;
#927 = EDGE_LOOP ( 'NONE', ( #182, #1715, #779, #579 ) ) ;
#928 = EDGE_CURVE ( 'NONE', #229, #1676, #10, .T. ) ;
#929 = CARTESIAN_POINT ( 'NONE',  ( 16.62260580848550973, 20.46075416354774745, -18.67321547392693404 ) ) ;
#930 = CARTESIAN_POINT ( 'NONE',  ( -1.403718639877119534, 21.02551048378317589, 22.45617766220354738 ) ) ;
#931 = CARTESIAN_POINT ( 'NONE',  ( -16.90213543583513456, 20.45838077413024436, 14.85152577039431776 ) ) ;
#932 = CARTESIAN_POINT ( 'NONE',  ( -22.48275884454713847, 21.80312298059470777, 0.8841568928654428561 ) ) ;
#933 = CARTESIAN_POINT ( 'NONE',  ( 16.35880287974217850, 19.34733859074379225, 15.44821222905517288 ) ) ;
#934 = VERTEX_POINT ( 'NONE', #1951 ) ;
#935 = ORIENTED_EDGE ( 'NONE', *, *, #536, .T. ) ;
#936 = CARTESIAN_POINT ( 'NONE',  ( 17.40968231922367337, 19.24650251432829862, -17.94189372937009708 ) ) ;
#937 = PLANE ( 'NONE',  #413 ) ;
#938 = CARTESIAN_POINT ( 'NONE',  ( -17.94515835212957811, 22.06185725580961332, 17.40694562233683129 ) ) ;
#939 = CARTESIAN_POINT ( 'NONE',  ( -22.45791393354137355, 21.11702381800047590, 1.376019811150223759 ) ) ;
#940 = DIRECTION ( 'NONE',  ( -0.000000000000000000, -0.000000000000000000, -1.000000000000000000 ) ) ;
#941 = CARTESIAN_POINT ( 'NONE',  ( -16.62260580848576552, 20.64999999999999858, -18.67321547392669245 ) ) ;
#942 = ORIENTED_EDGE ( 'NONE', *, *, #504, .F. ) ;
#943 = VECTOR ( 'NONE', #1837, 1000.000000000000000 ) ;
#944 = EDGE_CURVE ( 'NONE', #1368, #934, #404, .T. ) ;
#945 = EDGE_LOOP ( 'NONE', ( #96, #1005 ) ) ;
#946 = DIRECTION ( 'NONE',  ( 0.000000000000000000, 0.000000000000000000, -1.000000000000000000 ) ) ;
#947 = VECTOR ( 'NONE', #1522, 1000.000000000000000 ) ;
#948 = CARTESIAN_POINT ( 'NONE',  ( 25.00000195432078343, 22.10003369518804206, -0.09407836044066507364 ) ) ;
#949 = CARTESIAN_POINT ( 'NONE',  ( 24.99944224689436467, 19.20953018485652919, -0.1909879485522838760 ) ) ;
#950 = DIRECTION ( 'NONE',  ( 0.000000000000000000, -1.000000000000000000, 0.000000000000000000 ) ) ;
#951 = CARTESIAN_POINT ( 'NONE',  ( -21.11069043284896551, 27.99999999999999645, 0.000000000000000000 ) ) ;
#952 = CYLINDRICAL_SURFACE ( 'NONE', #1589, 1.449999999999999956 ) ;
#953 = AXIS2_PLACEMENT_3D ( 'NONE', #367, #662, #1664 ) ;
#954 = EDGE_LOOP ( 'NONE', ( #148, #2049, #262, #1060 ) ) ;
#955 = CARTESIAN_POINT ( 'NONE',  ( 18.29227674958250915, 19.49728308524755960, 17.04109236212427803 ) ) ;
#956 = ORIENTED_EDGE ( 'NONE', *, *, #115, .F. ) ;
#957 =( BOUNDED_CURVE ( )  B_SPLINE_CURVE ( 3, ( #1983, #532, #1687, #968 ),
 .UNSPECIFIED., .F., .F. ) 
 B_SPLINE_CURVE_WITH_KNOTS ( ( 4, 4 ),
 ( 5.979674255218003331, 6.806784082777886269 ),
 .UNSPECIFIED. ) 
 CURVE ( )  GEOMETRIC_REPRESENTATION_ITEM ( )  RATIONAL_B_SPLINE_CURVE ( ( 1.000000000000000000, 0.9437986726650562375, 0.9437986726650562375, 1.000000000000000000 ) ) 
 REPRESENTATION_ITEM ( '' )  );
#958 = CARTESIAN_POINT ( 'NONE',  ( 1.006139616066548115E-13, 35.53486333135128206, 25.00000000000000000 ) ) ;
#959 = CARTESIAN_POINT ( 'NONE',  ( -18.67321547392663916, 20.74582650910053161, 16.62260580848583658 ) ) ;
#960 = LINE ( 'NONE', #1620, #157 ) ;
#961 = DIRECTION ( 'NONE',  ( -0.000000000000000000, -1.000000000000000000, -0.000000000000000000 ) ) ;
#962 = CARTESIAN_POINT ( 'NONE',  ( 12.49999999999979039, 30.39955237054071446, -21.65063509461108993 ) ) ;
#963 = CARTESIAN_POINT ( 'NONE',  ( 3.061616970775897547E-15, 22.09999999999999787, 25.00000000000000000 ) ) ;
#964 = EDGE_CURVE ( 'NONE', #611, #236, #887, .T. ) ;
#965 = CARTESIAN_POINT ( 'NONE',  ( -22.48273757897856484, 19.49728280979001482, 0.8847196028506064680 ) ) ;
#966 = ORIENTED_EDGE ( 'NONE', *, *, #1199, .F. ) ;
#967 = ADVANCED_FACE ( 'NONE', ( #1656 ), #853, .F. ) ;
#968 = CARTESIAN_POINT ( 'NONE',  ( 23.49231551964777509, 33.53524411804205130, 8.550503583141548347 ) ) ;
#969 =( BOUNDED_CURVE ( )  B_SPLINE_CURVE ( 3, ( #958, #1436, #790, #808 ),
 .UNSPECIFIED., .F., .T. ) 
 B_SPLINE_CURVE_WITH_KNOTS ( ( 4, 4 ),
 ( 5.585053606381852553, 7.155849933176752664 ),
 .UNSPECIFIED. ) 
 CURVE ( )  GEOMETRIC_REPRESENTATION_ITEM ( )  RATIONAL_B_SPLINE_CURVE ( ( 1.000000000000000000, 0.8047378541243641603, 0.8047378541243641603, 1.000000000000000000 ) ) 
 REPRESENTATION_ITEM ( '' )  );
#970 = LINE ( 'NONE', #471, #1928 ) ;
#971 = CARTESIAN_POINT ( 'NONE',  ( 0.000000000000000000, 20.64999999999999858, 25.00000000000000000 ) ) ;
#972 = CARTESIAN_POINT ( 'NONE',  ( 22.45322916642502875, 20.64999999999999858, -1.450000000000235101 ) ) ;
#973 = FACE_OUTER_BOUND ( 'NONE', #598, .T. ) ;
#974 = EDGE_CURVE ( 'NONE', #2053, #161, #1743, .T. ) ;
#975 = CARTESIAN_POINT ( 'NONE',  ( -16.17722424209459930, 22.06185219708664746, 15.63898598895949554 ) ) ;
#976 = CARTESIAN_POINT ( 'NONE',  ( -18.67321547392674930, 20.64999999999999858, -16.62260580848570513 ) ) ;
#977 = ORIENTED_EDGE ( 'NONE', *, *, #944, .F. ) ;
#978 = CARTESIAN_POINT ( 'NONE',  ( 18.12597301558731644, 19.34643928070831720, -17.21792186099948552 ) ) ;
#979 = EDGE_LOOP ( 'NONE', ( #441, #290, #1237, #1547 ) ) ;
#980 = ORIENTED_EDGE ( 'NONE', *, *, #1600, .F. ) ;
#981 = CARTESIAN_POINT ( 'NONE',  ( 1.449999999999999956, 20.64999999999999858, 24.95791457634231492 ) ) ;
#982 = VECTOR ( 'NONE', #2061, 1000.000000000000000 ) ;
#983 = CARTESIAN_POINT ( 'NONE',  ( -18.43302654920852390, 21.60862671755550579, 16.88869486055942204 ) ) ;
#984 = DIRECTION ( 'NONE',  ( -0.1736481776669385468, 0.000000000000000000, -0.9848077530122065770 ) ) ;
#985 = FACE_BOUND ( 'NONE', #675, .T. ) ;
#986 = CARTESIAN_POINT ( 'NONE',  ( 16.83828573573193310, 21.54018129493337241, -18.47946152070609926 ) ) ;
#987 = CARTESIAN_POINT ( 'NONE',  ( -17.54322804472005259, 19.19984392139581786, -17.81212381685481105 ) ) ;
#988 = CARTESIAN_POINT ( 'NONE',  ( 3.061616970775897547E-15, 22.09999999999999787, 25.00000000000000000 ) ) ;
#989 = VECTOR ( 'NONE', #186, 1000.000000000000114 ) ;
#990 = EDGE_LOOP ( 'NONE', ( #1081, #336, #664, #1434 ) ) ;
#991 = EDGE_LOOP ( 'NONE', ( #977, #935, #337, #2013, #1288, #1523 ) ) ;
#992 = B_SPLINE_CURVE_WITH_KNOTS ( 'NONE', 3,
 ( #706, #1113, #1565, #605, #622, #1252, #1889, #117, #1896, #774, #785, #276, #915, #472, #924, #453, #1086, #1907, #1105, #932, #102, #1756, #1284, #939, #1423, #1922, #757, #1732 ),
 .UNSPECIFIED., .F., .F.,
 ( 4, 2, 2, 2, 2, 2, 2, 2, 2, 2, 2, 2, 2, 4 ),
 ( 0.000000000000000000, 0.0002834084802660877169, 0.0005668169605321754338, 0.0008502254407982630423, 0.001133633921064350868, 0.001700450881596518495, 0.002267267842128686556, 0.002550676322394770587, 0.002834084802660855051, 0.003117493282926939082, 0.003400901763193023113, 0.003967718723725184235, 0.004251127203991260026, 0.004534535684257335816 ),
 .UNSPECIFIED. ) ;
#993 = ADVANCED_FACE ( 'NONE', ( #1162 ), #863, .F. ) ;
#994 = CARTESIAN_POINT ( 'NONE',  ( -16.62260580848563407, 20.74464456010002777, 18.67321547392680614 ) ) ;
#995 = CARTESIAN_POINT ( 'NONE',  ( -25.00000000000000000, 38.00000000000006395, 0.000000000000000000 ) ) ;
#996 = DIRECTION ( 'NONE',  ( 0.7660444431189792347, 0.000000000000000000, 0.6427876096865378086 ) ) ;
#997 = CYLINDRICAL_SURFACE ( 'NONE', #618, 1.449999999999998179 ) ;
#998 = CARTESIAN_POINT ( 'NONE',  ( -15.11906187889738540, 21.60863183725304282, -16.66338654120708895 ) ) ;
#999 = DIRECTION ( 'NONE',  ( -0.000000000000000000, -1.000000000000000000, -0.000000000000000000 ) ) ;
#1000 = ORIENTED_EDGE ( 'NONE', *, *, #536, .F. ) ;
#1001 = VERTEX_POINT ( 'NONE', #396 ) ;
#1002 = VERTEX_POINT ( 'NONE', #1174 ) ;
#1003 = CARTESIAN_POINT ( 'NONE',  ( 14.72397660760249494, 110.0000000000000000, 5.359089215199046130 ) ) ;
#1004 = B_SPLINE_CURVE_WITH_KNOTS ( 'NONE', 3,
 ( #1638, #1349, #1670, #1322, #215, #1991, #540, #843, #553, #1029, #1310, #1797, #1683, #1202, #1831, #173, #822, #1045, #1842, #1953, #501, #865, #1176, #1165, #387, #1006, #51, #1646 ),
 .UNSPECIFIED., .F., .F.,
 ( 4, 2, 2, 2, 2, 2, 2, 2, 2, 2, 2, 2, 2, 4 ),
 ( 0.000000000000000000, 0.0002833945365573724978, 0.0005667890731147449956, 0.0008501836096721173850, 0.001133578146229489991, 0.001700367219344227831, 0.002267156292458965237, 0.002550550829016341205, 0.002833945365573717606, 0.003117339902131093139, 0.003400734438688469540, 0.003967523511803228847, 0.004250918048360601345, 0.004534312584917972976 ),
 .UNSPECIFIED. ) ;
#1005 = ORIENTED_EDGE ( 'NONE', *, *, #1859, .F. ) ;
#1006 = CARTESIAN_POINT ( 'NONE',  ( 18.66690210479830370, 20.84076922787790664, 16.62970566684888851 ) ) ;
#1007 = DIRECTION ( 'NONE',  ( -0.3762166192759301975, 0.6586685217333069220, 0.6516262992377225283 ) ) ;
#1008 = DIRECTION ( 'NONE',  ( -0.7660444431189791237, -0.000000000000000000, 0.6427876096865380307 ) ) ;
#1009 = CARTESIAN_POINT ( 'NONE',  ( -16.04405302893843199, 22.09993220281346993, 15.77574594554256215 ) ) ;
#1010 = CARTESIAN_POINT ( 'NONE',  ( -16.62260580848576552, 20.64999999999999858, -18.67321547392669245 ) ) ;
#1011 = CARTESIAN_POINT ( 'NONE',  ( 5.659485349281843945E-24, 19.19999999999999929, -25.00000000000000000 ) ) ;
#1012 = CARTESIAN_POINT ( 'NONE',  ( 1.450000000000000178, 20.74462515210728952, 22.45322916642504651 ) ) ;
#1013 = ORIENTED_EDGE ( 'NONE', *, *, #1572, .F. ) ;
#1014 = CARTESIAN_POINT ( 'NONE',  ( 0.8841765152808098716, 19.49686254335894020, 22.48275916568001165 ) ) ;
#1015 = VERTEX_POINT ( 'NONE', #1052 ) ;
#1016 = DIRECTION ( 'NONE',  ( 9.570888143320315493E-15, 0.000000000000000000, 1.000000000000000000 ) ) ;
#1017 = CARTESIAN_POINT ( 'NONE',  ( -17.40980891532865726, 22.05356634839441554, 17.94177256910800011 ) ) ;
#1018 = PLANE ( 'NONE',  #1091 ) ;
#1019 = FACE_OUTER_BOUND ( 'NONE', #954, .T. ) ;
#1020 = CARTESIAN_POINT ( 'NONE',  ( -15.38612335942108800, 21.91723634275235000, -16.41790714161098563 ) ) ;
#1021 = VECTOR ( 'NONE', #323, 1000.000000000000000 ) ;
#1022 = CARTESIAN_POINT ( 'NONE',  ( -17.40694562233677090, 22.06185725580960977, -17.94515835212964205 ) ) ;
#1023 = CARTESIAN_POINT ( 'NONE',  ( 0.1915209053475345202, 22.09999999999999432, -22.50000000000000355 ) ) ;
#1024 = CARTESIAN_POINT ( 'NONE',  ( -25.00000000000000000, 38.00000000000006395, 0.000000000000000000 ) ) ;
#1025 = ORIENTED_EDGE ( 'NONE', *, *, #2008, .F. ) ;
#1026 = CARTESIAN_POINT ( 'NONE',  ( 16.70960988005155201, 21.54017006118122879, 15.06842095408053517 ) ) ;
#1027 = CYLINDRICAL_SURFACE ( 'NONE', #590, 1.449999999999998401 ) ;
#1028 = CARTESIAN_POINT ( 'NONE',  ( 17.40852978412002017, 19.23736857897700148, 17.94363437680724260 ) ) ;
#1029 = CARTESIAN_POINT ( 'NONE',  ( 17.03641405046350243, 21.80922433054842813, 18.29695394673165865 ) ) ;
#1030 = CARTESIAN_POINT ( 'NONE',  ( 0.7293638243119405784, 19.38262772688291946, -22.48885333341244674 ) ) ;
#1031 = LINE ( 'NONE', #581, #809 ) ;
#1032 = CARTESIAN_POINT ( 'NONE',  ( -24.98446411297643266, 21.80922433054843168, -0.8913363086075262176 ) ) ;
#1033 = CARTESIAN_POINT ( 'NONE',  ( -18.66690210479818290, 20.84076922787790664, -16.62970566684901996 ) ) ;
#1034 = CARTESIAN_POINT ( 'NONE',  ( -0.4669047690645327098, 19.27394101429924689, -24.99579403017621715 ) ) ;
#1035 = CARTESIAN_POINT ( 'NONE',  ( -21.11069043284896196, 110.0000000000000000, -8.673617379884035472E-16 ) ) ;
#1036 = CARTESIAN_POINT ( 'NONE',  ( -24.97341858125992431, 21.54018129493336531, 1.160486526674178620 ) ) ;
#1037 = EDGE_CURVE ( 'NONE', #1678, #1974, #1657, .T. ) ;
#1038 = CARTESIAN_POINT ( 'NONE',  ( 1.449999999999999956, 20.64999999999999858, 22.45322916642504296 ) ) ;
#1039 = CARTESIAN_POINT ( 'NONE',  ( -1.266729868806242054, 19.91957373201504922, 22.46443087315912024 ) ) ;
#1040 = ORIENTED_EDGE ( 'NONE', *, *, #338, .F. ) ;
#1041 = EDGE_CURVE ( 'NONE', #1839, #98, #1828, .T. ) ;
#1042 = CARTESIAN_POINT ( 'NONE',  ( 16.66338654120692553, 21.60863183725303571, -15.11906187889755770 ) ) ;
#1043 = CARTESIAN_POINT ( 'NONE',  ( 0.000000000000000000, 0.000000000000000000, -25.00000000000000000 ) ) ;
#1044 = ORIENTED_EDGE ( 'NONE', *, *, #1133, .F. ) ;
#1045 = CARTESIAN_POINT ( 'NONE',  ( 18.12600727646982790, 21.95352747359352463, 17.21788521776722547 ) ) ;
#1046 = CARTESIAN_POINT ( 'NONE',  ( 15.84141221989443871, 19.20007820838486978, -15.97838580573055012 ) ) ;
#1047 = CARTESIAN_POINT ( 'NONE',  ( -18.12600727646970711, 21.95352747359352463, -17.21788521776735337 ) ) ;
#1048 = DIRECTION ( 'NONE',  ( 0.6427876096865379196, -0.000000000000000000, 0.7660444431189792347 ) ) ;
#1049 = CARTESIAN_POINT ( 'NONE',  ( -24.96798707088168001, 21.38057332055230830, 1.266859672968819739 ) ) ;
#1050 = CARTESIAN_POINT ( 'NONE',  ( -1.411510902610181306, 20.26820939600234794, 22.45579871630673452 ) ) ;
#1051 = ORIENTED_EDGE ( 'NONE', *, *, #875, .F. ) ;
#1052 = CARTESIAN_POINT ( 'NONE',  ( 2.755455298081545172E-15, 0.000000000000000000, 22.50000000000000355 ) ) ;
#1053 = VERTEX_POINT ( 'NONE', #1976 ) ;
#1054 = LINE ( 'NONE', #1729, #1129 ) ;
#1055 = CARTESIAN_POINT ( 'NONE',  ( 16.17571746779567476, 19.23738105445974256, -15.64055900444496672 ) ) ;
#1056 = CARTESIAN_POINT ( 'NONE',  ( -16.57254216410354530, 21.74319175312463059, -15.21858861120940176 ) ) ;
#1057 = CARTESIAN_POINT ( 'NONE',  ( -16.35757893502964677, 19.34644628598100624, 15.44950943482166217 ) ) ;
#1058 = CARTESIAN_POINT ( 'NONE',  ( 6.889512293469427284, 110.0000000000000000, -11.93298533165969566 ) ) ;
#1059 = VECTOR ( 'NONE', #1336, 1000.000000000000000 ) ;
#1060 = ORIENTED_EDGE ( 'NONE', *, *, #87, .T. ) ;
#1061 = CARTESIAN_POINT ( 'NONE',  ( 0.7264446658294463344, 19.39151986445130404, 22.48840825758085060 ) ) ;
#1062 = AXIS2_PLACEMENT_3D ( 'NONE', #705, #1497, #1642 ) ;
#1063 = ORIENTED_EDGE ( 'NONE', *, *, #218, .F. ) ;
#1064 = CARTESIAN_POINT ( 'NONE',  ( 25.00000000000026645, 20.64999999999999858, -2.618611004132377406E-13 ) ) ;
#1065 = EDGE_LOOP ( 'NONE', ( #722, #458 ) ) ;
#1066 = CARTESIAN_POINT ( 'NONE',  ( -24.99190774077899491, 19.34643928070831720, -0.6420891290735439849 ) ) ;
#1067 = CARTESIAN_POINT ( 'NONE',  ( 1.160630104068207658, 21.53998679933346239, 22.47045385015907115 ) ) ;
#1068 = CYLINDRICAL_SURFACE ( 'NONE', #1328, 1.449999999999998401 ) ;
#1069 = CARTESIAN_POINT ( 'NONE',  ( 22.45322916642502875, 20.64999999999999858, -1.450000000000235101 ) ) ;
#1070 = CARTESIAN_POINT ( 'NONE',  ( 15.44950943482171191, 19.34644628598099558, 16.35757893502958638 ) ) ;
#1071 = VERTEX_POINT ( 'NONE', #512 ) ;
#1072 = CARTESIAN_POINT ( 'NONE',  ( -21.11069043284896196, 110.0000000000000000, -8.673617379884035472E-16 ) ) ;
#1073 = ADVANCED_FACE ( 'NONE', ( #1645 ), #1818, .F. ) ;
#1074 = VERTEX_POINT ( 'NONE', #951 ) ;
#1075 = CYLINDRICAL_SURFACE ( 'NONE', #854, 22.50000000000000355 ) ;
#1076 = CARTESIAN_POINT ( 'NONE',  ( -24.95846608363433106, 20.84004748575755173, -1.440594094263965674 ) ) ;
#1077 = CARTESIAN_POINT ( 'NONE',  ( -15.27210497110900000, 19.49728280979001838, 16.52328743235772279 ) ) ;
#1078 = CARTESIAN_POINT ( 'NONE',  ( 22.45322916642505362, 20.64999999999999858, 1.449999999999764588 ) ) ;
#1079 = VERTEX_POINT ( 'NONE', #410 ) ;
#1080 = CARTESIAN_POINT ( 'NONE',  ( 22.48884563634358003, 21.91723634275234645, 0.7295813091045822985 ) ) ;
#1081 = ORIENTED_EDGE ( 'NONE', *, *, #1946, .F. ) ;
#1082 = CARTESIAN_POINT ( 'NONE',  ( -16.90213543583513101, 20.64999999999999858, 14.85152577039431243 ) ) ;
#1083 = VERTEX_POINT ( 'NONE', #1716 ) ;
#1084 = DIRECTION ( 'NONE',  ( 0.1736481776669386579, 0.000000000000000000, 0.9848077530122065770 ) ) ;
#1085 = CARTESIAN_POINT ( 'NONE',  ( 0.1906379056762825819, 22.09053592486038653, 24.99944601547758438 ) ) ;
#1086 = CARTESIAN_POINT ( 'NONE',  ( -22.49533336187400678, 22.02616783709860115, 0.4665720677029832619 ) ) ;
#1087 = DIRECTION ( 'NONE',  ( -0.000000000000000000, -1.000000000000000000, -0.000000000000000000 ) ) ;
#1088 = CARTESIAN_POINT ( 'NONE',  ( 16.90213543583533706, 20.46074985476537833, 14.85152577039407973 ) ) ;
#1089 = B_SPLINE_CURVE_WITH_KNOTS ( 'NONE', 3,
 ( #326, #1279, #1947, #1937, #486, #167, #965, #634, #145, #640, #1917, #333, #136, #1623, #1314, #1116, #826, #126, #466, #476, #494, #155, #788, #1613 ),
 .UNSPECIFIED., .F., .F.,
 ( 4, 2, 2, 2, 2, 2, 2, 2, 2, 2, 2, 4 ),
 ( 0.004534535684257335816, 0.005101222633952429489, 0.005667909583647523161, 0.005951253058495073467, 0.006234596533342623773, 0.006517940008190174078, 0.006801283483037723517, 0.007367970432732823260, 0.007651313907580371831, 0.007934657382427920402, 0.008501344332123015810, 0.009068031281818111217 ),
 .UNSPECIFIED. ) ;
#1090 = ORIENTED_EDGE ( 'NONE', *, *, #115, .T. ) ;
#1091 = AXIS2_PLACEMENT_3D ( 'NONE', #1350, #541, #1186 ) ;
#1092 = CARTESIAN_POINT ( 'NONE',  ( 10.87017298032927748, 29.94509332582725136, 24.99999999999996092 ) ) ;
#1093 = PRODUCT_DEFINITION_FORMATION_WITH_SPECIFIED_SOURCE ( 'ANY', '', #1467, .NOT_KNOWN. ) ;
#1094 = CARTESIAN_POINT ( 'NONE',  ( -1.450000000000000400, 20.74585349424560476, 22.45322916642505007 ) ) ;
#1095 = DIRECTION ( 'NONE',  ( 0.7724225761776035704, -0.5694947974515007783, 0.2811388260038595877 ) ) ;
#1096 = CARTESIAN_POINT ( 'NONE',  ( 24.99576334194227556, 19.27449740207909556, -0.4685145597308851828 ) ) ;
#1097 = CARTESIAN_POINT ( 'NONE',  ( 17.43663554543374872, 110.0000000000000000, 6.346416324285773847 ) ) ;
#1098 = CARTESIAN_POINT ( 'NONE',  ( 2.755455271706670665E-15, 22.09999999999999787, 22.50000000000000355 ) ) ;
#1099 = VERTEX_POINT ( 'NONE', #1082 ) ;
#1100 = PRODUCT_DEFINITION_SHAPE ( 'NONE', 'NONE',  #1179 ) ;
#1101 = EDGE_CURVE ( 'NONE', #1839, #1079, #639, .T. ) ;
#1102 = CARTESIAN_POINT ( 'NONE',  ( 0.000000000000000000, 0.000000000000000000, 0.000000000000000000 ) ) ;
#1103 = DIRECTION ( 'NONE',  ( -0.9396926207859118696, -0.000000000000000000, -0.3420201433256591095 ) ) ;
#1104 = CARTESIAN_POINT ( 'NONE',  ( -18.54518905246014882, 21.37640257111855746, 16.76540302671313398 ) ) ;
#1105 = CARTESIAN_POINT ( 'NONE',  ( -22.48838764737244134, 21.90810425832129127, 0.7270486192620693178 ) ) ;
#1106 = CARTESIAN_POINT ( 'NONE',  ( -15.44950943482159644, 19.34644628598099203, -16.35757893502969296 ) ) ;
#1107 = EDGE_CURVE ( 'NONE', #934, #1614, #895, .T. ) ;
#1108 = CARTESIAN_POINT ( 'NONE',  ( 0.000000000000000000, 20.64999999999999858, -25.00000000000000000 ) ) ;
#1109 = ORIENTED_EDGE ( 'NONE', *, *, #1207, .T. ) ;
#1110 = MECHANICAL_DESIGN_GEOMETRIC_PRESENTATION_REPRESENTATION (  '', ( #280 ), #1465 ) ;
#1111 = CARTESIAN_POINT ( 'NONE',  ( 8.196568423990413521E-14, 110.0000000000000000, 20.97749077943198870 ) ) ;
#1112 = CARTESIAN_POINT ( 'NONE',  ( 24.99944974357919136, 22.09060030914360695, -0.1901628462968024125 ) ) ;
#1113 = CARTESIAN_POINT ( 'NONE',  ( -22.45322916642503941, 20.74583159383276865, -1.449999999999921352 ) ) ;
#1114 = CARTESIAN_POINT ( 'NONE',  ( -14.85152577039424848, 20.45838077413023726, -16.90213543583518074 ) ) ;
#1115 = CARTESIAN_POINT ( 'NONE',  ( -17.04109236212434197, 19.49728308524756670, 18.29227674958245231 ) ) ;
#1116 = CARTESIAN_POINT ( 'NONE',  ( -22.49100787612161767, 19.34644628598099914, -0.6421021013857851623 ) ) ;
#1117 = ORIENTED_EDGE ( 'NONE', *, *, #1472, .T. ) ;
#1118 = CARTESIAN_POINT ( 'NONE',  ( 18.67321547392686654, 20.46075416354774390, 16.62260580848557723 ) ) ;
#1119 = AXIS2_PLACEMENT_3D ( 'NONE', #971, #811, #445 ) ;
#1120 = CIRCLE ( 'NONE', #1489, 25.00000000000000000 ) ;
#1121 = CARTESIAN_POINT ( 'NONE',  ( 1.449999999999999956, 20.64999999999999858, 24.95791457634231492 ) ) ;
#1122 = EDGE_CURVE ( 'NONE', #1569, #1164, #423, .T. ) ;
#1123 = DIRECTION ( 'NONE',  ( -0.7071067811865536790, -0.000000000000000000, -0.7071067811865414665 ) ) ;
#1124 = CARTESIAN_POINT ( 'NONE',  ( 25.00000000000021672, 20.64999999999999858, 24.99999999999978328 ) ) ;
#1125 = LINE ( 'NONE', #1583, #208 ) ;
#1126 = CARTESIAN_POINT ( 'NONE',  ( -14.85152577039424848, 20.64999999999999858, -16.90213543583518430 ) ) ;
#1127 = EDGE_CURVE ( 'NONE', #477, #828, #2030, .T. ) ;
#1128 = CARTESIAN_POINT ( 'NONE',  ( -1.375816211826829782, 21.11761947877736390, 24.96214052910867309 ) ) ;
#1129 = VECTOR ( 'NONE', #85, 1000.000000000000000 ) ;
#1130 = CARTESIAN_POINT ( 'NONE',  ( -18.47885767715901295, 19.75917930020669999, -16.83893382464947663 ) ) ;
#1131 = EDGE_LOOP ( 'NONE', ( #1409, #1212, #789, #575, #1307, #561 ) ) ;
#1132 = CARTESIAN_POINT ( 'NONE',  ( 18.12719735125241272, 19.34733028443298153, 17.21663170099808582 ) ) ;
#1133 = EDGE_CURVE ( 'NONE', #1223, #64, #1163, .T. ) ;
#1134 = DIRECTION ( 'NONE',  ( -0.000000000000000000, -1.000000000000000000, -0.000000000000000000 ) ) ;
#1135 = B_SPLINE_CURVE_WITH_KNOTS ( 'NONE', 3,
 ( #831, #28, #690, #1334, #711, #1978, #1820, #442, #1414, #723, #1527, #755, #1382, #2063, #921, #1066, #1887, #2054, #1249, #1404, #1539, #1709, #66, #580 ),
 .UNSPECIFIED., .F., .F.,
 ( 4, 2, 2, 2, 2, 2, 2, 2, 2, 2, 2, 4 ),
 ( 0.004534312584917974710, 0.005100972053355634639, 0.005667631521793294568, 0.005950961256012120629, 0.006234290990230945823, 0.006517620724449771884, 0.006800950458668597945, 0.007367609927106250067, 0.007650939661325076996, 0.007934269395543903924, 0.008500928863981559516, 0.009067588332419215108 ),
 .UNSPECIFIED. ) ;
#1136 = CARTESIAN_POINT ( 'NONE',  ( 24.99734299331395349, 22.05356634839440844, -0.3761551069322793817 ) ) ;
#1137 = LINE ( 'NONE', #657, #1868 ) ;
#1138 = DIRECTION ( 'NONE',  ( -0.6427876096865320354, 0.000000000000000000, 0.7660444431189842307 ) ) ;
#1139 = CARTESIAN_POINT ( 'NONE',  ( -16.04394303739637806, 22.09059905109625532, -15.77499736213857418 ) ) ;
#1140 = DIRECTION ( 'NONE',  ( 1.000000000000000000, 0.000000000000000000, 0.000000000000000000 ) ) ;
#1141 = ORIENTED_EDGE ( 'NONE', *, *, #1266, .F. ) ;
#1142 = ORIENTED_EDGE ( 'NONE', *, *, #1346, .F. ) ;
#1143 = CARTESIAN_POINT ( 'NONE',  ( -1.450000000000000622, 20.83923928996381747, -24.95791457634231492 ) ) ;
#1144 = DIRECTION ( 'NONE',  ( -0.4270448439236529947, -0.7474093186836591185, 0.5089322269448569580 ) ) ;
#1145 = FACE_BOUND ( 'NONE', #1463, .T. ) ;
#1146 = CARTESIAN_POINT ( 'NONE',  ( -15.44946626839831438, 21.95351700147079654, 16.35761915982350345 ) ) ;
#1147 = CARTESIAN_POINT ( 'NONE',  ( -18.12719735125229903, 19.34733028443298153, -17.21663170099821372 ) ) ;
#1148 = CARTESIAN_POINT ( 'NONE',  ( -1.267415432139601394, 21.37928128912725612, -22.46439184040528048 ) ) ;
#1149 = ORIENTED_EDGE ( 'NONE', *, *, #599, .F. ) ;
#1150 = CARTESIAN_POINT ( 'NONE',  ( 0.6431245930646487530, 19.34695950536764641, 24.99188057198578861 ) ) ;
#1151 = EDGE_LOOP ( 'NONE', ( #642, #884, #1173, #1308 ) ) ;
#1152 = AXIS2_PLACEMENT_3D ( 'NONE', #1471, #1295, #492 ) ;
#1153 = CARTESIAN_POINT ( 'NONE',  ( -1.449999999999999956, 20.64999999999999858, -24.95791457634231492 ) ) ;
#1154 = CARTESIAN_POINT ( 'NONE',  ( 8.158795558326584541, 110.0000000000000000, -14.13144843558925245 ) ) ;
#1155 = LINE ( 'NONE', #793, #1697 ) ;
#1156 = CARTESIAN_POINT ( 'NONE',  ( -14.99515260415218876, 21.37641663017161875, -16.77492699034736745 ) ) ;
#1157 = CYLINDRICAL_SURFACE ( 'NONE', #1062, 25.00000000000000000 ) ;
#1158 = CARTESIAN_POINT ( 'NONE',  ( 0.7293505808865153872, 19.38262014275639800, -24.98996879196699794 ) ) ;
#1159 = CIRCLE ( 'NONE', #200, 22.50000000000000355 ) ;
#1160 = B_SPLINE_CURVE_WITH_KNOTS ( 'NONE', 3,
 ( #1430, #303, #162, #1437, #1609, #799, #1446, #2099, #1767, #1274, #1942, #1755, #482, #948, #1112, #1136, #1601, #132, #620, #791, #293, #1619, #645, #1912, #490, #1422, #140, #1292 ),
 .UNSPECIFIED., .F., .F.,
 ( 4, 2, 2, 2, 2, 2, 2, 2, 2, 2, 2, 2, 2, 4 ),
 ( 0.000000000000000000, 0.0002833945365573759131, 0.0005667890731147518261, 0.0008501836096721277934, 0.001133578146229503652, 0.001700367219344248431, 0.002267156292458993427, 0.002550550829016365924, 0.002833945365573737989, 0.003117339902131110486, 0.003400734438688482984, 0.003967523511803234051, 0.004250918048360605682, 0.004534312584917976445 ),
 .UNSPECIFIED. ) ;
#1161 = ORIENTED_EDGE ( 'NONE', *, *, #50, .F. ) ;
#1162 = FACE_OUTER_BOUND ( 'NONE', #1462, .T. ) ;
#1163 = B_SPLINE_CURVE_WITH_KNOTS ( 'NONE', 3,
 ( #83, #475, #576, #1865, #1128, #762, #1873, #739, #317, #1707, #252, #1389, #144, #963 ),
 .UNSPECIFIED., .F., .F.,
 ( 4, 2, 2, 2, 2, 2, 4 ),
 ( 0.000000000000000000, 0.0002834591844572109643, 0.0005669183689144219286, 0.0008503775533716329471, 0.001133836737828843857, 0.001700755106743265460, 0.002267673475657686847 ),
 .UNSPECIFIED. ) ;
#1164 = VERTEX_POINT ( 'NONE', #1247 ) ;
#1165 = CARTESIAN_POINT ( 'NONE',  ( 18.62388780166667601, 21.11700723971262761, 16.67789348513802139 ) ) ;
#1166 = DIRECTION ( 'NONE',  ( -0.000000000000000000, -1.000000000000000000, -0.000000000000000000 ) ) ;
#1167 = FACE_OUTER_BOUND ( 'NONE', #499, .T. ) ;
#1168 = CARTESIAN_POINT ( 'NONE',  ( 18.47436271321427981, 21.53401808170109177, -16.84341705178042048 ) ) ;
#1169 = CYLINDRICAL_SURFACE ( 'NONE', #120, 1.449999999999998179 ) ;
#1170 = CARTESIAN_POINT ( 'NONE',  ( 6.808789643208967846E-14, 110.0000000000000000, 17.71397255610128596 ) ) ;
#1171 = ORIENTED_EDGE ( 'NONE', *, *, #1122, .F. ) ;
#1172 = CARTESIAN_POINT ( 'NONE',  ( 16.87130727909757155, 21.02662389163469214, 14.88654882039487859 ) ) ;
#1173 = ORIENTED_EDGE ( 'NONE', *, *, #896, .T. ) ;
#1174 = CARTESIAN_POINT ( 'NONE',  ( -22.45322916642503586, 20.64999999999999858, 1.450000000000078337 ) ) ;
#1175 = ORIENTED_EDGE ( 'NONE', *, *, #1199, .T. ) ;
#1176 = CARTESIAN_POINT ( 'NONE',  ( 18.55083803596658854, 21.38057332055230830, 16.75922790483035385 ) ) ;
#1177 = CARTESIAN_POINT ( 'NONE',  ( 8.196568423990413521E-14, 38.00000000000007816, 20.97749077943198870 ) ) ;
#1178 = CARTESIAN_POINT ( 'NONE',  ( 16.78034226122098715, 19.91923008135477602, -14.98917553135813741 ) ) ;
#1179 = PRODUCT_DEFINITION ( 'UNKNOWN', '', #1093, #538 ) ;
#1180 = CARTESIAN_POINT ( 'NONE',  ( -14.88632074528719329, 21.02542646987014052, -16.87150839655020462 ) ) ;
#1181 = CARTESIAN_POINT ( 'NONE',  ( -16.84341705178022508, 21.53401808170110243, -18.47436271321446100 ) ) ;
#1182 = CARTESIAN_POINT ( 'NONE',  ( 1.449999999999999734, 20.55427555583130328, -24.95791457634230426 ) ) ;
#1183 = LINE ( 'NONE', #383, #947 ) ;
#1184 = CARTESIAN_POINT ( 'NONE',  ( 25.00000000000026645, 20.64999999999999858, -2.618611004132377406E-13 ) ) ;
#1185 = CARTESIAN_POINT ( 'NONE',  ( -16.67789348513807113, 21.11700723971260985, 18.62388780166661917 ) ) ;
#1186 = DIRECTION ( 'NONE',  ( 0.9396926207859118696, 0.000000000000000000, 0.3420201433256591095 ) ) ;
#1187 = DIRECTION ( 'NONE',  ( 0.7071067811865439090, -0.000000000000000000, -0.7071067811865512365 ) ) ;
#1188 = CARTESIAN_POINT ( 'NONE',  ( -24.95791457634231847, 20.64999999999999858, -1.449999999999912692 ) ) ;
#1189 = CARTESIAN_POINT ( 'NONE',  ( -17.94177256910793972, 22.05356634839441909, -17.40980891532871411 ) ) ;
#1190 = EDGE_CURVE ( 'NONE', #1099, #1579, #478, .T. ) ;
#1191 = SURFACE_STYLE_USAGE ( .BOTH. , #1386 ) ;
#1192 = CARTESIAN_POINT ( 'NONE',  ( 15.11906187889750086, 21.60863183725304282, 16.66338654120698592 ) ) ;
#1193 =( BOUNDED_CURVE ( )  B_SPLINE_CURVE ( 3, ( #1324, #1770, #316, #962 ),
 .UNSPECIFIED., .F., .T. ) 
 B_SPLINE_CURVE_WITH_KNOTS ( ( 4, 4 ),
 ( 5.934119456780730495, 6.457718232379019874 ),
 .UNSPECIFIED. ) 
 CURVE ( )  GEOMETRIC_REPRESENTATION_ITEM ( )  RATIONAL_B_SPLINE_CURVE ( ( 1.000000000000000000, 0.9772838841927129483, 0.9772838841927129483, 1.000000000000000000 ) ) 
 REPRESENTATION_ITEM ( '' )  );
#1194 = CARTESIAN_POINT ( 'NONE',  ( 5.659485349281843945E-24, 19.19999999999999929, -25.00000000000000000 ) ) ;
#1195 = CARTESIAN_POINT ( 'NONE',  ( 0.09458164773231877986, 22.09999999999999432, 22.49999999999999645 ) ) ;
#1196 = ORIENTED_EDGE ( 'NONE', *, *, #944, .T. ) ;
#1197 = CARTESIAN_POINT ( 'NONE',  ( 15.77499736213840897, 22.09059905109625888, -16.04394303739654859 ) ) ;
#1198 = AXIS2_PLACEMENT_3D ( 'NONE', #1372, #45, #1363 ) ;
#1199 = EDGE_CURVE ( 'NONE', #1676, #229, #1401, .T. ) ;
#1200 = UNCERTAINTY_MEASURE_WITH_UNIT (LENGTH_MEASURE( 1.000000000000000082E-05 ), #70, 'distance_accuracy_value', 'NONE');
#1201 = ORIENTED_EDGE ( 'NONE', *, *, #443, .F. ) ;
#1202 = CARTESIAN_POINT ( 'NONE',  ( 17.74419435820763979, 22.10003369518803851, 17.61114746494668992 ) ) ;
#1203 = DIRECTION ( 'NONE',  ( 0.000000000000000000, 1.000000000000000000, 0.000000000000000000 ) ) ;
#1204 = DIRECTION ( 'NONE',  ( -0.7660444431189793457, 0.000000000000000000, -0.6427876096865378086 ) ) ;
#1205 = FACE_BOUND ( 'NONE', #1428, .T. ) ;
#1206 = DIRECTION ( 'NONE',  ( 0.7660444431189793457, -0.000000000000000000, 0.6427876096865378086 ) ) ;
#1207 = EDGE_CURVE ( 'NONE', #754, #1892, #348, .T. ) ;
#1208 = VERTEX_POINT ( 'NONE', #426 ) ;
#1209 = CARTESIAN_POINT ( 'NONE',  ( 1.267372412472136167, 19.92063644505114084, 22.46439432795578739 ) ) ;
#1210 = ORIENTED_EDGE ( 'NONE', *, *, #218, .T. ) ;
#1211 = CARTESIAN_POINT ( 'NONE',  ( 15.57668649224793711, 22.02616783709860471, -16.23651903821823339 ) ) ;
#1212 = ORIENTED_EDGE ( 'NONE', *, *, #1346, .T. ) ;
#1213 = LINE ( 'NONE', #257, #2011 ) ;
#1214 = CARTESIAN_POINT ( 'NONE',  ( -25.00000000000008882, 20.64999999999999858, 1.450000000000087219 ) ) ;
#1215 = CARTESIAN_POINT ( 'NONE',  ( -16.89586564166614480, 20.84077539386463584, -14.85866983637821903 ) ) ;
#1216 = CARTESIAN_POINT ( 'NONE',  ( 0.6424724997907649282, 21.95336188657828558, 24.99189739629148121 ) ) ;
#1217 = CARTESIAN_POINT ( 'NONE',  ( 22.48844141796503848, 19.39093414656143466, 0.7254083888594553553 ) ) ;
#1218 = CARTESIAN_POINT ( 'NONE',  ( -24.98448434049470634, 21.80312911125771436, 0.8841492822955899777 ) ) ;
#1219 = EDGE_CURVE ( 'NONE', #1785, #839, #1858, .T. ) ;
#1220 = ORIENTED_EDGE ( 'NONE', *, *, #1357, .F. ) ;
#1221 = CARTESIAN_POINT ( 'NONE',  ( -0.7260783437189491929, 19.39132376183256312, 22.48841957373371159 ) ) ;
#1222 = DIRECTION ( 'NONE',  ( -0.7071067811865536790, -0.000000000000000000, -0.7071067811865413555 ) ) ;
#1223 = VERTEX_POINT ( 'NONE', #1541 ) ;
#1224 = CARTESIAN_POINT ( 'NONE',  ( -16.89591728798748349, 20.84005662128004488, 14.85861096818669047 ) ) ;
#1225 = ORIENTED_EDGE ( 'NONE', *, *, #1219, .F. ) ;
#1226 = DIRECTION ( 'NONE',  ( -0.1736481776669386579, -0.000000000000000000, -0.9848077530122065770 ) ) ;
#1227 = LINE ( 'NONE', #1833, #1897 ) ;
#1228 = AXIS2_PLACEMENT_3D ( 'NONE', #2037, #905, #1557 ) ;
#1229 = CARTESIAN_POINT ( 'NONE',  ( -24.96213863105175079, 21.11751517043449411, -1.375850229300263683 ) ) ;
#1230 = CARTESIAN_POINT ( 'NONE',  ( 1.440519783763729134, 20.84072567426824563, 24.95847044991874597 ) ) ;
#1231 = CARTESIAN_POINT ( 'NONE',  ( 22.48838638837022330, 19.39191008746354328, -0.7271144808405025639 ) ) ;
#1232 = VECTOR ( 'NONE', #1771, 1000.000000000000000 ) ;
#1233 = EDGE_CURVE ( 'NONE', #71, #2004, #455, .T. ) ;
#1234 = CARTESIAN_POINT ( 'NONE',  ( 16.70900032753685949, 19.75917606119071479, 15.06908053399559932 ) ) ;
#1235 = EDGE_CURVE ( 'NONE', #1316, #393, #1773, .T. ) ;
#1236 = CARTESIAN_POINT ( 'NONE',  ( -0.8899871240258309113, 19.48937013642187210, -22.48279963502425360 ) ) ;
#1237 = ORIENTED_EDGE ( 'NONE', *, *, #1859, .T. ) ;
#1238 = CARTESIAN_POINT ( 'NONE',  ( -17.40968231922380127, 19.24650251432829862, 17.94189372936997628 ) ) ;
#1239 = VECTOR ( 'NONE', #2079, 1000.000000000000000 ) ;
#1240 = VERTEX_POINT ( 'NONE', #1447 ) ;
#1241 = FACE_BOUND ( 'NONE', #422, .T. ) ;
#1242 = CARTESIAN_POINT ( 'NONE',  ( -14.98842097788237382, 19.92097978410128079, 16.78101521098899340 ) ) ;
#1243 = CARTESIAN_POINT ( 'NONE',  ( 22.47971103846788665, 19.55712889155461554, 0.9576438470570485251 ) ) ;
#1244 = CARTESIAN_POINT ( 'NONE',  ( 2.755455298081545172E-15, 30.00000000000000000, 22.50000000000000355 ) ) ;
#1245 = CARTESIAN_POINT ( 'NONE',  ( 22.49704751514393308, 22.05356277026863410, -0.3761689302100433285 ) ) ;
#1246 = ORIENTED_EDGE ( 'NONE', *, *, #1504, .F. ) ;
#1247 = CARTESIAN_POINT ( 'NONE',  ( -21.11069043284896551, 110.0000000000000000, 0.000000000000000000 ) ) ;
#1248 = ORIENTED_EDGE ( 'NONE', *, *, #211, .F. ) ;
#1249 = CARTESIAN_POINT ( 'NONE',  ( -24.98174180462081395, 19.55712069436376410, -0.9576354730426803741 ) ) ;
#1250 = B_SPLINE_CURVE_WITH_KNOTS ( 'NONE', 3,
 ( #210, #1851, #2014, #1209, #562, #37, #1014, #1061, #1691, #862, #358, #237, #1534, #699 ),
 .UNSPECIFIED., .F., .F.,
 ( 4, 2, 2, 2, 2, 2, 4 ),
 ( 0.004534535684257335816, 0.005101513333508523110, 0.005668490982759710403, 0.005951979807385307519, 0.006235468632010905503, 0.006518957456636503486, 0.006802446281262100602 ),
 .UNSPECIFIED. ) ;
#1251 = CARTESIAN_POINT ( 'NONE',  ( -1.449999999999999956, 20.64999999999999858, 24.95791457634231136 ) ) ;
#1252 = CARTESIAN_POINT ( 'NONE',  ( -22.46226655573563136, 21.29313537457844063, -1.303039149886408010 ) ) ;
#1253 = CARTESIAN_POINT ( 'NONE',  ( -16.52328743235766950, 19.49728280979001838, -15.27210497110906040 ) ) ;
#1254 = CARTESIAN_POINT ( 'NONE',  ( 22.48275884454714202, 21.80312298059470422, -0.8841568928655997306 ) ) ;
#1255 = ORIENTED_EDGE ( 'NONE', *, *, #2048, .F. ) ;
#1256 = ORIENTED_EDGE ( 'NONE', *, *, #456, .T. ) ;
#1257 = CARTESIAN_POINT ( 'NONE',  ( 23.49231551964777509, 33.53524411804205130, 8.550503583141548347 ) ) ;
#1258 = CARTESIAN_POINT ( 'NONE',  ( -16.78034226122109374, 19.91923008135477957, 14.98917553135802017 ) ) ;
#1259 = CARTESIAN_POINT ( 'NONE',  ( -3.222160012893071190, 38.00000000000006395, -18.27377750101917897 ) ) ;
#1260 = DIRECTION ( 'NONE',  ( -0.7660444431189742387, 0.000000000000000000, 0.6427876096865438038 ) ) ;
#1261 = ADVANCED_FACE ( 'NONE', ( #1768 ), #2074, .F. ) ;
#1262 = CARTESIAN_POINT ( 'NONE',  ( 15.27338711943743199, 19.49595515885233965, 16.52210218585019064 ) ) ;
#1263 = ORIENTED_EDGE ( 'NONE', *, *, #306, .F. ) ;
#1264 = VECTOR ( 'NONE', #1611, 1000.000000000000000 ) ;
#1265 = CARTESIAN_POINT ( 'NONE',  ( 17.04109236212421052, 19.49728308524756315, -18.29227674958256955 ) ) ;
#1266 = EDGE_CURVE ( 'NONE', #852, #1726, #960, .T. ) ;
#1267 = CARTESIAN_POINT ( 'NONE',  ( -0.1892497742772819014, 22.09999999999999787, 22.50000000000000711 ) ) ;
#1268 = CLOSED_SHELL ( 'NONE', ( #679, #1971, #1725, #1261, #1278, #993, #1763, #1073, #1752, #1635, #2106, #632, #526, #633, #496, #49, #184, #560, #213, #759, #922, #2010, #610, #1783, #113, #807, #487, #1681, #654, #1309, #1441, #1723, #1651, #806, #1853, #1581, #1289, #967, #1415, #752, #364 ) ) ;
#1269 = CARTESIAN_POINT ( 'NONE',  ( -0.8841918960070359601, 21.80312134580699990, -24.98448365823325190 ) ) ;
#1270 = CARTESIAN_POINT ( 'NONE',  ( 24.99186119594442701, 19.34733028443297798, -0.6438671460104212763 ) ) ;
#1271 = CARTESIAN_POINT ( 'NONE',  ( 5.204170427930421283E-14, 44.51835927248877312, 10.34109864344026697 ) ) ;
#1272 = FACE_BOUND ( 'NONE', #1375, .T. ) ;
#1273 = ORIENTED_EDGE ( 'NONE', *, *, #1780, .T. ) ;
#1274 = CARTESIAN_POINT ( 'NONE',  ( 24.98446411297644687, 21.80922433054843523, 0.8913363086073515795 ) ) ;
#1275 = FACE_OUTER_BOUND ( 'NONE', #927, .T. ) ;
#1276 = DIRECTION ( 'NONE',  ( 0.1736481776669385468, 0.000000000000000000, 0.9848077530122065770 ) ) ;
#1277 = LINE ( 'NONE', #1244, #2003 ) ;
#1278 = ADVANCED_FACE ( 'NONE', ( #152 ), #1457, .F. ) ;
#1279 = CARTESIAN_POINT ( 'NONE',  ( -22.45322916642503586, 20.46074985476537478, 1.450000000000078337 ) ) ;
#1280 = VERTEX_POINT ( 'NONE', #2110 ) ;
#1281 = CARTESIAN_POINT ( 'NONE',  ( 18.47809816598646293, 19.75767522203642557, -16.83976975305907331 ) ) ;
#1282 = CARTESIAN_POINT ( 'NONE',  ( -25.00000000000000000, 110.0000000000000000, 0.000000000000000000 ) ) ;
#1283 = LINE ( 'NONE', #628, #1239 ) ;
#1284 = CARTESIAN_POINT ( 'NONE',  ( -22.46442494925117117, 21.38057532223046309, 1.266857043070644062 ) ) ;
#1285 = PLANE ( 'NONE',  #2076 ) ;
#1286 = CARTESIAN_POINT ( 'NONE',  ( 3.061616997868383043E-15, 30.00000000000000000, 25.00000000000000000 ) ) ;
#1287 = CARTESIAN_POINT ( 'NONE',  ( -17.40852978411990293, 19.23736857897699437, -17.94363437680736340 ) ) ;
#1288 = ORIENTED_EDGE ( 'NONE', *, *, #603, .F. ) ;
#1289 = ADVANCED_FACE ( 'NONE', ( #773 ), #621, .F. ) ;
#1290 = AXIS2_PLACEMENT_3D ( 'NONE', #1747, #2080, #629 ) ;
#1291 = DIRECTION ( 'NONE',  ( 1.000000000000000000, 0.000000000000000000, 0.000000000000000000 ) ) ;
#1292 = CARTESIAN_POINT ( 'NONE',  ( 24.95791457634229715, 20.64999999999999858, -1.450000000000261302 ) ) ;
#1293 = CARTESIAN_POINT ( 'NONE',  ( -4.341204441673363057, 33.03916013115775030, -24.62019382530518286 ) ) ;
#1294 = CARTESIAN_POINT ( 'NONE',  ( 17.43663554543374872, 38.00000000000007816, 6.346416324285773847 ) ) ;
#1295 = DIRECTION ( 'NONE',  ( -0.6427876096865321465, 0.000000000000000000, 0.7660444431189841197 ) ) ;
#1296 = CARTESIAN_POINT ( 'NONE',  ( -15.57668649224804902, 22.02616783709860826, 16.23651903821812326 ) ) ;
#1297 = CARTESIAN_POINT ( 'NONE',  ( -18.34299560218551406, 19.55853030592676944, -16.98643519662405055 ) ) ;
#1298 = CARTESIAN_POINT ( 'NONE',  ( 0.3817906435131568355, 22.06151091031693667, -22.49743632564206663 ) ) ;
#1299 = CARTESIAN_POINT ( 'NONE',  ( 18.64796567370385105, 20.27000066408747969, 16.65108426711831768 ) ) ;
#1300 = SHAPE_DEFINITION_REPRESENTATION ( #1100, #653 ) ;
#1301 = CARTESIAN_POINT ( 'NONE',  ( -18.47436271321440415, 21.53401808170110243, 16.84341705178029613 ) ) ;
#1302 = CARTESIAN_POINT ( 'NONE',  ( 0.000000000000000000, 31.40211086445840394, -25.00000000000000000 ) ) ;
#1303 = PLANE ( 'NONE',  #1152 ) ;
#1304 = CARTESIAN_POINT ( 'NONE',  ( 17.15618941574742706, 21.90811294858030678, -18.18437082895102108 ) ) ;
#1305 = CARTESIAN_POINT ( 'NONE',  ( 0.000000000000000000, 27.99999999999999645, -22.50000000000000355 ) ) ;
#1306 = CARTESIAN_POINT ( 'NONE',  ( -0.6432719042420530497, 21.95297327395606857, -22.49097413996876327 ) ) ;
#1307 = ORIENTED_EDGE ( 'NONE', *, *, #298, .F. ) ;
#1308 = ORIENTED_EDGE ( 'NONE', *, *, #406, .F. ) ;
#1309 = ADVANCED_FACE ( 'NONE', ( #1275 ), #1694, .F. ) ;
#1310 = CARTESIAN_POINT ( 'NONE',  ( 17.15468928187956621, 21.91724442323200250, 18.18645374514129642 ) ) ;
#1311 = CARTESIAN_POINT ( 'NONE',  ( 19.98547411750150360, 30.12676692265426226, -15.77018464953503951 ) ) ;
#1312 = CARTESIAN_POINT ( 'NONE',  ( 8.158795558326584541, 110.0000000000000000, -14.13144843558925245 ) ) ;
#1313 = CARTESIAN_POINT ( 'NONE',  ( 16.75922790483030056, 21.38057332055231186, -18.55083803596665248 ) ) ;
#1314 = CARTESIAN_POINT ( 'NONE',  ( -22.49750484562735409, 19.23738105445973545, -0.3784141784448575851 ) ) ;
#1315 = CARTESIAN_POINT ( 'NONE',  ( -1.449999999999999734, 20.83924973064680231, -22.45322916642503941 ) ) ;
#1316 = VERTEX_POINT ( 'NONE', #995 ) ;
#1317 = AXIS2_PLACEMENT_3D ( 'NONE', #1827, #549, #1330 ) ;
#1318 = CARTESIAN_POINT ( 'NONE',  ( 18.64761240023176825, 20.26803843530321814, -16.65148094214892183 ) ) ;
#1319 = VECTOR ( 'NONE', #1933, 1000.000000000000000 ) ;
#1320 = ORIENTED_EDGE ( 'NONE', *, *, #282, .F. ) ;
#1321 = VECTOR ( 'NONE', #782, 1000.000000000000000 ) ;
#1322 = CARTESIAN_POINT ( 'NONE',  ( 16.65718873035149272, 21.02541092453957461, 18.64238193455453185 ) ) ;
#1323 = DIRECTION ( 'NONE',  ( -0.000000000000000000, -1.000000000000000000, -0.000000000000000000 ) ) ;
#1324 = CARTESIAN_POINT ( 'NONE',  ( 0.000000000000000000, 31.40211086445840394, -25.00000000000000000 ) ) ;
#1325 = CARTESIAN_POINT ( 'NONE',  ( -15.64182325321111833, 22.05356277026863410, 16.17380645605737044 ) ) ;
#1326 = CARTESIAN_POINT ( 'NONE',  ( -0.8835062644322594361, 19.49636590963944371, 24.98450758825665474 ) ) ;
#1327 = CARTESIAN_POINT ( 'NONE',  ( 0.000000000000000000, 22.09999999999999787, -22.50000000000000355 ) ) ;
#1328 = AXIS2_PLACEMENT_3D ( 'NONE', #1895, #1702, #1385 ) ;
#1329 = ORIENTED_EDGE ( 'NONE', *, *, #12, .T. ) ;
#1330 = DIRECTION ( 'NONE',  ( 0.000000000000000000, 0.000000000000000000, 1.000000000000000000 ) ) ;
#1331 = ORIENTED_EDGE ( 'NONE', *, *, #1041, .T. ) ;
#1332 = CARTESIAN_POINT ( 'NONE',  ( 16.89591728798738046, 20.84005662128004488, -14.85861096818680771 ) ) ;
#1333 = VERTEX_POINT ( 'NONE', #1043 ) ;
#1334 = CARTESIAN_POINT ( 'NONE',  ( -24.96794968504276113, 19.92099546792112719, 1.267564421828548227 ) ) ;
#1335 = CARTESIAN_POINT ( 'NONE',  ( 8.196568423990413521E-14, 110.0000000000000000, 20.97749077943198870 ) ) ;
#1336 = DIRECTION ( 'NONE',  ( -0.7660444431189792347, 0.000000000000000000, 0.6427876096865379196 ) ) ;
#1337 = CARTESIAN_POINT ( 'NONE',  ( -14.85152577039424848, 20.64999999999999858, -16.90213543583518430 ) ) ;
#1338 = FACE_OUTER_BOUND ( 'NONE', #1151, .T. ) ;
#1339 = CARTESIAN_POINT ( 'NONE',  ( 16.23651903821818010, 22.02616783709861181, 15.57668649224799751 ) ) ;
#1340 = PLANE ( 'NONE',  #953 ) ;
#1341 = LINE ( 'NONE', #522, #943 ) ;
#1342 = EDGE_LOOP ( 'NONE', ( #1606, #1999, #1961, #1013 ) ) ;
#1343 = CARTESIAN_POINT ( 'NONE',  ( 16.41790714161082221, 21.91723634275235000, -15.38612335942126030 ) ) ;
#1344 = EDGE_CURVE ( 'NONE', #2001, #1503, #1669, .T. ) ;
#1345 = B_SPLINE_CURVE_WITH_KNOTS ( 'NONE', 3,
 ( #1327, #1498, #848, #1782, #355, #1306, #697, #168, #1643, #1948, #1148, #1793, #1315, #650 ),
 .UNSPECIFIED., .F., .F.,
 ( 4, 2, 2, 2, 2, 2, 4 ),
 ( 0.000000000000000000, 0.0002834732644541122152, 0.0005669465289082244305, 0.0008504197933623364831, 0.001133893057816448644, 0.001700839586724673183, 0.002267786115632897722 ),
 .UNSPECIFIED. ) ;
#1346 = EDGE_CURVE ( 'NONE', #2001, #1, #520, .T. ) ;
#1347 = UNCERTAINTY_MEASURE_WITH_UNIT (LENGTH_MEASURE( 1.000000000000000082E-05 ), #480, 'distance_accuracy_value', 'NONE');
#1348 = EDGE_CURVE ( 'NONE', #1816, #2095, #957, .T. ) ;
#1349 = CARTESIAN_POINT ( 'NONE',  ( 16.62260580848589697, 20.74582650910053161, 18.67321547392658232 ) ) ;
#1350 = CARTESIAN_POINT ( 'NONE',  ( -3.222160012893071190, 110.0000000000000000, -18.27377750101917897 ) ) ;
#1351 = LINE ( 'NONE', #1844, #1567 ) ;
#1352 = FACE_OUTER_BOUND ( 'NONE', #979, .T. ) ;
#1353 = FILL_AREA_STYLE_COLOUR ( '', #514 ) ;
#1354 = LINE ( 'NONE', #1975, #1964 ) ;
#1355 = CARTESIAN_POINT ( 'NONE',  ( 16.77492699034720758, 21.37641663017161875, -14.99515260415236284 ) ) ;
#1356 = VERTEX_POINT ( 'NONE', #1282 ) ;
#1357 = EDGE_CURVE ( 'NONE', #1726, #1083, #130, .T. ) ;
#1358 = CARTESIAN_POINT ( 'NONE',  ( 6.808789643208967846E-14, 27.99999999999999645, 17.71397255610128596 ) ) ;
#1359 = CARTESIAN_POINT ( 'NONE',  ( 1.449999999999999956, 20.64999999999999858, -22.45322916642504296 ) ) ;
#1360 = LINE ( 'NONE', #2020, #411 ) ;
#1361 = VECTOR ( 'NONE', #1470, 1000.000000000000000 ) ;
#1362 = CARTESIAN_POINT ( 'NONE',  ( 24.99999999999969447, 20.64999999999999858, -25.00000000000030198 ) ) ;
#1363 = DIRECTION ( 'NONE',  ( -0.7660444431189792347, 0.000000000000000000, -0.6427876096865378086 ) ) ;
#1364 = CARTESIAN_POINT ( 'NONE',  ( 8.196568423990413521E-14, 110.0000000000000000, 20.97749077943198870 ) ) ;
#1365 = EDGE_LOOP ( 'NONE', ( #1273, #419 ) ) ;
#1366 = CARTESIAN_POINT ( 'NONE',  ( 16.62260580848590052, 20.45839080608687510, 18.67321547392657521 ) ) ;
#1367 = EDGE_CURVE ( 'NONE', #1569, #1083, #481, .T. ) ;
#1368 = VERTEX_POINT ( 'NONE', #1121 ) ;
#1369 = CARTESIAN_POINT ( 'NONE',  ( 12.50589417353390687, 110.0000000000000000, -7.220281367546923512 ) ) ;
#1370 = CARTESIAN_POINT ( 'NONE',  ( 6.889512293469427284, 110.0000000000000000, -11.93298533165969566 ) ) ;
#1371 = FACE_OUTER_BOUND ( 'NONE', #137, .T. ) ;
#1372 = CARTESIAN_POINT ( 'NONE',  ( 8.196568423990413521E-14, 110.0000000000000000, 20.97749077943198870 ) ) ;
#1373 = CARTESIAN_POINT ( 'NONE',  ( 15.97643054343617131, 22.10003375933952441, 15.84337768672395796 ) ) ;
#1374 = EDGE_CURVE ( 'NONE', #600, #1634, #1701, .T. ) ;
#1375 = EDGE_LOOP ( 'NONE', ( #226, #942 ) ) ;
#1376 = CARTESIAN_POINT ( 'NONE',  ( -1.450000000000000400, 20.45847907112460717, 22.45322916642504296 ) ) ;
#1377 = CARTESIAN_POINT ( 'NONE',  ( -0.7304197101553896454, 19.38306003208612438, -22.48882754268172235 ) ) ;
#1378 = ORIENTED_EDGE ( 'NONE', *, *, #974, .T. ) ;
#1379 = CARTESIAN_POINT ( 'NONE',  ( -16.90213543583513101, 20.64999999999999858, 14.85152577039431243 ) ) ;
#1380 = DIRECTION ( 'NONE',  ( 9.570888143320315493E-15, 0.000000000000000000, 1.000000000000000000 ) ) ;
#1381 = ORIENTED_EDGE ( 'NONE', *, *, #1233, .T. ) ;
#1382 = CARTESIAN_POINT ( 'NONE',  ( -24.99999543148434356, 19.20007876753756904, 0.09684885010581313625 ) ) ;
#1383 = CARTESIAN_POINT ( 'NONE',  ( 17.43663554543374872, 110.0000000000000000, 6.346416324285773847 ) ) ;
#1384 = EDGE_CURVE ( 'NONE', #839, #1569, #451, .T. ) ;
#1385 = DIRECTION ( 'NONE',  ( 0.7071067811865463515, 0.000000000000000000, -0.7071067811865487940 ) ) ;
#1386 = SURFACE_SIDE_STYLE ('',( #1997 ) ) ;
#1387 = CYLINDRICAL_SURFACE ( 'NONE', #1228, 22.50000000000000355 ) ;
#1388 = ORIENTED_EDGE ( 'NONE', *, *, #504, .T. ) ;
#1389 = CARTESIAN_POINT ( 'NONE',  ( -0.3801565038279690611, 22.06197545063060872, 24.99771921258936658 ) ) ;
#1390 = ORIENTED_EDGE ( 'NONE', *, *, #1510, .F. ) ;
#1391 = CARTESIAN_POINT ( 'NONE',  ( 0.1915101580797286263, 22.09999999999999787, -25.00000000000000355 ) ) ;
#1392 = EDGE_CURVE ( 'NONE', #587, #1316, #969, .T. ) ;
#1393 = CARTESIAN_POINT ( 'NONE',  ( 1.376059010711279562, 21.11690468642026985, 24.96212707966029143 ) ) ;
#1394 = CARTESIAN_POINT ( 'NONE',  ( 22.49529239376954948, 19.27449952282071877, -0.4685219856145546036 ) ) ;
#1395 = FACE_BOUND ( 'NONE', #1751, .T. ) ;
#1396 = VECTOR ( 'NONE', #1699, 1000.000000000000000 ) ;
#1397 = ORIENTED_EDGE ( 'NONE', *, *, #437, .F. ) ;
#1398 = CARTESIAN_POINT ( 'NONE',  ( 22.45322916642505717, 20.74583159383276865, 1.449999999999764810 ) ) ;
#1399 = VECTOR ( 'NONE', #417, 1000.000000000000000 ) ;
#1400 = ORIENTED_EDGE ( 'NONE', *, *, #1107, .T. ) ;
#1401 = B_SPLINE_CURVE_WITH_KNOTS ( 'NONE', 3,
 ( #5, #1450, #493, #693, #31, #2113, #1482, #1168, #670, #1811, #332, #353, #1460, #17, #2102, #1935, #530, #1641, #1304, #660, #680, #986, #1313, #1649, #505, #1970, #1945, #1632 ),
 .UNSPECIFIED., .F., .F.,
 ( 4, 2, 2, 2, 2, 2, 2, 2, 2, 2, 2, 2, 2, 4 ),
 ( 0.000000000000000000, 0.0002833945365573758046, 0.0005667890731147516093, 0.0008501836096721274681, 0.001133578146229503219, 0.001700367219344242576, 0.002267156292458982151, 0.002550550829016355082, 0.002833945365573728448, 0.003117339902131101813, 0.003400734438688475178, 0.003967523511803229715, 0.004250918048360601345, 0.004534312584917972976 ),
 .UNSPECIFIED. ) ;
#1402 = CARTESIAN_POINT ( 'NONE',  ( -16.80460882141666445, 21.29313537457844419, 14.96183318334425572 ) ) ;
#1403 = ORIENTED_EDGE ( 'NONE', *, *, #254, .F. ) ;
#1404 = CARTESIAN_POINT ( 'NONE',  ( -24.97350390260790931, 19.75767522203642557, -1.158473130591769928 ) ) ;
#1405 = CARTESIAN_POINT ( 'NONE',  ( -1.411517613308475250, 20.26823296727937063, 24.96022582533732503 ) ) ;
#1406 =( NAMED_UNIT ( * ) SI_UNIT ( $, .STERADIAN. ) SOLID_ANGLE_UNIT ( ) );
#1407 = FACE_OUTER_BOUND ( 'NONE', #264, .T. ) ;
#1408 = CARTESIAN_POINT ( 'NONE',  ( 22.45617634195700063, 21.02542646987014763, 1.403739650135675143 ) ) ;
#1409 = ORIENTED_EDGE ( 'NONE', *, *, #1344, .F. ) ;
#1410 = CARTESIAN_POINT ( 'NONE',  ( -17.94363437680729589, 19.23736857897700148, 17.40852978411996688 ) ) ;
#1411 = APPLICATION_CONTEXT ( 'automotive_design' ) ;
#1412 = EDGE_CURVE ( 'NONE', #1614, #1333, #1120, .T. ) ;
#1413 = ORIENTED_EDGE ( 'NONE', *, *, #896, .F. ) ;
#1414 = CARTESIAN_POINT ( 'NONE',  ( -24.99186119594444122, 19.34733028443298153, 0.6438671460102460831 ) ) ;
#1415 = ADVANCED_FACE ( 'NONE', ( #292 ), #937, .F. ) ;
#1416 = CARTESIAN_POINT ( 'NONE',  ( -16.57271257263042230, 19.55712889155461554, 15.21839965619903268 ) ) ;
#1417 = CARTESIAN_POINT ( 'NONE',  ( 24.95791457634229715, 20.64999999999999858, -1.450000000000261302 ) ) ;
#1418 = CARTESIAN_POINT ( 'NONE',  ( -15.64055900444480329, 19.23738105445974256, -16.17571746779584529 ) ) ;
#1419 = CARTESIAN_POINT ( 'NONE',  ( 22.48838764737243423, 21.90810425832129837, -0.7270486192622261923 ) ) ;
#1420 = VERTEX_POINT ( 'NONE', #1111 ) ;
#1421 = CARTESIAN_POINT ( 'NONE',  ( -0.8911061442114303066, 21.80940622319045730, 22.48274619688037390 ) ) ;
#1422 = CARTESIAN_POINT ( 'NONE',  ( 24.95847070821352531, 20.84076922787790664, -1.440515415883155681 ) ) ;
#1423 = CARTESIAN_POINT ( 'NONE',  ( -22.45619540389767366, 21.02662389163469925, 1.403436165165919292 ) ) ;
#1424 = CYLINDRICAL_SURFACE ( 'NONE', #372, 25.00000000000000000 ) ;
#1425 = CARTESIAN_POINT ( 'NONE',  ( 16.87706304263916479, 20.26998498326822684, 14.88018743082396611 ) ) ;
#1426 = ORIENTED_EDGE ( 'NONE', *, *, #1374, .T. ) ;
#1427 = AXIS2_PLACEMENT_3D ( 'NONE', #1312, #1138, #1956 ) ;
#1428 = EDGE_LOOP ( 'NONE', ( #625, #796 ) ) ;
#1429 = VECTOR ( 'NONE', #716, 1000.000000000000000 ) ;
#1430 = CARTESIAN_POINT ( 'NONE',  ( 24.95791457634232913, 20.64999999999999858, 1.449999999999738387 ) ) ;
#1431 = CARTESIAN_POINT ( 'NONE',  ( 24.95791457634229715, 20.46075416354775101, -1.450000000000261302 ) ) ;
#1432 = CARTESIAN_POINT ( 'NONE',  ( -16.17392718384592243, 19.24650614072062638, -15.64169648140651603 ) ) ;
#1433 = FACE_OUTER_BOUND ( 'NONE', #1717, .T. ) ;
#1434 = ORIENTED_EDGE ( 'NONE', *, *, #1615, .F. ) ;
#1435 = EDGE_CURVE ( 'NONE', #1, #185, #1464, .T. ) ;
#1436 = CARTESIAN_POINT ( 'NONE',  ( -14.64466094067256563, 28.00413805077140239, 25.00000000000005684 ) ) ;
#1437 = CARTESIAN_POINT ( 'NONE',  ( 24.96056579012877918, 21.02541092453958882, 1.403743576657373593 ) ) ;
#1438 = CARTESIAN_POINT ( 'NONE',  ( 24.97344986746139028, 19.75917930020669289, -1.159601276739280262 ) ) ;
#1439 = CARTESIAN_POINT ( 'NONE',  ( -26.02530483272053274, 20.64999999999999858, -23.97469516727946370 ) ) ;
#1440 = CARTESIAN_POINT ( 'NONE',  ( -17.21663170099814977, 19.34733028443297798, 18.12719735125235943 ) ) ;
#1441 = ADVANCED_FACE ( 'NONE', ( #564 ), #1027, .F. ) ;
#1442 = CARTESIAN_POINT ( 'NONE',  ( -17.74614877789520406, 19.20007876753757614, -17.60918382057538878 ) ) ;
#1443 = ORIENTED_EDGE ( 'NONE', *, *, #781, .T. ) ;
#1444 = CARTESIAN_POINT ( 'NONE',  ( 0.3753831508988147436, 19.24624576300756473, 24.99735360801731687 ) ) ;
#1445 = CARTESIAN_POINT ( 'NONE',  ( -1.257929628089267116, 19.92265217856435555, -22.46486983687914929 ) ) ;
#1446 = CARTESIAN_POINT ( 'NONE',  ( 24.96835910689543425, 21.37640257111855746, 1.258498767866640833 ) ) ;
#1447 = CARTESIAN_POINT ( 'NONE',  ( 1.449999999999999956, 20.64999999999999858, -24.95791457634231136 ) ) ;
#1448 = CARTESIAN_POINT ( 'NONE',  ( 24.98174180462082461, 19.55712069436376765, 0.9576354730425062911 ) ) ;
#1449 = DIRECTION ( 'NONE',  ( -0.2272258153769944888, -0.7474093186836591185, 0.6242977968654771503 ) ) ;
#1450 = CARTESIAN_POINT ( 'NONE',  ( 18.67321547392652192, 20.74582650910053161, -16.62260580848596803 ) ) ;
#1451 = CARTESIAN_POINT ( 'NONE',  ( 18.67321547392651837, 20.64999999999999858, -16.62260580848596447 ) ) ;
#1452 = VERTEX_POINT ( 'NONE', #59 ) ;
#1453 = EDGE_LOOP ( 'NONE', ( #1051, #2107, #641, #194 ) ) ;
#1454 = CARTESIAN_POINT ( 'NONE',  ( 0.8841737657653786497, 19.49685964090929957, 24.98448447321466404 ) ) ;
#1455 = ORIENTED_EDGE ( 'NONE', *, *, #1806, .F. ) ;
#1456 = CARTESIAN_POINT ( 'NONE',  ( -18.66695446874360087, 20.84004748575756238, 16.62964676276098075 ) ) ;
#1457 = CYLINDRICAL_SURFACE ( 'NONE', #751, 1.449999999999998401 ) ;
#1458 = CARTESIAN_POINT ( 'NONE',  ( 24.96022827213428741, 20.26803843530321814, 1.411478090150212639 ) ) ;
#1459 = CARTESIAN_POINT ( 'NONE',  ( -25.00000000000009237, 20.64999999999999858, 8.728703347107864943E-14 ) ) ;
#1460 = CARTESIAN_POINT ( 'NONE',  ( 17.81181229581423153, 22.09993233214628106, -17.54352121309931789 ) ) ;
#1461 = CARTESIAN_POINT ( 'NONE',  ( -18.29227674958238481, 19.49728308524755604, -17.04109236212440592 ) ) ;
#1462 = EDGE_LOOP ( 'NONE', ( #1403, #539, #119, #1713 ) ) ;
#1463 = EDGE_LOOP ( 'NONE', ( #897, #1760, #1171, #159, #1225, #1255 ) ) ;
#1464 = B_SPLINE_CURVE_WITH_KNOTS ( 'NONE', 3,
 ( #2086, #636, #469, #1765, #139, #798, #1445, #2098, #1990, #1236, #1377, #421, #2025, #1558, #1535, #225 ),
 .UNSPECIFIED., .F., .F.,
 ( 4, 2, 2, 2, 2, 2, 2, 4 ),
 ( 0.002267786115632897722, 0.002551129831228603814, 0.002834473546824309471, 0.003117817262420015563, 0.003401160978015721655, 0.003967848409207132970, 0.004251192124802839062, 0.004534535840398545153 ),
 .UNSPECIFIED. ) ;
#1465 =( GEOMETRIC_REPRESENTATION_CONTEXT ( 3 ) GLOBAL_UNCERTAINTY_ASSIGNED_CONTEXT ( ( #1200 ) ) GLOBAL_UNIT_ASSIGNED_CONTEXT ( ( #70, #2034, #1406 ) ) REPRESENTATION_CONTEXT ( 'NONE', 'WORKASPACE' ) );
#1466 = CARTESIAN_POINT ( 'NONE',  ( 18.18324803994659433, 19.39092837485024035, -17.15738044098892701 ) ) ;
#1467 = PRODUCT ( 'DifferentAngles', 'DifferentAngles', '', ( #1929 ) ) ;
#1468 = ORIENTED_EDGE ( 'NONE', *, *, #964, .F. ) ;
#1469 = LINE ( 'NONE', #1358, #989 ) ;
#1470 = DIRECTION ( 'NONE',  ( -0.7071067811865389130, -0.000000000000000000, 0.7071067811865561215 ) ) ;
#1471 = CARTESIAN_POINT ( 'NONE',  ( 6.889512293469427284, 110.0000000000000000, -11.93298533165969566 ) ) ;
#1472 = EDGE_CURVE ( 'NONE', #1634, #310, #255, .T. ) ;
#1473 = CARTESIAN_POINT ( 'NONE',  ( -15.27251790418309696, 21.80312298059469711, 16.52290457333911533 ) ) ;
#1474 = CYLINDRICAL_SURFACE ( 'NONE', #849, 1.449999999999999956 ) ;
#1475 = DIRECTION ( 'NONE',  ( -0.000000000000000000, -1.000000000000000000, -0.000000000000000000 ) ) ;
#1476 = VECTOR ( 'NONE', #996, 1000.000000000000000 ) ;
#1477 = EDGE_CURVE ( 'NONE', #1001, #1071, #563, .T. ) ;
#1478 = ORIENTED_EDGE ( 'NONE', *, *, #817, .F. ) ;
#1479 = CARTESIAN_POINT ( 'NONE',  ( -16.65741528632765878, 21.02660701648793662, 18.64217961331151230 ) ) ;
#1480 = CARTESIAN_POINT ( 'NONE',  ( 0.000000000000000000, 22.09999999999999787, -22.50000000000000355 ) ) ;
#1481 = DIRECTION ( 'NONE',  ( 0.7660444431189742387, 0.000000000000000000, -0.6427876096865438038 ) ) ;
#1482 = CARTESIAN_POINT ( 'NONE',  ( 18.54518905246003513, 21.37640257111855391, -16.76540302671325833 ) ) ;
#1483 = DIRECTION ( 'NONE',  ( -0.3420201433256591095, 0.000000000000000000, 0.9396926207859118696 ) ) ;
#1484 = LINE ( 'NONE', #827, #651 ) ;
#1485 = CARTESIAN_POINT ( 'NONE',  ( 16.04394303739649175, 22.09059905109625888, 15.77499736213847115 ) ) ;
#1486 = ORIENTED_EDGE ( 'NONE', *, *, #1801, .F. ) ;
#1487 = CARTESIAN_POINT ( 'NONE',  ( 16.78055042302102251, 21.38057532223045953, 14.98894401112248431 ) ) ;
#1488 = ORIENTED_EDGE ( 'NONE', *, *, #253, .T. ) ;
#1489 = AXIS2_PLACEMENT_3D ( 'NONE', #1911, #150, #313 ) ;
#1490 = CARTESIAN_POINT ( 'NONE',  ( 15.38759039447617738, 21.90810425832129837, -16.41579241234149222 ) ) ;
#1491 = B_SPLINE_CURVE_WITH_KNOTS ( 'NONE', 3,
 ( #394, #573, #224, #1514, #1221, #181, #883, #871, #1039, #1050, #1376, #1667 ),
 .UNSPECIFIED., .F., .F.,
 ( 4, 2, 2, 2, 2, 4 ),
 ( 0.006802446281262100602, 0.007368842531401109328, 0.007652040656470611088, 0.007935238781540112848, 0.008501635031679111165, 0.009068031281818109482 ),
 .UNSPECIFIED. ) ;
#1492 = VECTOR ( 'NONE', #1007, 1000.000000000000114 ) ;
#1493 = CARTESIAN_POINT ( 'NONE',  ( -24.95791457634230781, 20.64999999999999858, 1.450000000000086997 ) ) ;
#1494 = LINE ( 'NONE', #1335, #578 ) ;
#1495 = CARTESIAN_POINT ( 'NONE',  ( 15.64169648140634905, 19.24650614072062638, -16.17392718384607875 ) ) ;
#1496 = CARTESIAN_POINT ( 'NONE',  ( -15.21858861120934314, 21.74319175312462704, 16.57254216410359859 ) ) ;
#1497 = DIRECTION ( 'NONE',  ( -0.000000000000000000, -1.000000000000000000, -0.000000000000000000 ) ) ;
#1498 = CARTESIAN_POINT ( 'NONE',  ( -0.09585348762463286043, 22.09999999999999787, -22.50000000000000355 ) ) ;
#1499 = VECTOR ( 'NONE', #764, 1000.000000000000000 ) ;
#1500 = VECTOR ( 'NONE', #1206, 1000.000000000000000 ) ;
#1501 = ORIENTED_EDGE ( 'NONE', *, *, #659, .T. ) ;
#1502 = CARTESIAN_POINT ( 'NONE',  ( 16.57254216410365899, 21.74319175312463770, 15.21858861120928985 ) ) ;
#1503 = VERTEX_POINT ( 'NONE', #1194 ) ;
#1504 = EDGE_CURVE ( 'NONE', #1785, #852, #1183, .T. ) ;
#1505 = CARTESIAN_POINT ( 'NONE',  ( 16.62260580848589697, 20.64999999999999858, 18.67321547392657877 ) ) ;
#1506 = DIRECTION ( 'NONE',  ( -0.7311301916971832959, 0.6165843524285492538, 0.2920143474713297049 ) ) ;
#1507 = CARTESIAN_POINT ( 'NONE',  ( 1.375804563886785514, 20.18236058834947855, -22.45792712071477126 ) ) ;
#1508 = CARTESIAN_POINT ( 'NONE',  ( 14.72397660760249494, 110.0000000000000000, 5.359089215199046130 ) ) ;
#1509 = CARTESIAN_POINT ( 'NONE',  ( -24.97344156828076933, 21.53401808170109533, -1.153252736946881241 ) ) ;
#1510 = EDGE_CURVE ( 'NONE', #192, #600, #1491, .T. ) ;
#1511 = CARTESIAN_POINT ( 'NONE',  ( -18.47946152070592163, 21.54018129493336886, -16.83828573573211784 ) ) ;
#1512 = CARTESIAN_POINT ( 'NONE',  ( 14.85152577039401933, 20.64999999999999858, -16.90213543583539035 ) ) ;
#1513 = CARTESIAN_POINT ( 'NONE',  ( 14.88632074528731408, 21.02542646987015118, 16.87150839655010870 ) ) ;
#1514 = CARTESIAN_POINT ( 'NONE',  ( -0.6428399733338517885, 19.34681407760310989, 22.49098651092256773 ) ) ;
#1515 = CARTESIAN_POINT ( 'NONE',  ( 16.98760849900565617, 19.55712069436376410, 18.34190957279201939 ) ) ;
#1516 = B_SPLINE_CURVE_WITH_KNOTS ( 'NONE', 3,
 ( #230, #877, #2019, #568, #1696, #1867, #242, #732, #741, #415, #1391, #2041 ),
 .UNSPECIFIED., .F., .F.,
 ( 4, 2, 2, 2, 2, 4 ),
 ( 0.006802122049170374225, 0.007368488679565489245, 0.007651671994763047623, 0.007934855309960605133, 0.008501221940355720152, 0.009067588570750835172 ),
 .UNSPECIFIED. ) ;
#1517 = CARTESIAN_POINT ( 'NONE',  ( -16.98779506751628077, 21.74319718794886924, 18.34173955483564811 ) ) ;
#1518 = CARTESIAN_POINT ( 'NONE',  ( 0.000000000000000000, 0.000000000000000000, 0.000000000000000000 ) ) ;
#1519 = CARTESIAN_POINT ( 'NONE',  ( -22.45322916642504296, 20.64999999999999858, -1.449999999999921352 ) ) ;
#1520 = CARTESIAN_POINT ( 'NONE',  ( -18.34173955483559126, 21.74319718794887280, -16.98779506751634116 ) ) ;
#1521 = FACE_OUTER_BOUND ( 'NONE', #1342, .T. ) ;
#1522 = DIRECTION ( 'NONE',  ( -0.000000000000000000, -1.000000000000000000, -0.000000000000000000 ) ) ;
#1523 = ORIENTED_EDGE ( 'NONE', *, *, #1790, .F. ) ;
#1524 = CARTESIAN_POINT ( 'NONE',  ( 14.88654882039481997, 21.02662389163469570, -16.87130727909762484 ) ) ;
#1525 = CARTESIAN_POINT ( 'NONE',  ( -1.440535927575624875, 20.45936211806850125, -24.95846952718692080 ) ) ;
#1526 = ORIENTED_EDGE ( 'NONE', *, *, #12, .F. ) ;
#1527 = CARTESIAN_POINT ( 'NONE',  ( -24.99733914959259451, 19.24650251432830217, 0.3763302971391747631 ) ) ;
#1528 = CARTESIAN_POINT ( 'NONE',  ( 16.41467061585159826, 19.39093414656143111, -15.38878823406739293 ) ) ;
#1529 = CARTESIAN_POINT ( 'NONE',  ( -24.99999607526474321, 22.09993233214628461, -0.1897104439198127046 ) ) ;
#1530 = VECTOR ( 'NONE', #940, 1000.000000000000000 ) ;
#1531 = CARTESIAN_POINT ( 'NONE',  ( -17.54352121309913315, 22.09993233214628106, -17.81181229581441272 ) ) ;
#1532 = CARTESIAN_POINT ( 'NONE',  ( 14.85861096818674909, 20.84005662128004488, 16.89591728798743375 ) ) ;
#1533 = ORIENTED_EDGE ( 'NONE', *, *, #1367, .T. ) ;
#1534 = CARTESIAN_POINT ( 'NONE',  ( 0.09573872067854831414, 19.20000000000000284, 22.50000000000000711 ) ) ;
#1535 = CARTESIAN_POINT ( 'NONE',  ( -0.09462514781696224064, 19.19999999999999929, -22.50000000000000711 ) ) ;
#1536 = ORIENTED_EDGE ( 'NONE', *, *, #368, .F. ) ;
#1537 = CARTESIAN_POINT ( 'NONE',  ( 14.85866983637803962, 20.84077539386463229, -16.89586564166630467 ) ) ;
#1538 = ORIENTED_EDGE ( 'NONE', *, *, #2017, .F. ) ;
#1539 = CARTESIAN_POINT ( 'NONE',  ( -24.96800161662045525, 19.91924424913933933, -1.266554802787584588 ) ) ;
#1540 = CARTESIAN_POINT ( 'NONE',  ( -25.00000000000000000, 38.00000000000006395, 0.000000000000000000 ) ) ;
#1541 = CARTESIAN_POINT ( 'NONE',  ( -1.449999999999999956, 20.64999999999999858, 24.95791457634231136 ) ) ;
#1542 = CARTESIAN_POINT ( 'NONE',  ( 0.9575942814636402289, 21.74301074617478591, 24.98174535278514341 ) ) ;
#1543 = PLANE ( 'NONE',  #1198 ) ;
#1544 = FACE_OUTER_BOUND ( 'NONE', #1637, .T. ) ;
#1545 = VERTEX_POINT ( 'NONE', #1677 ) ;
#1546 = CARTESIAN_POINT ( 'NONE',  ( -18.12597301558743013, 19.34643928070832075, 17.21792186099935762 ) ) ;
#1547 = ORIENTED_EDGE ( 'NONE', *, *, #2093, .F. ) ;
#1548 = CARTESIAN_POINT ( 'NONE',  ( -26.02530483272036577, 20.64999999999999858, 23.97469516727964134 ) ) ;
#1549 = CARTESIAN_POINT ( 'NONE',  ( 0.6424949144400513568, 21.95335110320034389, 22.49099615521949502 ) ) ;
#1550 = CARTESIAN_POINT ( 'NONE',  ( 17.54222626511421268, 19.20953018485652564, -17.81232401220673012 ) ) ;
#1551 = CARTESIAN_POINT ( 'NONE',  ( -16.41579241234133590, 21.90810425832128772, -15.38759039447634436 ) ) ;
#1552 = CARTESIAN_POINT ( 'NONE',  ( 3.061616970775897547E-15, 22.09999999999999787, 25.00000000000000000 ) ) ;
#1553 = LINE ( 'NONE', #91, #160 ) ;
#1554 = LINE ( 'NONE', #1914, #550 ) ;
#1555 = PRESENTATION_LAYER_ASSIGNMENT (  '', '', ( #280 ) ) ;
#1556 = ORIENTED_EDGE ( 'NONE', *, *, #209, .T. ) ;
#1557 = DIRECTION ( 'NONE',  ( 0.000000000000000000, 0.000000000000000000, -1.000000000000000000 ) ) ;
#1558 = CARTESIAN_POINT ( 'NONE',  ( -0.1907317350957420943, 19.20948064901800834, -22.49938341313966106 ) ) ;
#1559 = EDGE_LOOP ( 'NONE', ( #2092, #761, #1875, #1331 ) ) ;
#1560 = VECTOR ( 'NONE', #961, 1000.000000000000000 ) ;
#1561 = CARTESIAN_POINT ( 'NONE',  ( -16.87150839655014778, 21.02542646987014408, 14.88632074528725013 ) ) ;
#1562 = ORIENTED_EDGE ( 'NONE', *, *, #1628, .F. ) ;
#1563 = CARTESIAN_POINT ( 'NONE',  ( 1.006139616066548115E-13, 35.53486333135128206, 25.00000000000000000 ) ) ;
#1564 = CARTESIAN_POINT ( 'NONE',  ( -15.21722817131538186, 19.55852982641097171, 16.57378764204318955 ) ) ;
#1565 = CARTESIAN_POINT ( 'NONE',  ( -22.45384226332058475, 20.84005662128004133, -1.440593114085388704 ) ) ;
#1566 = CARTESIAN_POINT ( 'NONE',  ( -16.57378764204314336, 19.55852982641097171, -15.21722817131544581 ) ) ;
#1567 = VECTOR ( 'NONE', #569, 1000.000000000000000 ) ;
#1568 = CARTESIAN_POINT ( 'NONE',  ( 22.45322916642502875, 20.64999999999999858, -1.450000000000235101 ) ) ;
#1569 = VERTEX_POINT ( 'NONE', #1863 ) ;
#1570 = CARTESIAN_POINT ( 'NONE',  ( -16.70450110055969262, 21.53402852147073077, 15.07356693469388453 ) ) ;
#1571 = EDGE_CURVE ( 'NONE', #297, #1015, #300, .T. ) ;
#1572 = EDGE_CURVE ( 'NONE', #1356, #1420, #2000, .T. ) ;
#1573 = ORIENTED_EDGE ( 'NONE', *, *, #1392, .F. ) ;
#1574 = DIRECTION ( 'NONE',  ( -0.7071067811865536790, -0.000000000000000000, -0.7071067811865414665 ) ) ;
#1575 = CARTESIAN_POINT ( 'NONE',  ( -15.84141221989454351, 19.20007820838487334, 15.97838580573045242 ) ) ;
#1576 = CARTESIAN_POINT ( 'NONE',  ( -3.222160012893071190, 110.0000000000000000, -18.27377750101917897 ) ) ;
#1577 = DIRECTION ( 'NONE',  ( 2.928613105296078339E-15, -0.5225201146742183278, 0.8526269581480764304 ) ) ;
#1578 = CARTESIAN_POINT ( 'NONE',  ( 15.38878823406733609, 19.39093414656143466, 16.41467061585165510 ) ) ;
#1579 = VERTEX_POINT ( 'NONE', #707 ) ;
#1580 = EDGE_CURVE ( 'NONE', #310, #192, #1250, .T. ) ;
#1581 = ADVANCED_FACE ( 'NONE', ( #72 ), #728, .F. ) ;
#1582 = CARTESIAN_POINT ( 'NONE',  ( -16.90213543583513101, 20.64999999999999858, 14.85152577039431243 ) ) ;
#1583 = CARTESIAN_POINT ( 'NONE',  ( 0.000000000000000000, 30.00000000000000000, -22.50000000000000355 ) ) ;
#1584 = CARTESIAN_POINT ( 'NONE',  ( -1.449999999999999956, 20.64999999999999858, 25.00000000000000000 ) ) ;
#1585 = CARTESIAN_POINT ( 'NONE',  ( 22.45322916642505362, 20.64999999999999858, 1.449999999999764588 ) ) ;
#1586 = ORIENTED_EDGE ( 'NONE', *, *, #1107, .F. ) ;
#1587 = EDGE_CURVE ( 'NONE', #1974, #1678, #307, .T. ) ;
#1588 = CARTESIAN_POINT ( 'NONE',  ( -25.00000000000000000, 38.00000000000006395, 0.000000000000000000 ) ) ;
#1589 = AXIS2_PLACEMENT_3D ( 'NONE', #649, #1605, #715 ) ;
#1590 = CARTESIAN_POINT ( 'NONE',  ( -17.81181229581434167, 22.09993233214628106, 17.54352121309919355 ) ) ;
#1591 = CARTESIAN_POINT ( 'NONE',  ( -16.90213543583524469, 20.46074985476538188, -14.85152577039419874 ) ) ;
#1592 = VECTOR ( 'NONE', #502, 1000.000000000000000 ) ;
#1593 = B_SPLINE_CURVE_WITH_KNOTS ( 'NONE', 3,
 ( #1010, #19, #682, #205, #1824, #232, #1650, #1181, #2009, #879, #544, #1022, #1531, #508, #1847, #1189, #1834, #1047, #1686, #1982, #1520, #1511, #190, #868, #1972, #1033, #1674, #847 ),
 .UNSPECIFIED., .F., .F.,
 ( 4, 2, 2, 2, 2, 2, 2, 2, 2, 2, 2, 2, 2, 4 ),
 ( 0.000000000000000000, 0.0002833945365573685405, 0.0005667890731147370810, 0.0008501836096721054588, 0.001133578146229474162, 0.001700367219344218290, 0.002267156292458962635, 0.002550550829016338603, 0.002833945365573714570, 0.003117339902131090103, 0.003400734438688465203, 0.003967523511803224510, 0.004250918048360599610, 0.004534312584917973843 ),
 .UNSPECIFIED. ) ;
#1594 = DIRECTION ( 'NONE',  ( 0.7071067811865439090, -0.000000000000000000, -0.7071067811865512365 ) ) ;
#1595 = EDGE_LOOP ( 'NONE', ( #617, #398, #1210, #1526, #1201, #535, #1538, #2070, #1893, #829 ) ) ;
#1596 = VECTOR ( 'NONE', #730, 1000.000000000000114 ) ;
#1597 = VECTOR ( 'NONE', #47, 1000.000000000000227 ) ;
#1598 = CARTESIAN_POINT ( 'NONE',  ( 18.55063274558435538, 19.91924424913934288, -16.75945376599368331 ) ) ;
#1599 = EDGE_CURVE ( 'NONE', #1083, #1074, #1354, .T. ) ;
#1600 = EDGE_CURVE ( 'NONE', #587, #64, #1341, .T. ) ;
#1601 = CARTESIAN_POINT ( 'NONE',  ( 24.99580037969375823, 22.02617301739971367, -0.4665560388047312324 ) ) ;
#1602 = CARTESIAN_POINT ( 'NONE',  ( 24.99999543148434356, 19.20007876753756904, -0.09684885010598728861 ) ) ;
#1603 = FACE_OUTER_BOUND ( 'NONE', #1862, .T. ) ;
#1604 = CARTESIAN_POINT ( 'NONE',  ( -18.18324803994671868, 19.39092837485024035, 17.15738044098880266 ) ) ;
#1605 = DIRECTION ( 'NONE',  ( -0.000000000000000000, -0.000000000000000000, -1.000000000000000000 ) ) ;
#1606 = ORIENTED_EDGE ( 'NONE', *, *, #1877, .T. ) ;
#1607 = EDGE_LOOP ( 'NONE', ( #1742, #449, #673, #2084 ) ) ;
#1608 = DIRECTION ( 'NONE',  ( 0.4270448439236568250, -0.7474093186836592295, 0.5089322269448536273 ) ) ;
#1609 = CARTESIAN_POINT ( 'NONE',  ( 24.96213863105176500, 21.11751517043449056, 1.375850229300089378 ) ) ;
#1610 = CARTESIAN_POINT ( 'NONE',  ( 1.449999999999999956, 20.64999999999999858, 22.45322916642504296 ) ) ;
#1611 = DIRECTION ( 'NONE',  ( -1.000000000000000000, -0.000000000000000000, 1.047444401652940007E-14 ) ) ;
#1612 = DIRECTION ( 'NONE',  ( 1.000000000000000000, 0.000000000000000000, 0.000000000000000000 ) ) ;
#1613 = CARTESIAN_POINT ( 'NONE',  ( -22.45322916642504296, 20.64999999999999858, -1.449999999999921352 ) ) ;
#1614 = VERTEX_POINT ( 'NONE', #1986 ) ;
#1615 = EDGE_CURVE ( 'NONE', #1952, #1804, #371, .T. ) ;
#1616 = CARTESIAN_POINT ( 'NONE',  ( 18.55130993288410934, 19.92099546792112363, 16.75870313635239128 ) ) ;
#1617 = ORIENTED_EDGE ( 'NONE', *, *, #1801, .T. ) ;
#1618 = CARTESIAN_POINT ( 'NONE',  ( -0.7292816082666774280, 21.91741526951132712, 22.48885581649626175 ) ) ;
#1619 = CARTESIAN_POINT ( 'NONE',  ( 24.97341858125992076, 21.54018129493336886, -1.160486526674353591 ) ) ;
#1620 = CARTESIAN_POINT ( 'NONE',  ( 12.50589417353390687, 27.99999999999999645, -7.220281367546923512 ) ) ;
#1621 = FACE_OUTER_BOUND ( 'NONE', #1453, .T. ) ;
#1622 = CARTESIAN_POINT ( 'NONE',  ( -14.85152577039413835, 20.74464678175479193, 16.90213543583529443 ) ) ;
#1623 = CARTESIAN_POINT ( 'NONE',  ( -22.50000998767489335, 19.19984501878679239, -0.1901758767496601055 ) ) ;
#1624 = CARTESIAN_POINT ( 'NONE',  ( 1.412346745034059436, 21.02937282053257917, -22.45574740549572113 ) ) ;
#1625 = EDGE_LOOP ( 'NONE', ( #719, #876, #301, #359 ) ) ;
#1626 = EDGE_CURVE ( 'NONE', #894, #430, #709, .T. ) ;
#1627 = CARTESIAN_POINT ( 'NONE',  ( 17.74614877789531420, 19.20007876753756904, 17.60918382057525378 ) ) ;
#1628 = EDGE_CURVE ( 'NONE', #1071, #1001, #450, .T. ) ;
#1629 = CARTESIAN_POINT ( 'NONE',  ( -18.29695394673170838, 21.80922433054843168, 17.03641405046343493 ) ) ;
#1630 = CARTESIAN_POINT ( 'NONE',  ( 16.66394340575291011, 29.65740202492980160, -19.24658124840921403 ) ) ;
#1631 = DIRECTION ( 'NONE',  ( 0.000000000000000000, 1.000000000000000000, 0.000000000000000000 ) ) ;
#1632 = CARTESIAN_POINT ( 'NONE',  ( 16.62260580848550617, 20.64999999999999858, -18.67321547392692338 ) ) ;
#1633 = CYLINDRICAL_SURFACE ( 'NONE', #405, 1.449999999999998179 ) ;
#1634 = VERTEX_POINT ( 'NONE', #1098 ) ;
#1635 = ADVANCED_FACE ( 'NONE', ( #289, #893, #1272, #1544 ), #1387, .F. ) ;
#1636 = ORIENTED_EDGE ( 'NONE', *, *, #1934, .F. ) ;
#1637 = EDGE_LOOP ( 'NONE', ( #861, #9, #729, #1390, #256, #1987, #2018, #2023, #1161, #1063 ) ) ;
#1638 = CARTESIAN_POINT ( 'NONE',  ( 16.62260580848589697, 20.64999999999999858, 18.67321547392657877 ) ) ;
#1639 = CARTESIAN_POINT ( 'NONE',  ( 0.000000000000000000, 31.40211086445840394, -25.00000000000000000 ) ) ;
#1640 = DIRECTION ( 'NONE',  ( -0.000000000000000000, -1.000000000000000000, -0.000000000000000000 ) ) ;
#1641 = CARTESIAN_POINT ( 'NONE',  ( 17.21788521776716863, 21.95352747359353174, -18.12600727646987764 ) ) ;
#1642 = DIRECTION ( 'NONE',  ( 0.000000000000000000, 0.000000000000000000, -1.000000000000000000 ) ) ;
#1643 = CARTESIAN_POINT ( 'NONE',  ( -0.9588129230738482445, 21.74184523614465903, -22.47966098401864343 ) ) ;
#1644 = ORIENTED_EDGE ( 'NONE', *, *, #1806, .T. ) ;
#1645 = FACE_OUTER_BOUND ( 'NONE', #1131, .T. ) ;
#1646 = CARTESIAN_POINT ( 'NONE',  ( 18.67321547392687009, 20.64999999999999858, 16.62260580848557723 ) ) ;
#1647 = CARTESIAN_POINT ( 'NONE',  ( 8.158795558326584541, 38.00000000000006395, -14.13144843558925245 ) ) ;
#1648 = PLANE ( 'NONE',  #2042 ) ;
#1649 = CARTESIAN_POINT ( 'NONE',  ( 16.67789348513795034, 21.11700723971260985, -18.62388780166672930 ) ) ;
#1650 = CARTESIAN_POINT ( 'NONE',  ( -16.76540302671306648, 21.37640257111855391, -18.54518905246020921 ) ) ;
#1651 = ADVANCED_FACE ( 'NONE', ( #94 ), #1633, .F. ) ;
#1652 = CARTESIAN_POINT ( 'NONE',  ( -1.257938570510828580, 19.92266716928679671, -24.96838707075099251 ) ) ;
#1653 = CARTESIAN_POINT ( 'NONE',  ( 1.403754256254658772, 20.27461692742750898, -24.96056519278785402 ) ) ;
#1654 = CARTESIAN_POINT ( 'NONE',  ( 14.96183318334431256, 21.29313537457844774, 16.80460882141661116 ) ) ;
#1655 = DIRECTION ( 'NONE',  ( 0.7660444431189792347, -0.000000000000000000, 0.6427876096865378086 ) ) ;
#1656 = FACE_OUTER_BOUND ( 'NONE', #920, .T. ) ;
#1657 = CIRCLE ( 'NONE', #1927, 22.50000000000000355 ) ;
#1658 = VECTOR ( 'NONE', #999, 1000.000000000000000 ) ;
#1659 = DIRECTION ( 'NONE',  ( 1.000000000000000000, -0.000000000000000000, -3.491481338843133750E-15 ) ) ;
#1660 = CARTESIAN_POINT ( 'NONE',  ( 0.8912183263668623789, 19.49068823876377010, -22.48274148493140245 ) ) ;
#1661 = CARTESIAN_POINT ( 'NONE',  ( 16.57271257263031927, 19.55712889155461909, -15.21839965619914636 ) ) ;
#1662 = CARTESIAN_POINT ( 'NONE',  ( -15.63898598895943337, 22.06185219708664746, -16.17722424209464549 ) ) ;
#1663 = FACE_OUTER_BOUND ( 'NONE', #2071, .T. ) ;
#1664 = DIRECTION ( 'NONE',  ( 0.7660444431189792347, 0.000000000000000000, -0.6427876096865379196 ) ) ;
#1665 = CARTESIAN_POINT ( 'NONE',  ( 14.85152577039436750, 20.74583159383276865, 16.90213543583507771 ) ) ;
#1666 = ORIENTED_EDGE ( 'NONE', *, *, #1994, .F. ) ;
#1667 = CARTESIAN_POINT ( 'NONE',  ( -1.449999999999999956, 20.64999999999999858, 22.45322916642504296 ) ) ;
#1668 = CARTESIAN_POINT ( 'NONE',  ( 15.21858861120923301, 21.74319175312463059, -16.57254216410370518 ) ) ;
#1669 = B_SPLINE_CURVE_WITH_KNOTS ( 'NONE', 3,
 ( #577, #1680, #1525, #412, #721, #836, #1652, #545, #1835, #380, #34, #1034, #178, #345, #55, #20 ),
 .UNSPECIFIED., .F., .F.,
 ( 4, 2, 2, 2, 2, 2, 2, 4 ),
 ( 0.002267673563688146071, 0.002551003454137740906, 0.002834333344587335740, 0.003117663235036930575, 0.003400993125486525409, 0.003967652906385707272, 0.004250982796835297770, 0.004534312687284889135 ),
 .UNSPECIFIED. ) ;
#1670 = CARTESIAN_POINT ( 'NONE',  ( 16.62964676276104115, 20.84004748575755883, 18.66695446874355113 ) ) ;
#1671 = CARTESIAN_POINT ( 'NONE',  ( 1.303029608720740251, 20.00685253935226626, -22.46226708496149627 ) ) ;
#1672 = CARTESIAN_POINT ( 'NONE',  ( -23.97469516727937133, 20.64999999999999858, 26.02530483272061801 ) ) ;
#1673 = CARTESIAN_POINT ( 'NONE',  ( -24.99771244955710259, 22.06185725580960622, -0.3805738709574134626 ) ) ;
#1674 = CARTESIAN_POINT ( 'NONE',  ( -18.67321547392674574, 20.74464456010002067, -16.62260580848570157 ) ) ;
#1675 = CARTESIAN_POINT ( 'NONE',  ( 14.90728229346997757, 21.11753352981168064, 16.85301944667046214 ) ) ;
#1676 = VERTEX_POINT ( 'NONE', #1451 ) ;
#1677 = CARTESIAN_POINT ( 'NONE',  ( 0.000000000000000000, 22.09999999999999787, -25.00000000000000000 ) ) ;
#1678 = VERTEX_POINT ( 'NONE', #1305 ) ;
#1679 = CARTESIAN_POINT ( 'NONE',  ( 16.90213543583502798, 20.74583159383276865, -14.85152577039443145 ) ) ;
#1680 = CARTESIAN_POINT ( 'NONE',  ( -1.449999999999999734, 20.55542351747135044, -24.95791457634230781 ) ) ;
#1681 = ADVANCED_FACE ( 'NONE', ( #815 ), #1474, .F. ) ;
#1682 = ORIENTED_EDGE ( 'NONE', *, *, #612, .F. ) ;
#1683 = CARTESIAN_POINT ( 'NONE',  ( 17.54352121309925749, 22.09993233214628106, 17.81181229581428482 ) ) ;
#1684 = CARTESIAN_POINT ( 'NONE',  ( 16.35757893502953664, 19.34644628598099914, -15.44950943482177230 ) ) ;
#1685 = CARTESIAN_POINT ( 'NONE',  ( -24.98996188929011453, 21.91724442323200606, -0.7295676485598023842 ) ) ;
#1686 = CARTESIAN_POINT ( 'NONE',  ( -18.18437082895084700, 21.90811294858030323, -17.15618941574761891 ) ) ;
#1687 = CARTESIAN_POINT ( 'NONE',  ( 25.91950405349520281, 30.69659431192657095, 1.881857893636402546 ) ) ;
#1688 = CARTESIAN_POINT ( 'NONE',  ( 22.49704324137919542, 19.24650614072062638, -0.3763439388507743288 ) ) ;
#1689 = CARTESIAN_POINT ( 'NONE',  ( -24.96058292667292022, 21.02660701648794017, 1.403440314667390165 ) ) ;
#1690 = CARTESIAN_POINT ( 'NONE',  ( 1.376053105694830414, 21.11692108155018133, 22.45791186655730698 ) ) ;
#1691 = CARTESIAN_POINT ( 'NONE',  ( 0.6431477402876945026, 19.34697052419337382, 22.49097744559571765 ) ) ;
#1692 = ORIENTED_EDGE ( 'NONE', *, *, #1845, .T. ) ;
#1693 = DIRECTION ( 'NONE',  ( -1.000000000000000000, -0.000000000000000000, 1.047444401652940007E-14 ) ) ;
#1694 = CYLINDRICAL_SURFACE ( 'NONE', #274, 1.449999999999999956 ) ;
#1695 = VERTEX_POINT ( 'NONE', #1781 ) ;
#1696 = CARTESIAN_POINT ( 'NONE',  ( 1.258679217508735571, 21.37607269320864489, -24.96834979880329897 ) ) ;
#1697 = VECTOR ( 'NONE', #1640, 1000.000000000000000 ) ;
#1698 = DIRECTION ( 'NONE',  ( 0.7660444431189742387, -0.000000000000000000, -0.6427876096865438038 ) ) ;
#1699 = DIRECTION ( 'NONE',  ( -0.7660444431189841197, -0.000000000000000000, -0.6427876096865321465 ) ) ;
#1700 = AXIS2_PLACEMENT_3D ( 'NONE', #38, #701, #373 ) ;
#1701 = B_SPLINE_CURVE_WITH_KNOTS ( 'NONE', 3,
 ( #1941, #1094, #284, #930, #2072, #627, #321, #1920, #771, #1421, #1618, #619, #1267, #1904 ),
 .UNSPECIFIED., .F., .F.,
 ( 4, 2, 2, 2, 2, 2, 4 ),
 ( 0.000000000000000000, 0.0002834732476613686415, 0.0005669464953227372830, 0.0008504197429841060330, 0.001133892990645474566, 0.001700839485968211415, 0.002267785981290948698 ),
 .UNSPECIFIED. ) ;
#1702 = DIRECTION ( 'NONE',  ( 0.7071067811865486830, -0.000000000000000000, 0.7071067811865463515 ) ) ;
#1703 = CARTESIAN_POINT ( 'NONE',  ( 22.45322916642505717, 20.45838077413023726, 1.449999999999764810 ) ) ;
#1704 = CARTESIAN_POINT ( 'NONE',  ( 22.46483872010700722, 21.37641663017161520, 1.258490537460537295 ) ) ;
#1705 = ORIENTED_EDGE ( 'NONE', *, *, #1877, .F. ) ;
#1706 = EDGE_CURVE ( 'NONE', #1002, #830, #1089, .T. ) ;
#1707 = CARTESIAN_POINT ( 'NONE',  ( -0.8911001458629745908, 21.80941260665872861, 24.98447282143145998 ) ) ;
#1708 = EDGE_LOOP ( 'NONE', ( #2062, #1413 ) ) ;
#1709 = CARTESIAN_POINT ( 'NONE',  ( -24.96022827213427675, 20.26803843530321814, -1.411478090150386722 ) ) ;
#1710 = CARTESIAN_POINT ( 'NONE',  ( 0.8843959212408525339, 21.80293784249086286, 22.48274933762369443 ) ) ;
#1711 = CARTESIAN_POINT ( 'NONE',  ( 0.09457649989046121308, 22.09999999999999787, 25.00000000000000711 ) ) ;
#1712 = CARTESIAN_POINT ( 'NONE',  ( 22.47964286243460563, 19.55852982641097171, -0.9592324008345823882 ) ) ;
#1713 = ORIENTED_EDGE ( 'NONE', *, *, #726, .F. ) ;
#1714 = CARTESIAN_POINT ( 'NONE',  ( 15.97838580573050038, 19.20007820838487334, 15.84141221989449022 ) ) ;
#1715 = ORIENTED_EDGE ( 'NONE', *, *, #1885, .F. ) ;
#1716 = CARTESIAN_POINT ( 'NONE',  ( -2.720880902291610504, 27.99999999999999645, -15.43088239451104648 ) ) ;
#1717 = EDGE_LOOP ( 'NONE', ( #1000, #1455, #1044, #1794, #1426, #1117 ) ) ;
#1718 = CARTESIAN_POINT ( 'NONE',  ( 19.77449739894085567, 29.18717492591035878, 18.76512491942327188 ) ) ;
#1719 = CARTESIAN_POINT ( 'NONE',  ( -15.44821222905522085, 19.34733859074379581, 16.35880287974212877 ) ) ;
#1720 = DIRECTION ( 'NONE',  ( 0.7071067811865487940, -0.000000000000000000, 0.7071067811865463515 ) ) ;
#1721 = CARTESIAN_POINT ( 'NONE',  ( -16.90213543583523759, 20.64999999999999858, -14.85152577039419519 ) ) ;
#1722 = EDGE_CURVE ( 'NONE', #1695, #1814, #222, .T. ) ;
#1723 = ADVANCED_FACE ( 'NONE', ( #1433 ), #952, .F. ) ;
#1724 = CARTESIAN_POINT ( 'NONE',  ( 22.49745800603515633, 22.06185219708664391, 0.3805919186857169012 ) ) ;
#1725 = ADVANCED_FACE ( 'NONE', ( #1352 ), #366, .F. ) ;
#1726 = VERTEX_POINT ( 'NONE', #354 ) ;
#1727 = CARTESIAN_POINT ( 'NONE',  ( -16.62260580848563762, 20.64999999999999858, 18.67321547392680614 ) ) ;
#1728 = ORIENTED_EDGE ( 'NONE', *, *, #1930, .F. ) ;
#1729 = CARTESIAN_POINT ( 'NONE',  ( -25.00000000000009592, 20.64999999999999858, -1.449999999999912470 ) ) ;
#1730 = EDGE_CURVE ( 'NONE', #1949, #1952, #725, .T. ) ;
#1731 = CARTESIAN_POINT ( 'NONE',  ( 22.19741189963106365, 31.76989187345809285, -11.50108277329213458 ) ) ;
#1732 = CARTESIAN_POINT ( 'NONE',  ( -22.45322916642503586, 20.64999999999999858, 1.450000000000078337 ) ) ;
#1733 = DIRECTION ( 'NONE',  ( -0.6427876096865438038, 0.000000000000000000, -0.7660444431189742387 ) ) ;
#1734 = VECTOR ( 'NONE', #2031, 1000.000000000000000 ) ;
#1735 = DIRECTION ( 'NONE',  ( -0.7660444431189842307, 0.000000000000000000, -0.6427876096865320354 ) ) ;
#1736 = ORIENTED_EDGE ( 'NONE', *, *, #928, .T. ) ;
#1737 = CARTESIAN_POINT ( 'NONE',  ( -2.720880902291610504, 110.0000000000000000, -15.43088239451104648 ) ) ;
#1738 = CARTESIAN_POINT ( 'NONE',  ( -15.57527872324565976, 19.27449952282072587, 16.23786886957157449 ) ) ;
#1739 = CARTESIAN_POINT ( 'NONE',  ( 24.99733914959259096, 19.24650251432830217, -0.3763302971393481799 ) ) ;
#1740 = CARTESIAN_POINT ( 'NONE',  ( -1.449999999999999956, 20.64999999999999858, 22.45322916642504296 ) ) ;
#1741 = CARTESIAN_POINT ( 'NONE',  ( 22.47972415281213188, 21.74319175312463770, -0.9573897386632654882 ) ) ;
#1742 = ORIENTED_EDGE ( 'NONE', *, *, #1730, .T. ) ;
#1743 = B_SPLINE_CURVE_WITH_KNOTS ( 'NONE', 3,
 ( #1840, #1679, #1332, #1988, #25, #62, #1355, #2016, #1042, #347, #1343, #2002, #537, #566, #1197, #227, #1211, #524, #1490, #687, #1668, #183, #874, #1963, #1524, #1537, #841, #1854 ),
 .UNSPECIFIED., .F., .F.,
 ( 4, 2, 2, 2, 2, 2, 2, 2, 2, 2, 2, 2, 2, 4 ),
 ( 0.000000000000000000, 0.0002834084802660851690, 0.0005668169605321703381, 0.0008502254407982555613, 0.001133633921064340676, 0.001700450881596501148, 0.002267267842128664872, 0.002550676322394750638, 0.002834084802660835969, 0.003117493282926922168, 0.003400901763193007934, 0.003967718723725171225, 0.004251127203991250485, 0.004534535684257328877 ),
 .UNSPECIFIED. ) ;
#1744 = APPLICATION_PROTOCOL_DEFINITION ( 'draft international standard', 'automotive_design', 1998, #1411 ) ;
#1745 = CARTESIAN_POINT ( 'NONE',  ( 16.62260580848550617, 20.64999999999999858, -18.67321547392692338 ) ) ;
#1746 = CARTESIAN_POINT ( 'NONE',  ( -18.18645374514136037, 21.91724442323200606, 17.15468928187950581 ) ) ;
#1747 = CARTESIAN_POINT ( 'NONE',  ( 17.43663554543374872, 38.00000000000007816, 6.346416324285773847 ) ) ;
#1748 = LINE ( 'NONE', #1576, #356 ) ;
#1749 = CARTESIAN_POINT ( 'NONE',  ( -16.04452240550344300, 19.20953188716349658, -15.77440617405590650 ) ) ;
#1750 = CARTESIAN_POINT ( 'NONE',  ( -16.83976975305887436, 19.75767522203641846, -18.47809816598663701 ) ) ;
#1751 = EDGE_LOOP ( 'NONE', ( #1864, #548 ) ) ;
#1752 = ADVANCED_FACE ( 'NONE', ( #1812, #1205, #69, #1663 ), #1157, .T. ) ;
#1753 = CARTESIAN_POINT ( 'NONE',  ( 0.7264248703262363716, 19.39150771015350472, 24.98956851464514628 ) ) ;
#1754 =( NAMED_UNIT ( * ) PLANE_ANGLE_UNIT ( ) SI_UNIT ( $, .RADIAN. ) );
#1755 = CARTESIAN_POINT ( 'NONE',  ( 24.99771244955709548, 22.06185725580960266, 0.3805738709572380474 ) ) ;
#1756 = CARTESIAN_POINT ( 'NONE',  ( -22.47046109557001259, 21.54017006118122879, 1.160495818762258491 ) ) ;
#1757 = CARTESIAN_POINT ( 'NONE',  ( -16.70900032753676001, 19.75917606119071479, -15.06908053399571834 ) ) ;
#1758 = CARTESIAN_POINT ( 'NONE',  ( -16.75870313635245168, 19.92099546792112363, 18.55130993288405605 ) ) ;
#1759 = CARTESIAN_POINT ( 'NONE',  ( -18.67321547392675285, 20.46075416354775101, -16.62260580848570157 ) ) ;
#1760 = ORIENTED_EDGE ( 'NONE', *, *, #87, .F. ) ;
#1761 = VECTOR ( 'NONE', #1481, 999.9999999999998863 ) ;
#1762 = VECTOR ( 'NONE', #1735, 1000.000000000000000 ) ;
#1763 = ADVANCED_FACE ( 'NONE', ( #1338 ), #1169, .F. ) ;
#1764 = CARTESIAN_POINT ( 'NONE',  ( 18.47885767715912664, 19.75917930020669644, 16.83893382464934518 ) ) ;
#1765 = CARTESIAN_POINT ( 'NONE',  ( -1.403449409075905541, 20.27341446724266660, -22.45619457882200720 ) ) ;
#1766 = APPLICATION_CONTEXT ( 'automotive_design' ) ;
#1767 = CARTESIAN_POINT ( 'NONE',  ( 24.97622873202898219, 21.60862671755550934, 1.092007409444920141 ) ) ;
#1768 = FACE_OUTER_BOUND ( 'NONE', #991, .T. ) ;
#1769 = DIRECTION ( 'NONE',  ( -0.000000000000000000, -1.000000000000000000, -0.000000000000000000 ) ) ;
#1770 = CARTESIAN_POINT ( 'NONE',  ( 4.413917820073227638, 30.06020081517029396, -25.00000000000000000 ) ) ;
#1771 = DIRECTION ( 'NONE',  ( -0.000000000000000000, -1.000000000000000000, -0.000000000000000000 ) ) ;
#1772 = CARTESIAN_POINT ( 'NONE',  ( -17.15738044098873516, 19.39092837485024035, -18.18324803994677197 ) ) ;
#1773 =( BOUNDED_CURVE ( )  B_SPLINE_CURVE ( 3, ( #1024, #207, #547, #1293 ),
 .UNSPECIFIED., .F., .T. ) 
 B_SPLINE_CURVE_WITH_KNOTS ( ( 4, 4 ),
 ( 5.410520681182419800, 6.806784082777879163 ),
 .UNSPECIFIED. ) 
 CURVE ( )  GEOMETRIC_REPRESENTATION_ITEM ( )  RATIONAL_B_SPLINE_CURVE ( ( 1.000000000000000000, 0.8440296287459863045, 0.8440296287459863045, 1.000000000000000000 ) ) 
 REPRESENTATION_ITEM ( '' )  );
#1774 = VERTEX_POINT ( 'NONE', #557 ) ;
#1775 = CARTESIAN_POINT ( 'NONE',  ( 1.159312797482213053, 19.75878237571665963, 24.97346393468156123 ) ) ;
#1776 = CARTESIAN_POINT ( 'NONE',  ( -2.720880902291610504, 110.0000000000000000, -15.43088239451104648 ) ) ;
#1777 = CARTESIAN_POINT ( 'NONE',  ( -1.159412832687866102, 21.54109985692485552, -24.97345946438546704 ) ) ;
#1778 = LINE ( 'NONE', #29, #1021 ) ;
#1779 = CARTESIAN_POINT ( 'NONE',  ( -16.17380645605732070, 22.05356277026863410, -15.64182325321117339 ) ) ;
#1780 = EDGE_CURVE ( 'NONE', #1814, #1695, #1593, .T. ) ;
#1781 = CARTESIAN_POINT ( 'NONE',  ( -18.67321547392674930, 20.64999999999999858, -16.62260580848570513 ) ) ;
#1782 = CARTESIAN_POINT ( 'NONE',  ( -0.3755105531787836792, 22.05371862343022826, -22.49705730708388884 ) ) ;
#1783 = ADVANCED_FACE ( 'NONE', ( #1371 ), #1802, .T. ) ;
#1784 = EDGE_LOOP ( 'NONE', ( #1175, #1736 ) ) ;
#1785 = VERTEX_POINT ( 'NONE', #54 ) ;
#1786 = CARTESIAN_POINT ( 'NONE',  ( 18.67321547392651837, 20.64999999999999858, -16.62260580848596447 ) ) ;
#1787 = CARTESIAN_POINT ( 'NONE',  ( -0.3754948305231236572, 22.05372259493586640, -24.99735182823902235 ) ) ;
#1788 = CARTESIAN_POINT ( 'NONE',  ( 12.49999999999979039, 30.39955237054071446, -21.65063509461108993 ) ) ;
#1789 = CARTESIAN_POINT ( 'NONE',  ( 17.43663554543374872, 38.00000000000007816, 6.346416324285773847 ) ) ;
#1790 = EDGE_CURVE ( 'NONE', #934, #1223, #497, .T. ) ;
#1791 = CARTESIAN_POINT ( 'NONE',  ( -15.06842095408059912, 21.54017006118123945, 16.70960988005151293 ) ) ;
#1792 = DIRECTION ( 'NONE',  ( -0.000000000000000000, -0.000000000000000000, 1.000000000000000000 ) ) ;
#1793 = CARTESIAN_POINT ( 'NONE',  ( -1.411970618699136315, 21.03017370796401053, -22.45576945038454042 ) ) ;
#1794 = ORIENTED_EDGE ( 'NONE', *, *, #603, .T. ) ;
#1795 = AXIS2_PLACEMENT_3D ( 'NONE', #1459, #658, #352 ) ;
#1796 = EDGE_LOOP ( 'NONE', ( #1025, #864, #149, #747 ) ) ;
#1797 = CARTESIAN_POINT ( 'NONE',  ( 17.40694562233689524, 22.06185725580961332, 17.94515835212951771 ) ) ;
#1798 = CARTESIAN_POINT ( 'NONE',  ( 24.95791457634232913, 20.64999999999999858, 1.449999999999738387 ) ) ;
#1799 = DIRECTION ( 'NONE',  ( 0.000000000000000000, -0.000000000000000000, 1.000000000000000000 ) ) ;
#1800 = CARTESIAN_POINT ( 'NONE',  ( -15.07356693469382769, 21.53402852147073432, -16.70450110055974235 ) ) ;
#1801 = EDGE_CURVE ( 'NONE', #805, #1949, #901, .T. ) ;
#1802 = PLANE ( 'NONE',  #474 ) ;
#1803 = CARTESIAN_POINT ( 'NONE',  ( 1.258492412709380170, 19.92357534660911966, -24.96835953904978567 ) ) ;
#1804 = VERTEX_POINT ( 'NONE', #1888 ) ;
#1805 = CARTESIAN_POINT ( 'NONE',  ( 16.75945376599360870, 19.91924424913933578, 18.55063274558441222 ) ) ;
#1806 = EDGE_CURVE ( 'NONE', #64, #1368, #881, .T. ) ;
#1807 = EDGE_LOOP ( 'NONE', ( #917, #1556, #172, #1918 ) ) ;
#1808 = CARTESIAN_POINT ( 'NONE',  ( -17.15618941574755496, 21.90811294858030323, 18.18437082895090384 ) ) ;
#1809 = FACE_OUTER_BOUND ( 'NONE', #990, .T. ) ;
#1810 = DIRECTION ( 'NONE',  ( 0.7071067811865487940, -0.000000000000000000, 0.7071067811865463515 ) ) ;
#1811 = CARTESIAN_POINT ( 'NONE',  ( 18.29695394673159825, 21.80922433054842813, -17.03641405046356283 ) ) ;
#1812 = FACE_BOUND ( 'NONE', #1784, .T. ) ;
#1813 = ORIENTED_EDGE ( 'NONE', *, *, #1780, .F. ) ;
#1814 = VERTEX_POINT ( 'NONE', #734 ) ;
#1815 = CARTESIAN_POINT ( 'NONE',  ( 16.89586564166625848, 20.84077539386463584, 14.85866983637810712 ) ) ;
#1816 = VERTEX_POINT ( 'NONE', #1731 ) ;
#1817 = EDGE_CURVE ( 'NONE', #1208, #430, #1879, .T. ) ;
#1818 = CYLINDRICAL_SURFACE ( 'NONE', #24, 1.449999999999999956 ) ;
#1819 = ORIENTED_EDGE ( 'NONE', *, *, #913, .F. ) ;
#1820 = CARTESIAN_POINT ( 'NONE',  ( -24.98446490105517270, 19.49728308524756670, 0.8847209648863226805 ) ) ;
#1821 = CARTESIAN_POINT ( 'NONE',  ( 1.153137743557475670, 19.76582386402500191, -22.47049299859541804 ) ) ;
#1822 = CARTESIAN_POINT ( 'NONE',  ( 14.98842097788225836, 19.92097978410128434, -16.78101521098909643 ) ) ;
#1823 = CARTESIAN_POINT ( 'NONE',  ( -15.26742095726179294, 21.80921761316484364, -16.52796992350242888 ) ) ;
#1824 = CARTESIAN_POINT ( 'NONE',  ( -16.67802447190005566, 21.11751517043449411, -18.62377052597068783 ) ) ;
#1825 = CARTESIAN_POINT ( 'NONE',  ( 1.258676383296928991, 21.37607808654921016, -22.46482807847095486 ) ) ;
#1826 = ORIENTED_EDGE ( 'NONE', *, *, #1626, .F. ) ;
#1827 = CARTESIAN_POINT ( 'NONE',  ( 0.000000000000000000, 27.99999999999999645, 0.000000000000000000 ) ) ;
#1828 = LINE ( 'NONE', #1003, #1596 ) ;
#1829 = VECTOR ( 'NONE', #696, 1000.000000000000000 ) ;
#1830 = ORIENTED_EDGE ( 'NONE', *, *, #1344, .T. ) ;
#1831 = CARTESIAN_POINT ( 'NONE',  ( 17.81174587776331464, 22.09060030914359984, 17.54281500147095940 ) ) ;
#1832 = CARTESIAN_POINT ( 'NONE',  ( 0.3802088489197986698, 19.23803495153598675, -22.49746512545700483 ) ) ;
#1833 = CARTESIAN_POINT ( 'NONE',  ( -25.00000000000000000, 110.0000000000000000, 0.000000000000000000 ) ) ;
#1834 = CARTESIAN_POINT ( 'NONE',  ( -18.00460488850894691, 22.02617301739971012, -17.34479501082454078 ) ) ;
#1835 = CARTESIAN_POINT ( 'NONE',  ( -1.093010953501221794, 19.69240595349674905, -24.97618694090478897 ) ) ;
#1836 = VECTOR ( 'NONE', #1870, 1000.000000000000000 ) ;
#1837 = DIRECTION ( 'NONE',  ( -0.000000000000000000, -1.000000000000000000, -0.000000000000000000 ) ) ;
#1838 = CARTESIAN_POINT ( 'NONE',  ( 0.1906492314902099583, 22.09053454652621795, 22.49938437660357948 ) ) ;
#1839 = VERTEX_POINT ( 'NONE', #116 ) ;
#1840 = CARTESIAN_POINT ( 'NONE',  ( 16.90213543583502798, 20.64999999999999858, -14.85152577039442967 ) ) ;
#1841 = ORIENTED_EDGE ( 'NONE', *, *, #1219, .T. ) ;
#1842 = CARTESIAN_POINT ( 'NONE',  ( 18.18437082895095358, 21.90811294858029967, 17.15618941574748746 ) ) ;
#1843 = DIRECTION ( 'NONE',  ( 0.000000000000000000, -0.000000000000000000, 1.000000000000000000 ) ) ;
#1844 = CARTESIAN_POINT ( 'NONE',  ( 0.000000000000000000, 30.00000000000000000, -22.50000000000000355 ) ) ;
#1845 = EDGE_CURVE ( 'NONE', #270, #2095, #772, .T. ) ;
#1846 = CARTESIAN_POINT ( 'NONE',  ( -16.70960988005145609, 21.54017006118123945, -15.06842095408066129 ) ) ;
#1847 = CARTESIAN_POINT ( 'NONE',  ( -17.81174587776320095, 22.09060030914360695, -17.54281500147109440 ) ) ;
#1848 = CARTESIAN_POINT ( 'NONE',  ( 14.72397660760249494, 110.0000000000000000, 5.359089215199046130 ) ) ;
#1849 = CARTESIAN_POINT ( 'NONE',  ( -24.98175350762995350, 21.74319718794887280, 0.9573833283336310451 ) ) ;
#1850 = ORIENTED_EDGE ( 'NONE', *, *, #1940, .T. ) ;
#1851 = CARTESIAN_POINT ( 'NONE',  ( 1.449999999999999734, 20.46065277306402663, 22.45322916642504651 ) ) ;
#1852 = ORIENTED_EDGE ( 'NONE', *, *, #612, .T. ) ;
#1853 = ADVANCED_FACE ( 'NONE', ( #275 ), #1068, .F. ) ;
#1854 = CARTESIAN_POINT ( 'NONE',  ( 14.85152577039401933, 20.64999999999999858, -16.90213543583539035 ) ) ;
#1855 = ORIENTED_EDGE ( 'NONE', *, *, #821, .F. ) ;
#1856 = FACE_OUTER_BOUND ( 'NONE', #36, .T. ) ;
#1857 = CARTESIAN_POINT ( 'NONE',  ( 15.27210497110888454, 19.49728280979000772, -16.52328743235782582 ) ) ;
#1858 = LINE ( 'NONE', #401, #1396 ) ;
#1859 = EDGE_CURVE ( 'NONE', #1579, #1099, #655, .T. ) ;
#1860 = CARTESIAN_POINT ( 'NONE',  ( 1.266942606994497345, 21.38041767450247121, 24.96798276591160004 ) ) ;
#1861 = CARTESIAN_POINT ( 'NONE',  ( 2.755455297896063857E-15, 19.19999999999999929, 22.50000000000000355 ) ) ;
#1862 = EDGE_LOOP ( 'NONE', ( #75, #1501, #1388, #251 ) ) ;
#1863 = CARTESIAN_POINT ( 'NONE',  ( -2.720880902291610504, 110.0000000000000000, -15.43088239451104648 ) ) ;
#1864 = ORIENTED_EDGE ( 'NONE', *, *, #1936, .T. ) ;
#1865 = CARTESIAN_POINT ( 'NONE',  ( -1.403722605715626015, 21.02549478503645020, 24.96056697568544180 ) ) ;
#1866 = ORIENTED_EDGE ( 'NONE', *, *, #1412, .T. ) ;
#1867 = CARTESIAN_POINT ( 'NONE',  ( 1.153634240854836124, 21.53350606491351016, -24.97342373576992358 ) ) ;
#1868 = VECTOR ( 'NONE', #984, 1000.000000000000000 ) ;
#1869 = CARTESIAN_POINT ( 'NONE',  ( 25.00000000000025224, 20.64999999999999858, -1.450000000000261746 ) ) ;
#1870 = DIRECTION ( 'NONE',  ( -0.000000000000000000, -1.000000000000000000, -0.000000000000000000 ) ) ;
#1871 = CARTESIAN_POINT ( 'NONE',  ( 22.49100579607546635, 21.95351700147080010, -0.6421610678810348860 ) ) ;
#1872 = ORIENTED_EDGE ( 'NONE', *, *, #131, .F. ) ;
#1873 = CARTESIAN_POINT ( 'NONE',  ( -1.258413883282513135, 21.37655257189002356, 24.96836343417739812 ) ) ;
#1874 = VECTOR ( 'NONE', #614, 1000.000000000000000 ) ;
#1875 = ORIENTED_EDGE ( 'NONE', *, *, #1101, .F. ) ;
#1876 = FACE_BOUND ( 'NONE', #572, .T. ) ;
#1877 = EDGE_CURVE ( 'NONE', #1356, #1316, #1283, .T. ) ;
#1878 = CARTESIAN_POINT ( 'NONE',  ( -16.78055042302093014, 21.38057532223046664, -14.98894401112260510 ) ) ;
#1879 = LINE ( 'NONE', #1869, #1399 ) ;
#1880 = CARTESIAN_POINT ( 'NONE',  ( 22.47055696795204582, 19.75766262175231702, 1.158460182011759709 ) ) ;
#1881 = DIRECTION ( 'NONE',  ( -0.000000000000000000, -1.000000000000000000, -0.000000000000000000 ) ) ;
#1882 = CARTESIAN_POINT ( 'NONE',  ( 22.45791393354135224, 21.11702381800046879, -1.376019811150379857 ) ) ;
#1883 = ORIENTED_EDGE ( 'NONE', *, *, #338, .T. ) ;
#1884 = CARTESIAN_POINT ( 'NONE',  ( -16.77492699034731416, 21.37641663017162585, 14.99515260415224915 ) ) ;
#1885 = EDGE_CURVE ( 'NONE', #608, #1208, #1160, .T. ) ;
#1886 = ORIENTED_EDGE ( 'NONE', *, *, #1930, .T. ) ;
#1887 = CARTESIAN_POINT ( 'NONE',  ( -24.98959805026393965, 19.39092837485024390, -0.7253979358227459207 ) ) ;
#1888 = CARTESIAN_POINT ( 'NONE',  ( 8.158795558326584541, 38.00000000000006395, -14.13144843558925245 ) ) ;
#1889 = CARTESIAN_POINT ( 'NONE',  ( -22.46483872010699301, 21.37641663017161520, -1.258490537460694503 ) ) ;
#1890 = CARTESIAN_POINT ( 'NONE',  ( -15.77543498698216418, 19.19984501878679950, -16.04438429111778319 ) ) ;
#1891 = CARTESIAN_POINT ( 'NONE',  ( 22.47046109557000193, 21.54017006118124300, -1.160495818762416143 ) ) ;
#1892 = VERTEX_POINT ( 'NONE', #2073 ) ;
#1893 = ORIENTED_EDGE ( 'NONE', *, *, #1580, .F. ) ;
#1894 = LINE ( 'NONE', #2029, #818 ) ;
#1895 = CARTESIAN_POINT ( 'NONE',  ( -25.00000000000004263, 20.64999999999999858, -24.99999999999996092 ) ) ;
#1896 = CARTESIAN_POINT ( 'NONE',  ( -22.47358480056754715, 21.60863183725304637, -1.092002441072774443 ) ) ;
#1897 = VECTOR ( 'NONE', #1008, 999.9999999999998863 ) ;
#1898 = B_SPLINE_CURVE_WITH_KNOTS ( 'NONE', 3,
 ( #1721, #1591, #606, #623, #1757, #1566, #1253, #767, #464, #447, #1432, #1749, #2047, #1890, #1418, #1106, #2066, #775, #103, #436, #305, #746, #1114, #268 ),
 .UNSPECIFIED., .F., .F.,
 ( 4, 2, 2, 2, 2, 2, 2, 2, 2, 2, 2, 4 ),
 ( 0.004534535684257334949, 0.005101222633952438162, 0.005667909583647542243, 0.005951253058495096018, 0.006234596533342649793, 0.006517940008190200966, 0.006801283483037752139, 0.007367970432732838873, 0.007651313907580383107, 0.007934657382427927341, 0.008501344332123017544, 0.009068031281818106012 ),
 .UNSPECIFIED. ) ;
#1899 = CARTESIAN_POINT ( 'NONE',  ( 15.21839965619909130, 19.55712889155461198, 16.57271257263037256 ) ) ;
#1900 = ORIENTED_EDGE ( 'NONE', *, *, #228, .T. ) ;
#1901 = EDGE_LOOP ( 'NONE', ( #1090, #1141, #1246, #1841 ) ) ;
#1902 = CARTESIAN_POINT ( 'NONE',  ( 17.15614221425003549, 19.39190083398303344, -18.18441645756594127 ) ) ;
#1903 = AXIS2_PLACEMENT_3D ( 'NONE', #110, #124, #1276 ) ;
#1904 = CARTESIAN_POINT ( 'NONE',  ( 2.755455271706670665E-15, 22.09999999999999787, 22.50000000000000355 ) ) ;
#1905 = CARTESIAN_POINT ( 'NONE',  ( -18.64238193455458870, 21.02541092453959237, 16.65718873035143233 ) ) ;
#1906 = DIRECTION ( 'NONE',  ( -0.7071067811865415775, 0.000000000000000000, 0.7071067811865534569 ) ) ;
#1907 = CARTESIAN_POINT ( 'NONE',  ( -22.49100579607548056, 21.95351700147079299, 0.6421610678808779005 ) ) ;
#1908 = DIRECTION ( 'NONE',  ( -0.000000000000000000, -0.000000000000000000, -1.000000000000000000 ) ) ;
#1909 = CARTESIAN_POINT ( 'NONE',  ( 16.04452240550356379, 19.20953188716350368, 15.77440617405580525 ) ) ;
#1910 = ORIENTED_EDGE ( 'NONE', *, *, #1266, .T. ) ;
#1911 = CARTESIAN_POINT ( 'NONE',  ( 0.000000000000000000, 0.000000000000000000, 0.000000000000000000 ) ) ;
#1912 = CARTESIAN_POINT ( 'NONE',  ( 24.96212893586395154, 21.11700723971260985, -1.376025777367942071 ) ) ;
#1913 = CARTESIAN_POINT ( 'NONE',  ( 24.98168009329911143, 19.55853030592677300, -0.9592330618619014926 ) ) ;
#1914 = CARTESIAN_POINT ( 'NONE',  ( 2.755455298081545172E-15, 30.00000000000000000, 22.50000000000000355 ) ) ;
#1915 = VECTOR ( 'NONE', #630, 1000.000000000000000 ) ;
#1916 = CARTESIAN_POINT ( 'NONE',  ( -18.64761240023188194, 20.26803843530321458, 16.65148094214878327 ) ) ;
#1917 = CARTESIAN_POINT ( 'NONE',  ( -22.49704324137920253, 19.24650614072062993, 0.3763439388506161776 ) ) ;
#1918 = ORIENTED_EDGE ( 'NONE', *, *, #228, .F. ) ;
#1919 = VECTOR ( 'NONE', #1932, 1000.000000000000000 ) ;
#1920 = CARTESIAN_POINT ( 'NONE',  ( -1.153113156147969054, 21.53420241318773876, 22.47049420130820252 ) ) ;
#1921 = CARTESIAN_POINT ( 'NONE',  ( -1.449999999999999956, 20.64999999999999858, -24.95791457634231492 ) ) ;
#1922 = CARTESIAN_POINT ( 'NONE',  ( -22.45384736995398356, 20.84077539386463940, 1.440514968523923800 ) ) ;
#1923 = CYLINDRICAL_SURFACE ( 'NONE', #718, 1.449999999999998401 ) ;
#1924 = CARTESIAN_POINT ( 'NONE',  ( -18.55063274558446906, 19.91924424913933933, 16.75945376599355185 ) ) ;
#1925 = CARTESIAN_POINT ( 'NONE',  ( -16.65148094214872287, 20.26803843530321814, -18.64761240023193523 ) ) ;
#1926 = EDGE_LOOP ( 'NONE', ( #395, #500 ) ) ;
#1927 = AXIS2_PLACEMENT_3D ( 'NONE', #239, #886, #74 ) ;
#1928 = VECTOR ( 'NONE', #1123, 1000.000000000000000 ) ;
#1929 = PRODUCT_CONTEXT ( 'NONE', #1411, 'mechanical' ) ;
#1930 = EDGE_CURVE ( 'NONE', #1545, #2001, #556, .T. ) ;
#1931 = CARTESIAN_POINT ( 'NONE',  ( -0.4676195542574488329, 22.02581618969043831, -24.99578059930366791 ) ) ;
#1932 = DIRECTION ( 'NONE',  ( -0.1375998258677807728, -0.6099942813304206624, -0.7803673908264875392 ) ) ;
#1933 = DIRECTION ( 'NONE',  ( -0.7071067811865389130, -0.000000000000000000, 0.7071067811865561215 ) ) ;
#1934 = EDGE_CURVE ( 'NONE', #236, #1001, #970, .T. ) ;
#1935 = CARTESIAN_POINT ( 'NONE',  ( 17.40980891532852937, 22.05356634839440844, -17.94177256910812090 ) ) ;
#1936 = EDGE_CURVE ( 'NONE', #828, #477, #903, .T. ) ;
#1937 = CARTESIAN_POINT ( 'NONE',  ( -22.46438376362424094, 19.92097978410128079, 1.267555538145553884 ) ) ;
#1938 = DIRECTION ( 'NONE',  ( 0.7660444431189793457, 0.000000000000000000, 0.6427876096865378086 ) ) ;
#1939 = CARTESIAN_POINT ( 'NONE',  ( 17.94189372937004023, 19.24650251432829862, 17.40968231922374443 ) ) ;
#1940 = EDGE_CURVE ( 'NONE', #1079, #1280, #1469, .T. ) ;
#1941 = CARTESIAN_POINT ( 'NONE',  ( -1.449999999999999956, 20.64999999999999858, 22.45322916642504296 ) ) ;
#1942 = CARTESIAN_POINT ( 'NONE',  ( 24.98996188929012163, 21.91724442323200250, 0.7295676485596274130 ) ) ;
#1943 = CARTESIAN_POINT ( 'NONE',  ( -1.456290128196880085, 31.84484913856475785, -25.00000000000000000 ) ) ;
#1944 = PLANE ( 'NONE',  #1427 ) ;
#1945 = CARTESIAN_POINT ( 'NONE',  ( 16.62260580848550617, 20.74464456010002422, -18.67321547392693049 ) ) ;
#1946 = EDGE_CURVE ( 'NONE', #1816, #1952, #201, .T. ) ;
#1947 = CARTESIAN_POINT ( 'NONE',  ( -22.45576716162548081, 20.26998498326823039, 1.412004286300450717 ) ) ;
#1948 = CARTESIAN_POINT ( 'NONE',  ( -1.159406567914881281, 21.54110570352599296, -22.47050727335120257 ) ) ;
#1949 = VERTEX_POINT ( 'NONE', #39 ) ;
#1950 = ORIENTED_EDGE ( 'NONE', *, *, #397, .T. ) ;
#1951 = CARTESIAN_POINT ( 'NONE',  ( 3.061616997402319681E-15, 19.19999999999999929, 25.00000000000000000 ) ) ;
#1952 = VERTEX_POINT ( 'NONE', #702 ) ;
#1953 = CARTESIAN_POINT ( 'NONE',  ( 18.29188625470543172, 21.80312911125771791, 17.04151034852039004 ) ) ;
#1954 = DIRECTION ( 'NONE',  ( -1.000000000000000000, -0.000000000000000000, 1.047444401652940007E-14 ) ) ;
#1955 = CARTESIAN_POINT ( 'NONE',  ( 1.449999999999999956, 20.64999999999999858, -25.00000000000000000 ) ) ;
#1956 = DIRECTION ( 'NONE',  ( 0.7660444431189842307, 0.000000000000000000, 0.6427876096865320354 ) ) ;
#1957 = CARTESIAN_POINT ( 'NONE',  ( -14.85152577039413657, 20.64999999999999858, 16.90213543583529088 ) ) ;
#1958 = CARTESIAN_POINT ( 'NONE',  ( -18.55130993288399566, 19.92099546792112363, -16.75870313635251918 ) ) ;
#1959 = CARTESIAN_POINT ( 'NONE',  ( 0.4669604844241950770, 22.02603478127597469, 22.49532519603051739 ) ) ;
#1960 = CARTESIAN_POINT ( 'NONE',  ( -21.11069043284896551, 27.99999999999999645, 0.000000000000000000 ) ) ;
#1961 = ORIENTED_EDGE ( 'NONE', *, *, #288, .F. ) ;
#1962 = AXIS2_PLACEMENT_3D ( 'NONE', #517, #1631, #1799 ) ;
#1963 = CARTESIAN_POINT ( 'NONE',  ( 14.90715029419944848, 21.11702381800047235, -16.85313617322243473 ) ) ;
#1964 = VECTOR ( 'NONE', #195, 1000.000000000000000 ) ;
#1965 = EDGE_LOOP ( 'NONE', ( #1855, #248, #489, #523 ) ) ;
#1966 = CARTESIAN_POINT ( 'NONE',  ( -16.75922790483042135, 21.38057332055230830, 18.55083803596653880 ) ) ;
#1967 = CARTESIAN_POINT ( 'NONE',  ( 24.97350390260790576, 19.75767522203642201, 1.158473130591595623 ) ) ;
#1968 = LINE ( 'NONE', #1789, #1761 ) ;
#1969 = CARTESIAN_POINT ( 'NONE',  ( 16.41579241234144249, 21.90810425832128772, 15.38759039447622712 ) ) ;
#1970 = CARTESIAN_POINT ( 'NONE',  ( 16.62970566684882101, 20.84076922787791020, -18.66690210479836054 ) ) ;
#1971 = ADVANCED_FACE ( 'NONE', ( #340 ), #14, .F. ) ;
#1972 = CARTESIAN_POINT ( 'NONE',  ( -18.64217961331144835, 21.02660701648794017, -16.65741528632772273 ) ) ;
#1973 = CARTESIAN_POINT ( 'NONE',  ( 1.449999999999999956, 20.64999999999999858, -24.95791457634231136 ) ) ;
#1974 = VERTEX_POINT ( 'NONE', #2005 ) ;
#1975 = CARTESIAN_POINT ( 'NONE',  ( -2.720880902291610504, 27.99999999999999645, -15.43088239451104648 ) ) ;
#1976 = CARTESIAN_POINT ( 'NONE',  ( -3.222160012893071190, 110.0000000000000000, -18.27377750101917897 ) ) ;
#1977 = EDGE_LOOP ( 'NONE', ( #1950, #591, #1705, #1819 ) ) ;
#1978 = CARTESIAN_POINT ( 'NONE',  ( -24.98168009329911854, 19.55853030592677300, 0.9592330618617274096 ) ) ;
#1979 = CARTESIAN_POINT ( 'NONE',  ( 24.98452710240406560, 19.49594403330494430, 0.8829599924619074836 ) ) ;
#1980 = CARTESIAN_POINT ( 'NONE',  ( 16.70823825951261554, 19.75766262175232058, -15.06992815864243518 ) ) ;
#1981 = CARTESIAN_POINT ( 'NONE',  ( -14.85861096818663185, 20.84005662128004488, -16.89591728798754033 ) ) ;
#1982 = CARTESIAN_POINT ( 'NONE',  ( -18.29188625470531093, 21.80312911125772146, -17.04151034852051794 ) ) ;
#1983 = CARTESIAN_POINT ( 'NONE',  ( 22.19741189963106365, 31.76989187345809285, -11.50108277329213458 ) ) ;
#1984 = CARTESIAN_POINT ( 'NONE',  ( 0.3801945829896743456, 19.23803114359713007, -24.99771878736916619 ) ) ;
#1985 = CARTESIAN_POINT ( 'NONE',  ( -24.95847070821353952, 20.84076922787791020, 1.440515415882981598 ) ) ;
#1986 = CARTESIAN_POINT ( 'NONE',  ( 3.061616997868383043E-15, 0.000000000000000000, 25.00000000000000000 ) ) ;
#1987 = ORIENTED_EDGE ( 'NONE', *, *, #1571, .F. ) ;
#1988 = CARTESIAN_POINT ( 'NONE',  ( 16.87150839655005186, 21.02542646987014763, -14.88632074528737093 ) ) ;
#1989 =( BOUNDED_CURVE ( )  B_SPLINE_CURVE ( 3, ( #1257, #1718, #1092, #1563 ),
 .UNSPECIFIED., .F., .F. ) 
 B_SPLINE_CURVE_WITH_KNOTS ( ( 4, 4 ),
 ( 5.759586531581286195, 6.981317007977319911 ),
 .UNSPECIFIED. ) 
 CURVE ( )  GEOMETRIC_REPRESENTATION_ITEM ( )  RATIONAL_B_SPLINE_CURVE ( ( 1.000000000000000000, 0.8794346961926606809, 0.8794346961926606809, 1.000000000000000000 ) ) 
 REPRESENTATION_ITEM ( '' )  );
#1990 = CARTESIAN_POINT ( 'NONE',  ( -1.093005291240753740, 19.69239928800674022, -22.47353840766322719 ) ) ;
#1991 = CARTESIAN_POINT ( 'NONE',  ( 16.73226621045705542, 21.29311942374651778, 18.57505306457317928 ) ) ;
#1992 = CARTESIAN_POINT ( 'NONE',  ( -16.62260580848563762, 20.64999999999999858, 18.67321547392680614 ) ) ;
#1993 = CARTESIAN_POINT ( 'NONE',  ( 15.77440617405573953, 19.20953188716349302, -16.04452240550360642 ) ) ;
#1994 = EDGE_CURVE ( 'NONE', #236, #611, #1004, .T. ) ;
#1995 = CARTESIAN_POINT ( 'NONE',  ( -24.95791457634232557, 20.74582650910053516, -1.449999999999912914 ) ) ;
#1996 = DIRECTION ( 'NONE',  ( -0.7071067811865511255, 0.000000000000000000, -0.7071067811865439090 ) ) ;
#1997 = SURFACE_STYLE_FILL_AREA ( #558 ) ;
#1998 = CARTESIAN_POINT ( 'NONE',  ( 14.99515260415230955, 21.37641663017161875, 16.77492699034726797 ) ) ;
#1999 = ORIENTED_EDGE ( 'NONE', *, *, #278, .T. ) ;
#2000 = LINE ( 'NONE', #1364, #1597 ) ;
#2001 = VERTEX_POINT ( 'NONE', #1153 ) ;
#2002 = CARTESIAN_POINT ( 'NONE',  ( 16.17722424209448562, 22.06185219708664746, -15.63898598895959857 ) ) ;
#2003 = VECTOR ( 'NONE', #1881, 1000.000000000000000 ) ;
#2004 = VERTEX_POINT ( 'NONE', #1493 ) ;
#2005 = CARTESIAN_POINT ( 'NONE',  ( 2.755455298081545172E-15, 27.99999999999999645, 22.50000000000000355 ) ) ;
#2006 = DIRECTION ( 'NONE',  ( 0.000000000000000000, 0.000000000000000000, 1.000000000000000000 ) ) ;
#2007 = CARTESIAN_POINT ( 'NONE',  ( 22.45322916642505362, 20.64999999999999858, 1.449999999999764588 ) ) ;
#2008 = EDGE_CURVE ( 'NONE', #2004, #71, #1135, .T. ) ;
#2009 = CARTESIAN_POINT ( 'NONE',  ( -16.88869486055936164, 21.60862671755551645, -18.43302654920859140 ) ) ;
#2010 = ADVANCED_FACE ( 'NONE', ( #1856 ), #433, .T. ) ;
#2011 = VECTOR ( 'NONE', #1226, 1000.000000000000000 ) ;
#2012 = CARTESIAN_POINT ( 'NONE',  ( 6.147987464839955505E-24, 19.19999999999999929, -22.50000000000000355 ) ) ;
#2013 = ORIENTED_EDGE ( 'NONE', *, *, #1510, .T. ) ;
#2014 = CARTESIAN_POINT ( 'NONE',  ( 1.411965059965109459, 20.26979124599662185, 22.45576986039946377 ) ) ;
#2015 = ORIENTED_EDGE ( 'NONE', *, *, #278, .F. ) ;
#2016 = CARTESIAN_POINT ( 'NONE',  ( 16.70450110055958604, 21.53402852147074142, -15.07356693469400355 ) ) ;
#2017 = EDGE_CURVE ( 'NONE', #1015, #297, #1159, .T. ) ;
#2018 = ORIENTED_EDGE ( 'NONE', *, *, #842, .F. ) ;
#2019 = CARTESIAN_POINT ( 'NONE',  ( 1.412357178447563255, 21.02934200036963475, -24.96017946814422928 ) ) ;
#2020 = CARTESIAN_POINT ( 'NONE',  ( 0.000000000000000000, 30.00000000000000000, -25.00000000000000000 ) ) ;
#2021 = CARTESIAN_POINT ( 'NONE',  ( 12.63444786552133259, 41.54057608418096237, 4.598562949437818403 ) ) ;
#2022 = CARTESIAN_POINT ( 'NONE',  ( 22.50000998767490046, 19.19984501878679595, 0.1901758767495023983 ) ) ;
#2023 = ORIENTED_EDGE ( 'NONE', *, *, #1435, .F. ) ;
#2024 = CARTESIAN_POINT ( 'NONE',  ( 8.196568423990413521E-14, 38.00000000000007816, 20.97749077943198870 ) ) ;
#2025 = CARTESIAN_POINT ( 'NONE',  ( -0.3765401785602767171, 19.24654280818543839, -22.49704091786665217 ) ) ;
#2026 = ORIENTED_EDGE ( 'NONE', *, *, #1235, .T. ) ;
#2027 = CARTESIAN_POINT ( 'NONE',  ( -16.90213543583513456, 20.74583159383276865, 14.85152577039431776 ) ) ;
#2028 = ORIENTED_EDGE ( 'NONE', *, *, #1477, .T. ) ;
#2029 = CARTESIAN_POINT ( 'NONE',  ( 26.02530483272069972, 20.64999999999999858, 23.97469516727928251 ) ) ;
#2030 = B_SPLINE_CURVE_WITH_KNOTS ( 'NONE', 3,
 ( #1727, #263, #97, #1758, #465, #271, #1115, #918, #1440, #431, #1238, #908, #308, #588, #1410, #1546, #1604, #106, #2090, #609, #1924, #1916, #135, #2052 ),
 .UNSPECIFIED., .F., .F.,
 ( 4, 2, 2, 2, 2, 2, 2, 2, 2, 2, 2, 4 ),
 ( 0.004534312584917969506, 0.005100972053355626833, 0.005667631521793284159, 0.005950961256012109353, 0.006234290990230933679, 0.006517620724449758873, 0.006800950458668584067, 0.007367609927106234455, 0.007650939661325063985, 0.007934269395543893516, 0.008500928863981550843, 0.009067588332419204700 ),
 .UNSPECIFIED. ) ;
#2031 = DIRECTION ( 'NONE',  ( 1.000000000000000000, -0.000000000000000000, -3.491481338843133750E-15 ) ) ;
#2032 = CARTESIAN_POINT ( 'NONE',  ( -16.85313617322227486, 21.11702381800047235, -14.90715029419962612 ) ) ;
#2033 = CARTESIAN_POINT ( 'NONE',  ( -15.77440617405585854, 19.20953188716350013, 16.04452240550350695 ) ) ;
#2034 =( NAMED_UNIT ( * ) PLANE_ANGLE_UNIT ( ) SI_UNIT ( $, .RADIAN. ) );
#2035 = EDGE_CURVE ( 'NONE', #611, #1071, #1894, .T. ) ;
#2036 = ORIENTED_EDGE ( 'NONE', *, *, #283, .T. ) ;
#2037 = CARTESIAN_POINT ( 'NONE',  ( 0.000000000000000000, 30.00000000000000000, 0.000000000000000000 ) ) ;
#2038 = ORIENTED_EDGE ( 'NONE', *, *, #2008, .T. ) ;
#2039 = DIRECTION ( 'NONE',  ( -0.7660444431189792347, -0.000000000000000000, 0.6427876096865379196 ) ) ;
#2040 = VERTEX_POINT ( 'NONE', #601 ) ;
#2041 = CARTESIAN_POINT ( 'NONE',  ( 0.000000000000000000, 22.09999999999999787, -25.00000000000000000 ) ) ;
#2042 = AXIS2_PLACEMENT_3D ( 'NONE', #845, #77, #1204 ) ;
#2043 = CARTESIAN_POINT ( 'NONE',  ( -24.96835910689542359, 21.37640257111855746, -1.258498767866815138 ) ) ;
#2044 = VECTOR ( 'NONE', #435, 1000.000000000000114 ) ;
#2045 = CARTESIAN_POINT ( 'NONE',  ( 1.449999999999999956, 20.74462296980362908, 24.95791457634231492 ) ) ;
#2046 = CARTESIAN_POINT ( 'NONE',  ( 22.48280609891321546, 19.49595515885233610, 0.8829748912302350927 ) ) ;
#2047 = CARTESIAN_POINT ( 'NONE',  ( -15.97838580573039025, 19.20007820838486978, -15.84141221989459147 ) ) ;
#2048 = EDGE_CURVE ( 'NONE', #98, #1785, #1213, .T. ) ;
#2049 = ORIENTED_EDGE ( 'NONE', *, *, #61, .F. ) ;
#2050 = CARTESIAN_POINT ( 'NONE',  ( 22.47048740073528350, 21.53402852147073787, 1.153244608352416156 ) ) ;
#2051 = EDGE_LOOP ( 'NONE', ( #2015, #1573, #1149 ) ) ;
#2052 = CARTESIAN_POINT ( 'NONE',  ( -18.67321547392663561, 20.64999999999999858, 16.62260580848583658 ) ) ;
#2053 = VERTEX_POINT ( 'NONE', #898 ) ;
#2054 = CARTESIAN_POINT ( 'NONE',  ( -24.98452710240405139, 19.49594403330494075, -0.8829599924620813445 ) ) ;
#2055 = CARTESIAN_POINT ( 'NONE',  ( 16.75870313635232733, 19.92099546792112363, -18.55130993288416619 ) ) ;
#2056 = CARTESIAN_POINT ( 'NONE',  ( -1.158761373138378348, 19.75807136543955878, 24.97348984962764717 ) ) ;
#2057 = LINE ( 'NONE', #1259, #1874 ) ;
#2058 = PLANE ( 'NONE',  #681 ) ;
#2059 = CARTESIAN_POINT ( 'NONE',  ( 22.45384736995396935, 20.84077539386463940, -1.440514968524080563 ) ) ;
#2060 = ORIENTED_EDGE ( 'NONE', *, *, #781, .F. ) ;
#2061 = DIRECTION ( 'NONE',  ( -0.000000000000000000, -1.000000000000000000, -0.000000000000000000 ) ) ;
#2062 = ORIENTED_EDGE ( 'NONE', *, *, #974, .F. ) ;
#2063 = CARTESIAN_POINT ( 'NONE',  ( -25.00000905255602390, 19.19984392139582141, -0.1901380239088411306 ) ) ;
#2064 = CARTESIAN_POINT ( 'NONE',  ( -1.449999999999999734, 20.45848982649292935, 24.95791457634231492 ) ) ;
#2065 = CARTESIAN_POINT ( 'NONE',  ( 24.96794968504275047, 19.92099546792112008, -1.267564421828722976 ) ) ;
#2066 = CARTESIAN_POINT ( 'NONE',  ( -15.38878823406721708, 19.39093414656143111, -16.41467061585175813 ) ) ;
#2067 = EDGE_CURVE ( 'NONE', #71, #830, #1054, .T. ) ;
#2068 =( BOUNDED_CURVE ( )  B_SPLINE_CURVE ( 3, ( #1788, #1630, #1311, #823 ),
 .UNSPECIFIED., .F., .F. ) 
 B_SPLINE_CURVE_WITH_KNOTS ( ( 4, 4 ),
 ( 6.108652381980153478, 6.677805956015736122 ),
 .UNSPECIFIED. ) 
 CURVE ( )  GEOMETRIC_REPRESENTATION_ITEM ( )  RATIONAL_B_SPLINE_CURVE ( ( 1.000000000000000000, 0.9731870374634361553, 0.9731870374634361553, 1.000000000000000000 ) ) 
 REPRESENTATION_ITEM ( '' )  );
#2069 = CARTESIAN_POINT ( 'NONE',  ( 16.17392718384603256, 19.24650614072062993, 15.64169648140641478 ) ) ;
#2070 = ORIENTED_EDGE ( 'NONE', *, *, #525, .F. ) ;
#2071 = EDGE_LOOP ( 'NONE', ( #105, #736, #1644, #1196, #1400, #1866, #685, #127, #424, #374, #1443, #339, #511 ) ) ;
#2072 = CARTESIAN_POINT ( 'NONE',  ( -1.375809855383889779, 21.11763802507782728, 22.45792684657396521 ) ) ;
#2073 = CARTESIAN_POINT ( 'NONE',  ( -16.90213543583523759, 20.64999999999999858, -14.85152577039419519 ) ) ;
#2074 = CYLINDRICAL_SURFACE ( 'NONE', #1119, 1.449999999999999956 ) ;
#2075 = DIRECTION ( 'NONE',  ( -0.9396926207859118696, -0.000000000000000000, -0.3420201433256590540 ) ) ;
#2076 = AXIS2_PLACEMENT_3D ( 'NONE', #669, #950, #165 ) ;
#2077 = CARTESIAN_POINT ( 'NONE',  ( 15.77543498698227076, 19.19984501878679595, 16.04438429111767661 ) ) ;
#2078 = ORIENTED_EDGE ( 'NONE', *, *, #1392, .T. ) ;
#2079 = DIRECTION ( 'NONE',  ( -0.000000000000000000, -1.000000000000000000, -0.000000000000000000 ) ) ;
#2080 = DIRECTION ( 'NONE',  ( -0.4015462364005312756, -0.7808688094430290549, -0.4785441698230113450 ) ) ;
#2081 = CARTESIAN_POINT ( 'NONE',  ( 24.96019758259794585, 20.27000066408747969, -1.412008383822011215 ) ) ;
#2082 = DIRECTION ( 'NONE',  ( -0.000000000000000000, -1.000000000000000000, -0.000000000000000000 ) ) ;
#2083 = DIRECTION ( 'NONE',  ( -0.7071067811865511255, 0.000000000000000000, -0.7071067811865439090 ) ) ;
#2084 = ORIENTED_EDGE ( 'NONE', *, *, #253, .F. ) ;
#2085 = CARTESIAN_POINT ( 'NONE',  ( 18.67321547392687009, 20.64999999999999858, 16.62260580848557723 ) ) ;
#2086 = CARTESIAN_POINT ( 'NONE',  ( -1.449999999999999956, 20.64999999999999858, -22.45322916642504296 ) ) ;
#2087 = CARTESIAN_POINT ( 'NONE',  ( -0.09584836467858479092, 22.09999999999999787, -24.99999999999999645 ) ) ;
#2088 = CARTESIAN_POINT ( 'NONE',  ( 24.98446490105516915, 19.49728308524756670, -0.8847209648864974296 ) ) ;
#2089 = CARTESIAN_POINT ( 'NONE',  ( 23.97469516727919014, 20.64999999999999858, -26.02530483272078499 ) ) ;
#2090 = CARTESIAN_POINT ( 'NONE',  ( -18.34190957279208334, 19.55712069436376765, 16.98760849900560288 ) ) ;
#2091 = CARTESIAN_POINT ( 'NONE',  ( -18.64796567370373381, 20.27000066408747969, -16.65108426711844558 ) ) ;
#2092 = ORIENTED_EDGE ( 'NONE', *, *, #306, .T. ) ;
#2093 = EDGE_CURVE ( 'NONE', #828, #1099, #108, .T. ) ;
#2094 = CARTESIAN_POINT ( 'NONE',  ( 18.18441645756588088, 19.39190083398302633, 17.15614221425010300 ) ) ;
#2095 = VERTEX_POINT ( 'NONE', #76 ) ;
#2096 = EDGE_CURVE ( 'NONE', #2095, #587, #1989, .T. ) ;
#2097 = EDGE_CURVE ( 'NONE', #1240, #1545, #1516, .T. ) ;
#2098 = CARTESIAN_POINT ( 'NONE',  ( -1.152938114264293157, 19.76560443960371316, -22.47050283019549966 ) ) ;
#2099 = CARTESIAN_POINT ( 'NONE',  ( 24.97344156828078710, 21.53401808170110243, 1.153252736946706936 ) ) ;
#2100 = CARTESIAN_POINT ( 'NONE',  ( 24.98959805026395031, 19.39092837485024390, 0.7253979358225718377 ) ) ;
#2101 = DIRECTION ( 'NONE',  ( 0.7071067811865558994, 0.000000000000000000, 0.7071067811865392461 ) ) ;
#2102 = CARTESIAN_POINT ( 'NONE',  ( 17.54281500147090611, 22.09060030914360340, -17.81174587776337859 ) ) ;
#2103 = CARTESIAN_POINT ( 'NONE',  ( -18.00596358229168104, 19.27449740207908846, -17.34338393775131593 ) ) ;
#2104 = CARTESIAN_POINT ( 'NONE',  ( 0.8919445478113496861, 21.80874601255512957, -22.48271202494628440 ) ) ;
#2105 = B_SPLINE_CURVE_WITH_KNOTS ( 'NONE', 3,
 ( #1417, #1431, #2081, #2065, #1438, #1913, #2088, #304, #1270, #1096, #1739, #949, #1602, #286, #187, #844, #2100, #1979, #1448, #1967, #528, #1458, #677, #1798 ),
 .UNSPECIFIED., .F., .F.,
 ( 4, 2, 2, 2, 2, 2, 2, 2, 2, 2, 2, 4 ),
 ( 0.004534312584917976445, 0.005100972053355635506, 0.005667631521793295435, 0.005950961256012120629, 0.006234290990230947557, 0.006517620724449772751, 0.006800950458668599680, 0.007367609927106251802, 0.007650939661325079598, 0.007934269395543907394, 0.008500928863981564720, 0.009067588332419220312 ),
 .UNSPECIFIED. ) ;
#2106 = ADVANCED_FACE ( 'NONE', ( #592, #1241, #1876, #425 ), #1075, .F. ) ;
#2107 = ORIENTED_EDGE ( 'NONE', *, *, #1233, .F. ) ;
#2108 =( NAMED_UNIT ( * ) SI_UNIT ( $, .STERADIAN. ) SOLID_ANGLE_UNIT ( ) );
#2109 = CARTESIAN_POINT ( 'NONE',  ( -0.9588073626590800647, 21.74185058923551495, -24.98169664725130446 ) ) ;
#2110 = CARTESIAN_POINT ( 'NONE',  ( 14.72397660760249494, 27.99999999999999645, 5.359089215199046130 ) ) ;
#2111 = CARTESIAN_POINT ( 'NONE',  ( -2.907038632789951116, 32.39192007418136399, -24.87307595222091550 ) ) ;
#2112 = CARTESIAN_POINT ( 'NONE',  ( 24.99999999999969447, 20.64999999999999858, -25.00000000000030198 ) ) ;
#2113 = CARTESIAN_POINT ( 'NONE',  ( 18.57505306457311534, 21.29311942374651423, -16.73226621045711937 ) ) ;
#2114 = CARTESIAN_POINT ( 'NONE',  ( -18.18441645756575298, 19.39190083398303344, -17.15614221425023445 ) ) ;
#2115 = FACE_OUTER_BOUND ( 'NONE', #1977, .T. ) ;
#2116 = ORIENTED_EDGE ( 'NONE', *, *, #1706, .F. ) ;
ENDSEC;
END-ISO-10303-21;
