ISO-10303-21;
HEADER;
FILE_DESCRIPTION (( 'STEP AP214' ),
    '1' );
FILE_NAME ('Hexagon.STEP',
    '2024-11-15T11:24:03',
    ( '' ),
    ( '' ),
    'SwSTEP 2.0',
    'SolidWorks 2023',
    '' );
FILE_SCHEMA (( 'AUTOMOTIVE_DESIGN' ));
ENDSEC;

DATA;
#1 = CARTESIAN_POINT ( 'NONE',  ( 22.11324865405195439, 110.0000000000000000, 1.433315272025836862E-13 ) ) ;
#2 = CARTESIAN_POINT ( 'NONE',  ( 16.62260580848550617, 20.46075416354774390, -18.67321547392693404 ) ) ;
#3 = CARTESIAN_POINT ( 'NONE',  ( -18.64796567370373381, 20.27000066408747969, -16.65108426711843848 ) ) ;
#4 = CARTESIAN_POINT ( 'NONE',  ( -16.90213543583513101, 20.64999999999999858, 14.85152577039431243 ) ) ;
#5 = ORIENTED_EDGE ( 'NONE', *, *, #1988, .T. ) ;
#6 = CARTESIAN_POINT ( 'NONE',  ( -16.17571746779578845, 19.23738105445973900, 15.64055900444485658 ) ) ;
#7 = CYLINDRICAL_SURFACE ( 'NONE', #20, 1.449999999999999956 ) ;
#8 = B_SPLINE_CURVE_WITH_KNOTS ( 'NONE', 3,
 ( #1884, #625, #1566, #137, #778, #1412, #954, #460, #1587, #157, #820, #1454, #1506, #1206, #1631, #1495, #388, #1485, #1352, #869, #684, #550, #849, #241 ),
 .UNSPECIFIED., .F., .F.,
 ( 4, 2, 2, 2, 2, 2, 2, 2, 2, 2, 2, 4 ),
 ( 0.004534535684257330612, 0.005101222633952432958, 0.005667909583647535304, 0.005951253058495085610, 0.006234596533342636783, 0.006517940008190187956, 0.006801283483037738262, 0.007367970432732833669, 0.007651313907580377036, 0.007934657382427920402, 0.008501344332123010605, 0.009068031281818100808 ),
 .UNSPECIFIED. ) ;
#9 = CARTESIAN_POINT ( 'NONE',  ( 17.34338393775112408, 19.27449740207909201, -18.00596358229186222 ) ) ;
#10 = FILL_AREA_STYLE ('',( #168 ) ) ;
#11 = DIRECTION ( 'NONE',  ( 0.000000000000000000, 1.000000000000000000, 0.000000000000000000 ) ) ;
#12 = EDGE_LOOP ( 'NONE', ( #1952, #1066, #1872, #1702 ) ) ;
#13 = EDGE_CURVE ( 'NONE', #2018, #2039, #8, .T. ) ;
#14 = CARTESIAN_POINT ( 'NONE',  ( 22.45322916642505362, 20.64999999999999858, 1.449999999999764588 ) ) ;
#15 = CARTESIAN_POINT ( 'NONE',  ( -22.45322916642504296, 20.64999999999999858, -1.449999999999921352 ) ) ;
#16 = LINE ( 'NONE', #1303, #60 ) ;
#17 = EDGE_LOOP ( 'NONE', ( #922, #450 ) ) ;
#18 = CARTESIAN_POINT ( 'NONE',  ( 22.45322916642502875, 20.46074985476538544, -1.450000000000235101 ) ) ;
#19 = CARTESIAN_POINT ( 'NONE',  ( -15.77499736213851911, 22.09059905109625888, 16.04394303739643490 ) ) ;
#20 = AXIS2_PLACEMENT_3D ( 'NONE', #1118, #1777, #190 ) ;
#21 = VECTOR ( 'NONE', #1659, 1000.000000000000000 ) ;
#22 = AXIS2_PLACEMENT_3D ( 'NONE', #1100, #905, #1409 ) ;
#23 = ORIENTED_EDGE ( 'NONE', *, *, #1440, .F. ) ;
#24 = VECTOR ( 'NONE', #1009, 1000.000000000000000 ) ;
#25 = CARTESIAN_POINT ( 'NONE',  ( 22.49938852668176281, 22.09059905109625888, -0.1901733107457863337 ) ) ;
#26 = VERTEX_POINT ( 'NONE', #707 ) ;
#27 = CARTESIAN_POINT ( 'NONE',  ( 16.62260580848589697, 20.64999999999999858, 18.67321547392657877 ) ) ;
#28 = CARTESIAN_POINT ( 'NONE',  ( 25.00000000000021672, 20.64999999999999858, 24.99999999999978328 ) ) ;
#29 = VERTEX_POINT ( 'NONE', #1841 ) ;
#30 = CARTESIAN_POINT ( 'NONE',  ( 0.6424724997907649282, 21.95336188657828558, 24.99189739629148121 ) ) ;
#31 = CARTESIAN_POINT ( 'NONE',  ( -22.45384736995398356, 20.84077539386463940, 1.440514968523923800 ) ) ;
#32 = EDGE_LOOP ( 'NONE', ( #669, #506, #413, #766, #395, #375, #1281, #2065, #1966, #789 ) ) ;
#33 = CARTESIAN_POINT ( 'NONE',  ( 17.15618941574742706, 21.90811294858030678, -18.18437082895102463 ) ) ;
#34 = VERTEX_POINT ( 'NONE', #211 ) ;
#35 = CARTESIAN_POINT ( 'NONE',  ( 12.50000000000025047, 40.00000000000017764, 21.65063509461081992 ) ) ;
#36 = CARTESIAN_POINT ( 'NONE',  ( -16.76540302671306293, 21.37640257111855391, -18.54518905246020566 ) ) ;
#37 = EDGE_CURVE ( 'NONE', #1600, #844, #72, .T. ) ;
#38 = CARTESIAN_POINT ( 'NONE',  ( 1.449999999999999956, 20.64999999999999858, 22.45322916642504296 ) ) ;
#39 = CARTESIAN_POINT ( 'NONE',  ( -24.99944224689437178, 19.20953018485652919, 0.1909879485521104037 ) ) ;
#40 = CARTESIAN_POINT ( 'NONE',  ( -15.97838580573037959, 19.20007820838486623, -15.84141221989460213 ) ) ;
#41 = DIRECTION ( 'NONE',  ( 0.5000000000000011102, 0.000000000000000000, 0.8660254037844380415 ) ) ;
#42 = ADVANCED_BREP_SHAPE_REPRESENTATION ( 'Hexagon', ( #1471, #1933 ), #229 ) ;
#43 = CARTESIAN_POINT ( 'NONE',  ( -4.413917820073233855, 36.65063509461113966, 25.00000000000000000 ) ) ;
#44 = VERTEX_POINT ( 'NONE', #561 ) ;
#45 = CARTESIAN_POINT ( 'NONE',  ( -24.99999999999992895, 20.64999999999999858, 25.00000000000018829 ) ) ;
#46 = ORIENTED_EDGE ( 'NONE', *, *, #500, .T. ) ;
#47 = CARTESIAN_POINT ( 'NONE',  ( 24.99190605620333727, 21.95352747359353174, -0.6421392658537380393 ) ) ;
#48 = CARTESIAN_POINT ( 'NONE',  ( 0.8841737657653786497, 19.49685964090929957, 24.98448447321466404 ) ) ;
#49 = CARTESIAN_POINT ( 'NONE',  ( 16.57271257263031927, 19.55712889155461554, -15.21839965619914992 ) ) ;
#50 = CARTESIAN_POINT ( 'NONE',  ( -24.99999543148434356, 19.20007876753756904, 0.09684885010581313625 ) ) ;
#51 = CARTESIAN_POINT ( 'NONE',  ( 16.90213543583503153, 20.64999999999999858, -14.85152577039443678 ) ) ;
#52 = FACE_OUTER_BOUND ( 'NONE', #480, .T. ) ;
#53 = CARTESIAN_POINT ( 'NONE',  ( -22.46483872010699301, 21.37641663017161520, -1.258490537460694503 ) ) ;
#54 = EDGE_CURVE ( 'NONE', #581, #1503, #1338, .T. ) ;
#55 = ORIENTED_EDGE ( 'NONE', *, *, #959, .T. ) ;
#56 = AXIS2_PLACEMENT_3D ( 'NONE', #969, #1926, #1109 ) ;
#57 = VECTOR ( 'NONE', #948, 1000.000000000000000 ) ;
#58 = ORIENTED_EDGE ( 'NONE', *, *, #1848, .T. ) ;
#59 = PLANE ( 'NONE',  #1104 ) ;
#60 = VECTOR ( 'NONE', #1284, 1000.000000000000227 ) ;
#61 = CARTESIAN_POINT ( 'NONE',  ( -16.88869486055935099, 21.60862671755550224, -18.43302654920858075 ) ) ;
#62 = CARTESIAN_POINT ( 'NONE',  ( 14.98842097788225658, 19.92097978410128789, -16.78101521098910354 ) ) ;
#63 = CARTESIAN_POINT ( 'NONE',  ( -16.90213543583523759, 20.46074985476537478, -14.85152577039419874 ) ) ;
#64 = CARTESIAN_POINT ( 'NONE',  ( -24.99999999999999645, 40.00000000000017764, 1.745740669421566678E-13 ) ) ;
#65 = CARTESIAN_POINT ( 'NONE',  ( 1.449999999999999956, 20.64999999999999858, 25.00000000000000000 ) ) ;
#66 = EDGE_LOOP ( 'NONE', ( #355, #1744, #1296, #147 ) ) ;
#67 = B_SPLINE_CURVE_WITH_KNOTS ( 'NONE', 3,
 ( #2013, #575, #1220, #1855, #1538, #749, #2023, #1194, #277, #1217, #1072, #1705, #240, #1048 ),
 .UNSPECIFIED., .F., .F.,
 ( 4, 2, 2, 2, 2, 2, 4 ),
 ( 0.004534312687284889135, 0.005101265027756256287, 0.005668217368227624307, 0.005951693538463311353, 0.006235169708698999266, 0.006518645878934687179, 0.006802122049170374225 ),
 .UNSPECIFIED. ) ;
#68 = ORIENTED_EDGE ( 'NONE', *, *, #1136, .T. ) ;
#69 = CARTESIAN_POINT ( 'NONE',  ( -22.11324865405195439, 110.0000000000000000, 2.753873518113181262E-14 ) ) ;
#70 = UNCERTAINTY_MEASURE_WITH_UNIT (LENGTH_MEASURE( 1.000000000000000082E-05 ), #822, 'distance_accuracy_value', 'NONE');
#71 = CARTESIAN_POINT ( 'NONE',  ( 3.061616997868383043E-15, 36.65063509461108282, 25.00000000000000000 ) ) ;
#72 = LINE ( 'NONE', #1969, #1826 ) ;
#73 = DIRECTION ( 'NONE',  ( 0.6123724356957996884, -0.7071067811865439090, 0.3535533905932720655 ) ) ;
#74 = CARTESIAN_POINT ( 'NONE',  ( -0.4676195542574488329, 22.02581618969043831, -24.99578059930366791 ) ) ;
#75 = CARTESIAN_POINT ( 'NONE',  ( 14.85152577039436750, 20.74583159383276865, 16.90213543583507771 ) ) ;
#76 = EDGE_LOOP ( 'NONE', ( #899, #1035 ) ) ;
#77 = ORIENTED_EDGE ( 'NONE', *, *, #391, .T. ) ;
#78 = CYLINDRICAL_SURFACE ( 'NONE', #1864, 1.449999999999999956 ) ;
#79 = ADVANCED_FACE ( 'NONE', ( #1672 ), #1811, .T. ) ;
#80 = DIRECTION ( 'NONE',  ( 1.000000000000000000, 0.000000000000000000, 0.000000000000000000 ) ) ;
#81 = CARTESIAN_POINT ( 'NONE',  ( -22.11324865405195439, 110.0000000000000000, 2.753873518113181262E-14 ) ) ;
#82 = CARTESIAN_POINT ( 'NONE',  ( -24.95791457634230781, 20.74464456010002777, 1.450000000000086997 ) ) ;
#83 = CARTESIAN_POINT ( 'NONE',  ( 6.147987464839955505E-24, 19.19999999999999929, -22.50000000000000355 ) ) ;
#84 = CARTESIAN_POINT ( 'NONE',  ( 18.47436271321428691, 21.53401808170110243, -16.84341705178042403 ) ) ;
#85 = VERTEX_POINT ( 'NONE', #1039 ) ;
#86 = ORIENTED_EDGE ( 'NONE', *, *, #538, .T. ) ;
#87 = CARTESIAN_POINT ( 'NONE',  ( -18.47436271321440415, 21.53401808170109888, 16.84341705178029613 ) ) ;
#88 = AXIS2_PLACEMENT_3D ( 'NONE', #696, #1498, #41 ) ;
#89 = CARTESIAN_POINT ( 'NONE',  ( -24.98446490105517270, 19.49728308524756670, 0.8847209648863226805 ) ) ;
#90 = CARTESIAN_POINT ( 'NONE',  ( 24.99999543148434356, 19.20007876753756904, -0.09684885010598728861 ) ) ;
#91 = CARTESIAN_POINT ( 'NONE',  ( 25.00000000000000000, 40.00000000000017764, 0.000000000000000000 ) ) ;
#92 = EDGE_CURVE ( 'NONE', #235, #1616, #203, .T. ) ;
#93 = CARTESIAN_POINT ( 'NONE',  ( -14.99515260415219053, 21.37641663017161875, -16.77492699034737456 ) ) ;
#94 = CARTESIAN_POINT ( 'NONE',  ( 0.3817906435131568355, 22.06151091031693667, -22.49743632564206663 ) ) ;
#95 = CARTESIAN_POINT ( 'NONE',  ( -1.440534550646454415, 20.45935080458746569, -22.45384611629251737 ) ) ;
#96 = CARTESIAN_POINT ( 'NONE',  ( -0.6432719042420530497, 21.95297327395606857, -22.49097413996876327 ) ) ;
#97 = CARTESIAN_POINT ( 'NONE',  ( 18.47946152070603887, 21.54018129493336531, 16.83828573573199350 ) ) ;
#98 = APPLICATION_CONTEXT ( 'automotive_design' ) ;
#99 = ORIENTED_EDGE ( 'NONE', *, *, #1606, .T. ) ;
#100 = EDGE_LOOP ( 'NONE', ( #1531, #1367, #1182, #1859 ) ) ;
#101 = FACE_OUTER_BOUND ( 'NONE', #1262, .T. ) ;
#102 = LINE ( 'NONE', #1876, #339 ) ;
#103 = CARTESIAN_POINT ( 'NONE',  ( -1.375809855383889779, 21.11763802507782728, 22.45792684657396521 ) ) ;
#104 = CARTESIAN_POINT ( 'NONE',  ( -16.41579241234133590, 21.90810425832128772, -15.38759039447634436 ) ) ;
#105 = CARTESIAN_POINT ( 'NONE',  ( -24.99944974357919847, 22.09060030914360695, 0.1901628462966274968 ) ) ;
#106 = EDGE_CURVE ( 'NONE', #1130, #1701, #1244, .T. ) ;
#107 = CARTESIAN_POINT ( 'NONE',  ( -0.4669212075645619575, 19.27394693243802593, -22.49532626758928444 ) ) ;
#108 = EDGE_CURVE ( 'NONE', #2008, #393, #902, .T. ) ;
#109 = CARTESIAN_POINT ( 'NONE',  ( 0.000000000000000000, 22.09999999999999787, -22.50000000000000355 ) ) ;
#110 = DIRECTION ( 'NONE',  ( 0.8660254037844347108, 0.000000000000000000, -0.5000000000000069944 ) ) ;
#111 = EDGE_LOOP ( 'NONE', ( #681, #1327, #627, #558 ) ) ;
#112 = ORIENTED_EDGE ( 'NONE', *, *, #391, .F. ) ;
#113 = CARTESIAN_POINT ( 'NONE',  ( 14.88654882039481464, 21.02662389163469925, -16.87130727909762840 ) ) ;
#114 = B_SPLINE_CURVE_WITH_KNOTS ( 'NONE', 3,
 ( #1042, #1468, #1973, #1836, #688, #1676, #53, #382, #536, #363, #392, #1792, #1355, #1815, #863, #1644, #554, #677, #216, #700, #1961, #528, #1024, #1034, #245, #31, #1317, #853 ),
 .UNSPECIFIED., .F., .F.,
 ( 4, 2, 2, 2, 2, 2, 2, 2, 2, 2, 2, 2, 2, 4 ),
 ( 0.000000000000000000, 0.0002834084802660877169, 0.0005668169605321754338, 0.0008502254407982630423, 0.001133633921064350868, 0.001700450881596518495, 0.002267267842128686556, 0.002550676322394770587, 0.002834084802660855051, 0.003117493282926939082, 0.003400901763193023113, 0.003967718723725184235, 0.004251127203991260026, 0.004534535684257335816 ),
 .UNSPECIFIED. ) ;
#115 = CARTESIAN_POINT ( 'NONE',  ( 24.98959805026395031, 19.39092837485024390, 0.7253979358225718377 ) ) ;
#116 = LINE ( 'NONE', #1852, #466 ) ;
#117 = CARTESIAN_POINT ( 'NONE',  ( 12.50000000000025047, 40.00000000000017764, 21.65063509461081992 ) ) ;
#118 = CARTESIAN_POINT ( 'NONE',  ( -12.50000000000009770, 110.0000000000000000, -21.65063509461091229 ) ) ;
#119 = CARTESIAN_POINT ( 'NONE',  ( 0.8919445478113496861, 21.80874601255512957, -22.48271202494628440 ) ) ;
#120 = DIRECTION ( 'NONE',  ( -0.7071067811865389130, -0.000000000000000000, 0.7071067811865561215 ) ) ;
#121 = CARTESIAN_POINT ( 'NONE',  ( -17.40968231922379772, 19.24650251432829862, 17.94189372936997273 ) ) ;
#122 = CARTESIAN_POINT ( 'NONE',  ( 18.64217961331156559, 21.02660701648794017, 16.65741528632759483 ) ) ;
#123 = ORIENTED_EDGE ( 'NONE', *, *, #738, .F. ) ;
#124 = ADVANCED_FACE ( 'NONE', ( #1547 ), #1394, .F. ) ;
#125 = EDGE_LOOP ( 'NONE', ( #1422, #593 ) ) ;
#126 = CARTESIAN_POINT ( 'NONE',  ( -17.40980891532866082, 22.05356634839441909, 17.94177256910800367 ) ) ;
#127 = CARTESIAN_POINT ( 'NONE',  ( -0.1892393185539990585, 22.09999999999999432, 24.99999999999999289 ) ) ;
#128 = LINE ( 'NONE', #878, #394 ) ;
#129 = CARTESIAN_POINT ( 'NONE',  ( -1.091845565962707099, 21.60881254567491894, 22.47359250183391310 ) ) ;
#130 = LINE ( 'NONE', #892, #662 ) ;
#131 = CARTESIAN_POINT ( 'NONE',  ( -24.98448434049470634, 21.80312911125771436, 0.8841492822955899777 ) ) ;
#132 = AXIS2_PLACEMENT_3D ( 'NONE', #1673, #1665, #242 ) ;
#133 = VECTOR ( 'NONE', #467, 1000.000000000000000 ) ;
#134 = CARTESIAN_POINT ( 'NONE',  ( 16.78055042302102251, 21.38057532223045953, 14.98894401112248431 ) ) ;
#135 = CARTESIAN_POINT ( 'NONE',  ( -0.3755105531787836792, 22.05371862343022826, -22.49705730708388884 ) ) ;
#136 = DIRECTION ( 'NONE',  ( -0.000000000000000000, -0.000000000000000000, 1.000000000000000000 ) ) ;
#137 = CARTESIAN_POINT ( 'NONE',  ( 16.78101521098904314, 19.92097978410128434, 14.98842097788231520 ) ) ;
#138 = ORIENTED_EDGE ( 'NONE', *, *, #815, .F. ) ;
#139 = DIRECTION ( 'NONE',  ( -0.7071067811865536790, -0.000000000000000000, -0.7071067811865414665 ) ) ;
#140 = PRODUCT_CONTEXT ( 'NONE', #2071, 'mechanical' ) ;
#141 = DIRECTION ( 'NONE',  ( 0.000000000000000000, -0.000000000000000000, 1.000000000000000000 ) ) ;
#142 = CARTESIAN_POINT ( 'NONE',  ( -0.8911061442114303066, 21.80940622319045730, 22.48274619688037390 ) ) ;
#143 = CARTESIAN_POINT ( 'NONE',  ( -25.00000000000010303, 20.64999999999999858, -25.00000000000001776 ) ) ;
#144 = CARTESIAN_POINT ( 'NONE',  ( 22.45576716162548081, 20.26998498326822684, -1.412004286300607259 ) ) ;
#145 = CARTESIAN_POINT ( 'NONE',  ( -1.449999999999999734, 20.83924973064680231, -22.45322916642503941 ) ) ;
#146 = DIRECTION ( 'NONE',  ( 0.000000000000000000, 1.000000000000000000, 0.000000000000000000 ) ) ;
#147 = ORIENTED_EDGE ( 'NONE', *, *, #262, .F. ) ;
#148 = VERTEX_POINT ( 'NONE', #1559 ) ;
#149 = CARTESIAN_POINT ( 'NONE',  ( 1.258480323072443507, 19.92355566525439414, -22.46483940588006689 ) ) ;
#150 = B_SPLINE_CURVE_WITH_KNOTS ( 'NONE', 3,
 ( #283, #1054, #2037, #447, #1235, #1089, #1078, #601, #1210, #307, #121, #1870, #1552, #762, #1732, #256, #1376, #1576, #613, #2050, #436, #1249, #1710, #1845 ),
 .UNSPECIFIED., .F., .F.,
 ( 4, 2, 2, 2, 2, 2, 2, 2, 2, 2, 2, 4 ),
 ( 0.004534312584917967771, 0.005100972053355618159, 0.005667631521793268547, 0.005950961256012097210, 0.006234290990230926741, 0.006517620724449755404, 0.006800950458668584067, 0.007367609927106227516, 0.007650939661325055312, 0.007934269395543883108, 0.008500928863981540434, 0.009067588332419201230 ),
 .UNSPECIFIED. ) ;
#151 = CARTESIAN_POINT ( 'NONE',  ( 0.000000000000000000, 20.64999999999999858, -25.00000000000000355 ) ) ;
#152 = CARTESIAN_POINT ( 'NONE',  ( -11.05662432702596476, 27.00000000000000000, 19.15063509461108282 ) ) ;
#153 = EDGE_CURVE ( 'NONE', #1734, #1635, #772, .T. ) ;
#154 = CARTESIAN_POINT ( 'NONE',  ( -12.50000000000009770, 40.00000000000017764, -21.65063509461091229 ) ) ;
#155 = CARTESIAN_POINT ( 'NONE',  ( 18.34190957279195899, 19.55712069436376055, -16.98760849900573433 ) ) ;
#156 = DIRECTION ( 'NONE',  ( 0.000000000000000000, -0.000000000000000000, 1.000000000000000000 ) ) ;
#157 = CARTESIAN_POINT ( 'NONE',  ( 16.23786886957163134, 19.27449952282073298, 15.57527872324560470 ) ) ;
#158 = EDGE_LOOP ( 'NONE', ( #827, #1637, #1569, #743 ) ) ;
#159 = CARTESIAN_POINT ( 'NONE',  ( -0.9581187318452152324, 19.55754961233982669, 22.47969061570508487 ) ) ;
#160 = CARTESIAN_POINT ( 'NONE',  ( 0.000000000000000000, 0.000000000000000000, 0.000000000000000000 ) ) ;
#161 = CARTESIAN_POINT ( 'NONE',  ( -14.88018743082402118, 20.26998498326822684, 16.87706304263911505 ) ) ;
#162 = CARTESIAN_POINT ( 'NONE',  ( 24.96604488489237283, 21.29311942374652133, 1.303047080826892357 ) ) ;
#163 = VECTOR ( 'NONE', #925, 1000.000000000000114 ) ;
#164 = CARTESIAN_POINT ( 'NONE',  ( -4.413917820073409715, 36.65063509461108282, -24.99999999999998934 ) ) ;
#165 = VECTOR ( 'NONE', #978, 1000.000000000000114 ) ;
#166 = CARTESIAN_POINT ( 'NONE',  ( 22.47971103846788665, 19.55712889155461198, 0.9576438470570484141 ) ) ;
#167 = COLOUR_RGB ( '',0.7921568627450980005, 0.8196078431372548767, 0.9333333333333333481 ) ;
#168 = FILL_AREA_STYLE_COLOUR ( '', #167 ) ;
#169 = CARTESIAN_POINT ( 'NONE',  ( -15.21858861120935202, 21.74319175312463770, 16.57254216410360570 ) ) ;
#170 = AXIS2_PLACEMENT_3D ( 'NONE', #143, #1144, #784 ) ;
#171 = VERTEX_POINT ( 'NONE', #758 ) ;
#172 = CARTESIAN_POINT ( 'NONE',  ( 0.3802088489197986698, 19.23803495153598675, -22.49746512545700483 ) ) ;
#173 = CARTESIAN_POINT ( 'NONE',  ( 0.000000000000000000, 27.00000000000000000, -22.50000000000000355 ) ) ;
#174 = CARTESIAN_POINT ( 'NONE',  ( -16.62260580848576907, 20.64999999999999858, -18.67321547392669601 ) ) ;
#175 = CARTESIAN_POINT ( 'NONE',  ( 12.49999999999994849, 110.0000000000000000, -21.65063509461099400 ) ) ;
#176 = ADVANCED_FACE ( 'NONE', ( #608 ), #2045, .T. ) ;
#177 = SURFACE_SIDE_STYLE ('',( #194 ) ) ;
#178 = CARTESIAN_POINT ( 'NONE',  ( -16.52796992350237559, 21.80921761316485075, 15.26742095726185511 ) ) ;
#179 = EDGE_CURVE ( 'NONE', #1817, #1465, #765, .T. ) ;
#180 = ORIENTED_EDGE ( 'NONE', *, *, #1917, .F. ) ;
#181 = CARTESIAN_POINT ( 'NONE',  ( -15.77440617405585854, 19.20953188716349658, 16.04452240550350339 ) ) ;
#182 = LINE ( 'NONE', #1603, #165 ) ;
#183 = LINE ( 'NONE', #658, #1868 ) ;
#184 = CARTESIAN_POINT ( 'NONE',  ( 18.67321547392652548, 20.45839080608687510, -16.62260580848597513 ) ) ;
#185 = DIRECTION ( 'NONE',  ( 0.000000000000000000, 0.000000000000000000, 1.000000000000000000 ) ) ;
#186 = VERTEX_POINT ( 'NONE', #1716 ) ;
#187 = ADVANCED_FACE ( 'NONE', ( #1706, #442, #1084, #783 ), #278, .T. ) ;
#188 = CARTESIAN_POINT ( 'NONE',  ( 22.47972415281212832, 21.74319175312463415, -0.9573897386632653772 ) ) ;
#189 = ORIENTED_EDGE ( 'NONE', *, *, #1758, .F. ) ;
#190 = DIRECTION ( 'NONE',  ( -2.392722035830078873E-15, 0.000000000000000000, -1.000000000000000000 ) ) ;
#191 = CARTESIAN_POINT ( 'NONE',  ( -17.03641405046337454, 21.80922433054843523, -18.29695394673177589 ) ) ;
#192 = VERTEX_POINT ( 'NONE', #1524 ) ;
#193 = CARTESIAN_POINT ( 'NONE',  ( -24.99733914959259451, 19.24650251432830217, 0.3763302971391747631 ) ) ;
#194 = SURFACE_STYLE_FILL_AREA ( #10 ) ;
#195 = DIRECTION ( 'NONE',  ( 0.000000000000000000, 0.000000000000000000, 1.000000000000000000 ) ) ;
#196 = EDGE_CURVE ( 'NONE', #875, #272, #1982, .T. ) ;
#197 = AXIS2_PLACEMENT_3D ( 'NONE', #1608, #2077, #244 ) ;
#198 = ORIENTED_EDGE ( 'NONE', *, *, #1720, .F. ) ;
#199 = CARTESIAN_POINT ( 'NONE',  ( 17.61114746494662242, 22.10003369518803851, -17.74419435820770374 ) ) ;
#200 = EDGE_LOOP ( 'NONE', ( #1357, #742 ) ) ;
#201 = CARTESIAN_POINT ( 'NONE',  ( 25.00000195432078343, 22.10003369518804206, -0.09407836044066507364 ) ) ;
#202 = CARTESIAN_POINT ( 'NONE',  ( -16.67802447190005566, 21.11751517043449056, -18.62377052597068783 ) ) ;
#203 = LINE ( 'NONE', #879, #933 ) ;
#204 = LINE ( 'NONE', #1477, #429 ) ;
#205 = CARTESIAN_POINT ( 'NONE',  ( -1.449999999999999734, 20.45848982649292935, 24.95791457634231492 ) ) ;
#206 = CARTESIAN_POINT ( 'NONE',  ( 15.11906187889750086, 21.60863183725304282, 16.66338654120698592 ) ) ;
#207 = ORIENTED_EDGE ( 'NONE', *, *, #1459, .F. ) ;
#208 = CARTESIAN_POINT ( 'NONE',  ( 16.62260580848550617, 20.74464456010002422, -18.67321547392692693 ) ) ;
#209 = CARTESIAN_POINT ( 'NONE',  ( 16.80460882141656853, 21.29313537457844419, -14.96183318334437651 ) ) ;
#210 = LINE ( 'NONE', #1342, #1833 ) ;
#211 = CARTESIAN_POINT ( 'NONE',  ( 22.11324865405195439, 27.00000000000000000, 1.433315272025836862E-13 ) ) ;
#212 = ADVANCED_FACE ( 'NONE', ( #1611 ), #1445, .F. ) ;
#213 = CARTESIAN_POINT ( 'NONE',  ( -24.98954868776213090, 19.39190083398302633, 0.7270996903679189938 ) ) ;
#214 = DIRECTION ( 'NONE',  ( -0.000000000000000000, -0.000000000000000000, -1.000000000000000000 ) ) ;
#215 = LINE ( 'NONE', #1487, #862 ) ;
#216 = CARTESIAN_POINT ( 'NONE',  ( -22.48838764737244134, 21.90810425832129127, 0.7270486192620693178 ) ) ;
#217 = ORIENTED_EDGE ( 'NONE', *, *, #1476, .F. ) ;
#218 = CARTESIAN_POINT ( 'NONE',  ( 24.96058292667291667, 21.02660701648794372, -1.403440314667564692 ) ) ;
#219 = CARTESIAN_POINT ( 'NONE',  ( 0.09572445551259398111, 19.19999999999999574, 24.99999999999999645 ) ) ;
#220 = CARTESIAN_POINT ( 'NONE',  ( 16.87671063596735621, 20.26801626289494607, -14.88058828216852270 ) ) ;
#221 = FACE_OUTER_BOUND ( 'NONE', #1043, .T. ) ;
#222 = CARTESIAN_POINT ( 'NONE',  ( 1.440519783763729134, 20.84072567426824563, 24.95847044991874597 ) ) ;
#223 = DIRECTION ( 'NONE',  ( 0.7071067811865439090, -0.000000000000000000, -0.7071067811865512365 ) ) ;
#224 = VERTEX_POINT ( 'NONE', #332 ) ;
#225 = VECTOR ( 'NONE', #1414, 1000.000000000000000 ) ;
#226 = VECTOR ( 'NONE', #136, 1000.000000000000000 ) ;
#227 = ORIENTED_EDGE ( 'NONE', *, *, #153, .F. ) ;
#228 = CARTESIAN_POINT ( 'NONE',  ( 24.99999999999969802, 20.64999999999999858, -25.00000000000030909 ) ) ;
#229 =( GEOMETRIC_REPRESENTATION_CONTEXT ( 3 ) GLOBAL_UNCERTAINTY_ASSIGNED_CONTEXT ( ( #1184 ) ) GLOBAL_UNIT_ASSIGNED_CONTEXT ( ( #1205, #1404, #239 ) ) REPRESENTATION_CONTEXT ( 'NONE', 'WORKASPACE' ) );
#230 = PLANE ( 'NONE',  #701 ) ;
#231 = CARTESIAN_POINT ( 'NONE',  ( 15.44821222905511071, 19.34733859074379936, -16.35880287974223535 ) ) ;
#232 = CARTESIAN_POINT ( 'NONE',  ( -12.50000000000009770, 40.00000000000017764, -21.65063509461091229 ) ) ;
#233 = CARTESIAN_POINT ( 'NONE',  ( 0.9575942814636402289, 21.74301074617478591, 24.98174535278514341 ) ) ;
#234 = CARTESIAN_POINT ( 'NONE',  ( 16.17380645605742728, 22.05356277026863765, 15.64182325321105971 ) ) ;
#235 = VERTEX_POINT ( 'NONE', #152 ) ;
#236 = ADVANCED_FACE ( 'NONE', ( #1911 ), #342, .F. ) ;
#237 = ORIENTED_EDGE ( 'NONE', *, *, #513, .T. ) ;
#238 = CARTESIAN_POINT ( 'NONE',  ( 16.85301944667040885, 21.11753352981168064, -14.90728229347003797 ) ) ;
#239 =( NAMED_UNIT ( * ) SI_UNIT ( $, .STERADIAN. ) SOLID_ANGLE_UNIT ( ) );
#240 = CARTESIAN_POINT ( 'NONE',  ( 1.449999999999999734, 20.55427555583130328, -24.95791457634230426 ) ) ;
#241 = CARTESIAN_POINT ( 'NONE',  ( 14.85152577039437105, 20.64999999999999858, 16.90213543583507771 ) ) ;
#242 = DIRECTION ( 'NONE',  ( 0.000000000000000000, 0.000000000000000000, 1.000000000000000000 ) ) ;
#243 = CARTESIAN_POINT ( 'NONE',  ( 0.4669437473880538869, 22.02604020913181060, 24.99579304436096194 ) ) ;
#244 = DIRECTION ( 'NONE',  ( 0.000000000000000000, 0.000000000000000000, -1.000000000000000000 ) ) ;
#245 = CARTESIAN_POINT ( 'NONE',  ( -22.45619540389767366, 21.02662389163469925, 1.403436165165919292 ) ) ;
#246 = CARTESIAN_POINT ( 'NONE',  ( 22.11324865405195439, 110.0000000000000000, 1.433315272025836862E-13 ) ) ;
#247 = ORIENTED_EDGE ( 'NONE', *, *, #945, .F. ) ;
#248 = EDGE_CURVE ( 'NONE', #1635, #835, #182, .T. ) ;
#249 = ORIENTED_EDGE ( 'NONE', *, *, #1613, .F. ) ;
#250 = CARTESIAN_POINT ( 'NONE',  ( -16.75922790483041780, 21.38057332055230475, 18.55083803596653169 ) ) ;
#251 = CARTESIAN_POINT ( 'NONE',  ( 14.85152577039437105, 20.64999999999999858, 16.90213543583507771 ) ) ;
#252 = CARTESIAN_POINT ( 'NONE',  ( 0.000000000000000000, 30.00000000000000000, 0.000000000000000000 ) ) ;
#253 = CARTESIAN_POINT ( 'NONE',  ( -16.23651903821806286, 22.02616783709860115, -15.57668649224810586 ) ) ;
#254 = CARTESIAN_POINT ( 'NONE',  ( 5.659485349281843945E-24, 19.19999999999999929, -25.00000000000000000 ) ) ;
#255 = CARTESIAN_POINT ( 'NONE',  ( -1.449999999999999956, 20.64999999999999858, -24.95791457634231492 ) ) ;
#256 = CARTESIAN_POINT ( 'NONE',  ( -18.12597301558742657, 19.34643928070832430, 17.21792186099936117 ) ) ;
#257 = CARTESIAN_POINT ( 'NONE',  ( 22.48884563634357647, 21.91723634275235000, 0.7295813091045820764 ) ) ;
#258 = EDGE_LOOP ( 'NONE', ( #1223, #1943 ) ) ;
#259 = VECTOR ( 'NONE', #1888, 1000.000000000000000 ) ;
#260 = VERTEX_POINT ( 'NONE', #173 ) ;
#261 = CARTESIAN_POINT ( 'NONE',  ( -17.34479501082448394, 22.02617301739972078, 18.00460488850901797 ) ) ;
#262 = EDGE_CURVE ( 'NONE', #1849, #171, #1768, .T. ) ;
#263 = AXIS2_PLACEMENT_3D ( 'NONE', #1905, #11, #185 ) ;
#264 = CARTESIAN_POINT ( 'NONE',  ( -12.50000000000009770, 110.0000000000000000, -21.65063509461091229 ) ) ;
#265 = FACE_OUTER_BOUND ( 'NONE', #1190, .T. ) ;
#266 = CARTESIAN_POINT ( 'NONE',  ( 0.09573872067854831414, 19.20000000000000284, 22.50000000000000711 ) ) ;
#267 = ADVANCED_FACE ( 'NONE', ( #818 ), #7, .F. ) ;
#268 = CARTESIAN_POINT ( 'NONE',  ( -16.90213543583524469, 20.74464678175479193, -14.85152577039420052 ) ) ;
#269 = CARTESIAN_POINT ( 'NONE',  ( -24.95791457634230781, 20.64999999999999858, 1.450000000000086997 ) ) ;
#270 = DIRECTION ( 'NONE',  ( 0.000000000000000000, 0.000000000000000000, -1.000000000000000000 ) ) ;
#271 = LINE ( 'NONE', #906, #300 ) ;
#272 = VERTEX_POINT ( 'NONE', #15 ) ;
#273 = VERTEX_POINT ( 'NONE', #657 ) ;
#274 = CARTESIAN_POINT ( 'NONE',  ( -16.62260580848563762, 20.74464456010002777, 18.67321547392681325 ) ) ;
#275 = B_SPLINE_CURVE_WITH_KNOTS ( 'NONE', 3,
 ( #1684, #1866, #1843, #1076, #1373, #1708, #421, #1385, #586, #280, #1231, #914, #1561, #1062, #105, #1550, #1527, #1247, #1880, #131, #760, #774, #434, #2034, #1696, #2047, #82, #269 ),
 .UNSPECIFIED., .F., .F.,
 ( 4, 2, 2, 2, 2, 2, 2, 2, 2, 2, 2, 2, 2, 4 ),
 ( 0.000000000000000000, 0.0002833945365573758588, 0.0005667890731147517177, 0.0008501836096721275765, 0.001133578146229503435, 0.001700367219344247997, 0.002267156292458992993, 0.002550550829016365491, 0.002833945365573737121, 0.003117339902131109619, 0.003400734438688481683, 0.003967523511803233184, 0.004250918048360603947, 0.004534312584917974710 ),
 .UNSPECIFIED. ) ;
#276 = CARTESIAN_POINT ( 'NONE',  ( 24.99186119594442701, 19.34733028443297798, -0.6438671460104212763 ) ) ;
#277 = CARTESIAN_POINT ( 'NONE',  ( 1.303040581704103529, 20.00687559013617545, -24.96604519861904947 ) ) ;
#278 = CYLINDRICAL_SURFACE ( 'NONE', #1232, 25.00000000000000000 ) ;
#279 = CARTESIAN_POINT ( 'NONE',  ( -16.52290457333906559, 21.80312298059469711, -15.27251790418315380 ) ) ;
#280 = CARTESIAN_POINT ( 'NONE',  ( -24.98446411297643266, 21.80922433054843168, -0.8913363086075262176 ) ) ;
#281 = EDGE_CURVE ( 'NONE', #1347, #1794, #989, .T. ) ;
#282 = CARTESIAN_POINT ( 'NONE',  ( -0.8899871240258309113, 19.48937013642187210, -22.48279963502425360 ) ) ;
#283 = CARTESIAN_POINT ( 'NONE',  ( -16.62260580848563762, 20.64999999999999858, 18.67321547392680614 ) ) ;
#284 = DIRECTION ( 'NONE',  ( 0.000000000000000000, 0.000000000000000000, 1.000000000000000000 ) ) ;
#285 = ORIENTED_EDGE ( 'NONE', *, *, #1115, .F. ) ;
#286 = ORIENTED_EDGE ( 'NONE', *, *, #196, .T. ) ;
#287 = CARTESIAN_POINT ( 'NONE',  ( -18.64238193455458514, 21.02541092453958527, 16.65718873035142522 ) ) ;
#288 = CARTESIAN_POINT ( 'NONE',  ( -1.449999999999999956, 20.64999999999999858, 24.95791457634231136 ) ) ;
#289 = CARTESIAN_POINT ( 'NONE',  ( 3.061616997868383043E-15, 30.00000000000000000, 25.00000000000000000 ) ) ;
#290 = CARTESIAN_POINT ( 'NONE',  ( -16.70960988005144898, 21.54017006118123234, -15.06842095408065418 ) ) ;
#291 = CARTESIAN_POINT ( 'NONE',  ( 25.00000000000000000, 110.0000000000000000, 0.000000000000000000 ) ) ;
#292 = CARTESIAN_POINT ( 'NONE',  ( 16.89586564166625848, 20.84077539386463584, 14.85866983637810712 ) ) ;
#293 = EDGE_CURVE ( 'NONE', #192, #1520, #1360, .T. ) ;
#294 = CARTESIAN_POINT ( 'NONE',  ( -0.1900997034334398483, 22.09058885601271172, -22.49938794182010682 ) ) ;
#295 = CARTESIAN_POINT ( 'NONE',  ( 16.73226621045705542, 21.29311942374651778, 18.57505306457317928 ) ) ;
#296 = ORIENTED_EDGE ( 'NONE', *, *, #513, .F. ) ;
#297 = B_SPLINE_CURVE_WITH_KNOTS ( 'NONE', 3,
 ( #785, #2, #1740, #502, #2061, #974, #306, #1939, #813, #9, #1294, #1928, #1584, #980, #493, #315, #1771, #951, #155, #344, #795, #1614, #184, #821 ),
 .UNSPECIFIED., .F., .F.,
 ( 4, 2, 2, 2, 2, 2, 2, 2, 2, 2, 2, 4 ),
 ( 0.004534312584917968639, 0.005100972053355619894, 0.005667631521793271149, 0.005950961256012092873, 0.006234290990230914598, 0.006517620724449736322, 0.006800950458668558046, 0.007367609927106208434, 0.007650939661325042301, 0.007934269395543876169, 0.008500928863981540434, 0.009067588332419202965 ),
 .UNSPECIFIED. ) ;
#298 = VERTEX_POINT ( 'NONE', #69 ) ;
#299 = DIRECTION ( 'NONE',  ( -0.4999999999999951150, 0.000000000000000000, 0.8660254037844414832 ) ) ;
#300 = VECTOR ( 'NONE', #1541, 1000.000000000000114 ) ;
#301 = CARTESIAN_POINT ( 'NONE',  ( -15.38754293305866483, 19.39191008746354683, 16.41583809326101218 ) ) ;
#302 = DIRECTION ( 'NONE',  ( 0.000000000000000000, -0.000000000000000000, 1.000000000000000000 ) ) ;
#303 = VECTOR ( 'NONE', #930, 1000.000000000000000 ) ;
#304 = DIRECTION ( 'NONE',  ( 1.000000000000000000, 0.000000000000000000, -1.040834085586082363E-14 ) ) ;
#305 = AXIS2_PLACEMENT_3D ( 'NONE', #64, #1802, #1354 ) ;
#306 = CARTESIAN_POINT ( 'NONE',  ( 17.04109236212421052, 19.49728308524756670, -18.29227674958256955 ) ) ;
#307 = CARTESIAN_POINT ( 'NONE',  ( -17.34338393775125198, 19.27449740207908846, 18.00596358229173788 ) ) ;
#308 = CARTESIAN_POINT ( 'NONE',  ( 18.34173955483570495, 21.74319718794886924, 16.98779506751620616 ) ) ;
#309 = ORIENTED_EDGE ( 'NONE', *, *, #1938, .T. ) ;
#310 = ORIENTED_EDGE ( 'NONE', *, *, #457, .F. ) ;
#311 = EDGE_CURVE ( 'NONE', #1544, #581, #714, .T. ) ;
#312 = DIRECTION ( 'NONE',  ( -0.000000000000000000, -1.000000000000000000, -0.000000000000000000 ) ) ;
#313 = CARTESIAN_POINT ( 'NONE',  ( 24.95791457634233979, 20.74582650910053161, 1.449999999999738831 ) ) ;
#314 = DIRECTION ( 'NONE',  ( -0.4999999999999999445, 0.000000000000000000, -0.8660254037844385966 ) ) ;
#315 = CARTESIAN_POINT ( 'NONE',  ( 18.12597301558731644, 19.34643928070832430, -17.21792186099949262 ) ) ;
#316 = CARTESIAN_POINT ( 'NONE',  ( 0.000000000000000000, 0.000000000000000000, 0.000000000000000000 ) ) ;
#317 = CARTESIAN_POINT ( 'NONE',  ( -11.05662432702598430, 110.0000000000000000, -19.15063509461099400 ) ) ;
#318 = EDGE_LOOP ( 'NONE', ( #1621, #1402, #1997, #309, #1389, #68, #1270, #1378, #1174, #884, #1472, #1159, #798 ) ) ;
#319 = ORIENTED_EDGE ( 'NONE', *, *, #108, .F. ) ;
#320 = CARTESIAN_POINT ( 'NONE',  ( 1.403748754297359236, 20.27459631251969441, -22.45617577641060691 ) ) ;
#321 = ADVANCED_FACE ( 'NONE', ( #357 ), #59, .T. ) ;
#322 = CARTESIAN_POINT ( 'NONE',  ( -14.98842097788237204, 19.92097978410128079, 16.78101521098898985 ) ) ;
#323 = CARTESIAN_POINT ( 'NONE',  ( 18.67321547392687009, 20.64999999999999858, 16.62260580848557723 ) ) ;
#324 = B_SPLINE_CURVE_WITH_KNOTS ( 'NONE', 3,
 ( #1667, #75, #1346, #1170, #1994, #400, #1951, #545, #206, #512, #1158, #1189, #1004, #1634, #1824, #234, #873, #1509, #1803, #843, #1479, #373, #134, #1397, #2036, #292, #600, #1077 ),
 .UNSPECIFIED., .F., .F.,
 ( 4, 2, 2, 2, 2, 2, 2, 2, 2, 2, 2, 2, 2, 4 ),
 ( 0.000000000000000000, 0.0002834084802660920537, 0.0005668169605321841074, 0.0008502254407982761612, 0.001133633921064368215, 0.001700450881596542131, 0.002267267842128716047, 0.002550676322394795741, 0.002834084802660875001, 0.003117493282926954695, 0.003400901763193033521, 0.003967718723725188572, 0.004251127203991259158, 0.004534535684257330612 ),
 .UNSPECIFIED. ) ;
#325 = CARTESIAN_POINT ( 'NONE',  ( 1.159312797482213053, 19.75878237571665963, 24.97346393468156123 ) ) ;
#326 = PLANE ( 'NONE',  #1697 ) ;
#327 = LINE ( 'NONE', #962, #1133 ) ;
#328 = CARTESIAN_POINT ( 'NONE',  ( -0.9581139547955099811, 19.55754459959102576, 24.98172328817528509 ) ) ;
#329 = VERTEX_POINT ( 'NONE', #856 ) ;
#330 = DIRECTION ( 'NONE',  ( -0.000000000000000000, -1.000000000000000000, -0.000000000000000000 ) ) ;
#331 = DIRECTION ( 'NONE',  ( 1.000000000000000000, 0.000000000000000000, 0.000000000000000000 ) ) ;
#332 = CARTESIAN_POINT ( 'NONE',  ( -18.67321547392663561, 20.64999999999999858, 16.62260580848583658 ) ) ;
#333 = ADVANCED_FACE ( 'NONE', ( #377 ), #1828, .F. ) ;
#334 = CARTESIAN_POINT ( 'NONE',  ( -24.99999999999999645, 110.0000000000000000, 1.745740669421566678E-13 ) ) ;
#335 = EDGE_CURVE ( 'NONE', #855, #1423, #1955, .T. ) ;
#336 = CARTESIAN_POINT ( 'NONE',  ( 22.47055696795204582, 19.75766262175231702, 1.158460182011759709 ) ) ;
#337 = CIRCLE ( 'NONE', #1433, 25.00000000000000000 ) ;
#338 = CARTESIAN_POINT ( 'NONE',  ( -15.06842095408059734, 21.54017006118124300, 16.70960988005150938 ) ) ;
#339 = VECTOR ( 'NONE', #1216, 1000.000000000000000 ) ;
#340 = ORIENTED_EDGE ( 'NONE', *, *, #293, .F. ) ;
#341 = CARTESIAN_POINT ( 'NONE',  ( -14.85152577039414190, 20.46074985476537478, 16.90213543583529443 ) ) ;
#342 = CYLINDRICAL_SURFACE ( 'NONE', #56, 1.449999999999999956 ) ;
#343 = CYLINDRICAL_SURFACE ( 'NONE', #596, 1.449999999999999956 ) ;
#344 = CARTESIAN_POINT ( 'NONE',  ( 18.47809816598646293, 19.75767522203641846, -16.83976975305907686 ) ) ;
#345 = EDGE_CURVE ( 'NONE', #1689, #1368, #1336, .T. ) ;
#346 = CARTESIAN_POINT ( 'NONE',  ( 0.000000000000000000, 0.000000000000000000, 0.000000000000000000 ) ) ;
#347 = ORIENTED_EDGE ( 'NONE', *, *, #712, .T. ) ;
#348 = CARTESIAN_POINT ( 'NONE',  ( 22.49999563084826448, 22.09993220281346993, 0.1897217581094811090 ) ) ;
#349 = CARTESIAN_POINT ( 'NONE',  ( 17.40852978412002017, 19.23736857897700148, 17.94363437680724260 ) ) ;
#350 = B_SPLINE_CURVE_WITH_KNOTS ( 'NONE', 3,
 ( #653, #1295, #1279, #1915, #1121, #1753, #328, #963, #1597, #1156, #205, #399 ),
 .UNSPECIFIED., .F., .F.,
 ( 4, 2, 2, 2, 2, 4 ),
 ( 0.006802121818967442855, 0.007368488447330390038, 0.007651671761511861895, 0.007934855075693332885, 0.008501221704056276599, 0.009067588332419220312 ),
 .UNSPECIFIED. ) ;
#351 = VERTEX_POINT ( 'NONE', #1027 ) ;
#352 = CARTESIAN_POINT ( 'NONE',  ( -24.99775500781171189, 19.23736857897700148, -0.3783760861333259062 ) ) ;
#353 =( NAMED_UNIT ( * ) SI_UNIT ( $, .STERADIAN. ) SOLID_ANGLE_UNIT ( ) );
#354 = CARTESIAN_POINT ( 'NONE',  ( 25.00000000000021672, 20.64999999999999858, 24.99999999999978328 ) ) ;
#355 = ORIENTED_EDGE ( 'NONE', *, *, #2043, .T. ) ;
#356 = FACE_OUTER_BOUND ( 'NONE', #1784, .T. ) ;
#357 = FACE_OUTER_BOUND ( 'NONE', #1443, .T. ) ;
#358 = CARTESIAN_POINT ( 'NONE',  ( -18.29188625470531449, 21.80312911125771080, -17.04151034852051794 ) ) ;
#359 = ORIENTED_EDGE ( 'NONE', *, *, #2058, .T. ) ;
#360 = CARTESIAN_POINT ( 'NONE',  ( -14.85152577039425204, 20.64999999999999858, -16.90213543583518430 ) ) ;
#361 = CARTESIAN_POINT ( 'NONE',  ( 1.266942606994497345, 21.38041767450247121, 24.96798276591160004 ) ) ;
#362 = VECTOR ( 'NONE', #1856, 1000.000000000000000 ) ;
#363 = CARTESIAN_POINT ( 'NONE',  ( -22.48273650226528986, 21.80921761316484719, -0.8913427220464056333 ) ) ;
#364 = ORIENTED_EDGE ( 'NONE', *, *, #2004, .T. ) ;
#365 = ADVANCED_FACE ( 'NONE', ( #1629 ), #78, .F. ) ;
#366 = CARTESIAN_POINT ( 'NONE',  ( 16.62970566684882456, 20.84076922787790664, -18.66690210479836765 ) ) ;
#367 = ORIENTED_EDGE ( 'NONE', *, *, #1821, .F. ) ;
#368 = CARTESIAN_POINT ( 'NONE',  ( -11.05662432702598430, 110.0000000000000000, -19.15063509461099400 ) ) ;
#369 = CARTESIAN_POINT ( 'NONE',  ( 0.4676257070780559522, 19.27419115756001489, 24.99578024316673108 ) ) ;
#370 = CARTESIAN_POINT ( 'NONE',  ( 1.411965059965109459, 20.26979124599662185, 22.45576986039946377 ) ) ;
#371 = CARTESIAN_POINT ( 'NONE',  ( -14.90728229346986211, 21.11753352981168064, -16.85301944667056162 ) ) ;
#372 = CARTESIAN_POINT ( 'NONE',  ( 3.061616997868383043E-15, 0.000000000000000000, 25.00000000000000000 ) ) ;
#373 = CARTESIAN_POINT ( 'NONE',  ( 16.70960988005155201, 21.54017006118122879, 15.06842095408053517 ) ) ;
#374 = B_SPLINE_CURVE_WITH_KNOTS ( 'NONE', 3,
 ( #1023, #1654, #553, #1835, #860, #709, #1345, #119, #881, #94, #1363, #1208 ),
 .UNSPECIFIED., .F., .F.,
 ( 4, 2, 2, 2, 2, 4 ),
 ( 0.006802446632342191817, 0.007368842885576912596, 0.007652041012194272553, 0.007935239138811632509, 0.008501635392046354156, 0.009068031645281074068 ),
 .UNSPECIFIED. ) ;
#375 = ORIENTED_EDGE ( 'NONE', *, *, #1595, .F. ) ;
#376 = CARTESIAN_POINT ( 'NONE',  ( 22.47358480056755070, 21.60863183725303927, 1.092002441072617236 ) ) ;
#377 = FACE_OUTER_BOUND ( 'NONE', #12, .T. ) ;
#378 = CARTESIAN_POINT ( 'NONE',  ( 2.755455298081545172E-15, 0.000000000000000000, 22.50000000000000355 ) ) ;
#379 = DIRECTION ( 'NONE',  ( -0.4999999999999999445, 0.000000000000000000, 0.8660254037844387076 ) ) ;
#380 = CARTESIAN_POINT ( 'NONE',  ( -26.02530483272059314, 20.64999999999999858, -23.97469516727952410 ) ) ;
#381 = FACE_OUTER_BOUND ( 'NONE', #1827, .T. ) ;
#382 = CARTESIAN_POINT ( 'NONE',  ( -22.47048740073527995, 21.53402852147073432, -1.153244608352573364 ) ) ;
#383 = VERTEX_POINT ( 'NONE', #1967 ) ;
#384 = EDGE_LOOP ( 'NONE', ( #1413, #1807 ) ) ;
#385 = DIRECTION ( 'NONE',  ( 0.7071067811865558994, 0.000000000000000000, 0.7071067811865392461 ) ) ;
#386 = PRODUCT_DEFINITION_CONTEXT ( 'detailed design', #98, 'design' ) ;
#387 = CARTESIAN_POINT ( 'NONE',  ( -16.65718873035135417, 21.02541092453957461, -18.64238193455464554 ) ) ;
#388 = CARTESIAN_POINT ( 'NONE',  ( 15.38878823406733609, 19.39093414656143466, 16.41467061585165510 ) ) ;
#389 = CARTESIAN_POINT ( 'NONE',  ( -16.17392718384592598, 19.24650614072062993, -15.64169648140652669 ) ) ;
#390 = CARTESIAN_POINT ( 'NONE',  ( -0.1900904856943813892, 22.09058984396375891, -24.99944920192768905 ) ) ;
#391 = EDGE_CURVE ( 'NONE', #1794, #2039, #1349, .T. ) ;
#392 = CARTESIAN_POINT ( 'NONE',  ( -22.48884563634357292, 21.91723634275234289, -0.7295813091047390619 ) ) ;
#393 = VERTEX_POINT ( 'NONE', #396 ) ;
#394 = VECTOR ( 'NONE', #770, 1000.000000000000000 ) ;
#395 = ORIENTED_EDGE ( 'NONE', *, *, #1390, .T. ) ;
#396 = CARTESIAN_POINT ( 'NONE',  ( 3.061616970775897547E-15, 22.09999999999999787, 25.00000000000000000 ) ) ;
#397 = CARTESIAN_POINT ( 'NONE',  ( 14.85152577039401756, 20.64999999999999858, -16.90213543583539035 ) ) ;
#398 = CARTESIAN_POINT ( 'NONE',  ( -14.98917553135796155, 19.91923008135478312, -16.78034226122115058 ) ) ;
#399 = CARTESIAN_POINT ( 'NONE',  ( -1.449999999999999956, 20.64999999999999858, 24.95791457634231136 ) ) ;
#400 = CARTESIAN_POINT ( 'NONE',  ( 14.96183318334431256, 21.29313537457844774, 16.80460882141661116 ) ) ;
#401 = ADVANCED_FACE ( 'NONE', ( #1987 ), #1183, .F. ) ;
#402 = ORIENTED_EDGE ( 'NONE', *, *, #1570, .T. ) ;
#403 = EDGE_LOOP ( 'NONE', ( #1916, #1954 ) ) ;
#404 = CARTESIAN_POINT ( 'NONE',  ( -18.67321547392663561, 20.74582650910053516, 16.62260580848583302 ) ) ;
#405 = CARTESIAN_POINT ( 'NONE',  ( 16.04438429111761621, 19.19984501878679239, -15.77543498698233115 ) ) ;
#406 =( BOUNDED_CURVE ( )  B_SPLINE_CURVE ( 3, ( #607, #1254, #452, #1748 ),
 .UNSPECIFIED., .F., .T. ) 
 B_SPLINE_CURVE_WITH_KNOTS ( ( 4, 4 ),
 ( 5.759586531581294189, 6.806784082777886269 ),
 .UNSPECIFIED. ) 
 CURVE ( )  GEOMETRIC_REPRESENTATION_ITEM ( )  RATIONAL_B_SPLINE_CURVE ( ( 1.000000000000000000, 0.9106836025229601006, 0.9106836025229601006, 1.000000000000000000 ) ) 
 REPRESENTATION_ITEM ( '' )  );
#407 = CARTESIAN_POINT ( 'NONE',  ( -15.63898598895942627, 22.06185219708663681, -16.17722424209464549 ) ) ;
#408 = CARTESIAN_POINT ( 'NONE',  ( -1.303361947206797655, 20.00752762895938375, -24.96602835796569053 ) ) ;
#409 = B_SPLINE_CURVE_WITH_KNOTS ( 'NONE', 3,
 ( #1896, #1017, #1162, #1638, #238, #209, #876, #846, #1522, #936, #744, #1545, #1725, #594, #2009, #733, #1703, #756, #1392, #1046, #1214, #1204, #886, #582, #113, #900, #1690, #440 ),
 .UNSPECIFIED., .F., .F.,
 ( 4, 2, 2, 2, 2, 2, 2, 2, 2, 2, 2, 2, 2, 4 ),
 ( 0.000000000000000000, 0.0002834084802660875543, 0.0005668169605321751086, 0.0008502254407982626086, 0.001133633921064350217, 0.001700450881596515243, 0.002267267842128680485, 0.002550676322394766250, 0.002834084802660852449, 0.003117493282926938215, 0.003400901763193024414, 0.003967718723725181633, 0.004251127203991253954, 0.004534535684257325408 ),
 .UNSPECIFIED. ) ;
#410 = DIRECTION ( 'NONE',  ( -1.000000000000000000, 0.000000000000000000, -0.000000000000000000 ) ) ;
#411 = FACE_BOUND ( 'NONE', #403, .T. ) ;
#412 = CARTESIAN_POINT ( 'NONE',  ( 22.45322916642505717, 20.74583159383276865, 1.449999999999764366 ) ) ;
#413 = ORIENTED_EDGE ( 'NONE', *, *, #179, .F. ) ;
#414 = EDGE_CURVE ( 'NONE', #1503, #581, #409, .T. ) ;
#415 = ORIENTED_EDGE ( 'NONE', *, *, #179, .T. ) ;
#416 = CARTESIAN_POINT ( 'NONE',  ( -17.81181229581434167, 22.09993233214627750, 17.54352121309918999 ) ) ;
#417 = CARTESIAN_POINT ( 'NONE',  ( 24.96800161662045880, 19.91924424913933578, 1.266554802787409173 ) ) ;
#418 = CARTESIAN_POINT ( 'NONE',  ( 11.05662432702603404, 110.0000000000000000, 19.15063509461108282 ) ) ;
#419 = CARTESIAN_POINT ( 'NONE',  ( -22.49999495990574516, 19.20007820838487334, 0.09685495138796355874 ) ) ;
#420 = CARTESIAN_POINT ( 'NONE',  ( 0.8919288966758718296, 21.80876116645878326, -24.98444244939697967 ) ) ;
#421 = CARTESIAN_POINT ( 'NONE',  ( -24.96835910689542359, 21.37640257111855746, -1.258498767866815138 ) ) ;
#422 = DIRECTION ( 'NONE',  ( 0.4999999999999999445, 0.000000000000000000, -0.8660254037844387076 ) ) ;
#423 = FACE_OUTER_BOUND ( 'NONE', #1309, .T. ) ;
#424 = DIRECTION ( 'NONE',  ( 1.000000000000000000, 0.000000000000000000, -1.040834085586082206E-14 ) ) ;
#425 = ORIENTED_EDGE ( 'NONE', *, *, #767, .F. ) ;
#426 = VECTOR ( 'NONE', #548, 1000.000000000000000 ) ;
#427 = ORIENTED_EDGE ( 'NONE', *, *, #1157, .T. ) ;
#428 = LINE ( 'NONE', #1840, #225 ) ;
#429 = VECTOR ( 'NONE', #1344, 1000.000000000000000 ) ;
#430 = EDGE_CURVE ( 'NONE', #1347, #2018, #1571, .T. ) ;
#431 = CARTESIAN_POINT ( 'NONE',  ( -0.7292684646444818064, 21.91742303397929703, 24.98997103450376756 ) ) ;
#432 = CARTESIAN_POINT ( 'NONE',  ( -22.45576716162548081, 20.26998498326823039, 1.412004286300450717 ) ) ;
#433 = DIRECTION ( 'NONE',  ( -7.359808400080223473E-15, -0.7071067811865436870, -0.7071067811865514585 ) ) ;
#434 = CARTESIAN_POINT ( 'NONE',  ( -24.96798707088168001, 21.38057332055230830, 1.266859672968819739 ) ) ;
#435 = CARTESIAN_POINT ( 'NONE',  ( 0.8843959212408525339, 21.80293784249086286, 22.48274933762369443 ) ) ;
#436 = CARTESIAN_POINT ( 'NONE',  ( -18.55063274558446551, 19.91924424913933223, 16.75945376599355185 ) ) ;
#437 = CYLINDRICAL_SURFACE ( 'NONE', #197, 22.50000000000000355 ) ;
#438 = EDGE_LOOP ( 'NONE', ( #1897, #1775, #23 ) ) ;
#439 = VERTEX_POINT ( 'NONE', #559 ) ;
#440 = CARTESIAN_POINT ( 'NONE',  ( 14.85152577039401756, 20.64999999999999858, -16.90213543583539035 ) ) ;
#441 = CARTESIAN_POINT ( 'NONE',  ( 24.98446490105516915, 19.49728308524756670, -0.8847209648864974296 ) ) ;
#442 = FACE_BOUND ( 'NONE', #258, .T. ) ;
#443 = ADVANCED_FACE ( 'NONE', ( #101 ), #1874, .F. ) ;
#444 = CARTESIAN_POINT ( 'NONE',  ( -16.90213543583523403, 20.64999999999999858, -14.85152577039419519 ) ) ;
#445 = DIRECTION ( 'NONE',  ( -1.000000000000000000, -0.000000000000000000, 1.047444401652940007E-14 ) ) ;
#446 = CARTESIAN_POINT ( 'NONE',  ( -0.7304197101553896454, 19.38306003208612438, -22.48882754268172235 ) ) ;
#447 = CARTESIAN_POINT ( 'NONE',  ( -16.75870313635244813, 19.92099546792112363, 18.55130993288405605 ) ) ;
#448 = CARTESIAN_POINT ( 'NONE',  ( 18.12600727646982790, 21.95352747359352463, 17.21788521776722547 ) ) ;
#449 = ORIENTED_EDGE ( 'NONE', *, *, #917, .T. ) ;
#450 = ORIENTED_EDGE ( 'NONE', *, *, #345, .F. ) ;
#451 = FACE_OUTER_BOUND ( 'NONE', #667, .T. ) ;
#452 = CARTESIAN_POINT ( 'NONE',  ( 24.99999999999999645, 35.42468245269466820, -9.150635094610914066 ) ) ;
#453 = DIRECTION ( 'NONE',  ( 1.000000000000000000, 0.000000000000000000, -0.000000000000000000 ) ) ;
#454 = CARTESIAN_POINT ( 'NONE',  ( -16.57254216410354530, 21.74319175312463059, -15.21858861120940176 ) ) ;
#455 = CARTESIAN_POINT ( 'NONE',  ( -0.3765234332479674983, 19.24653869305474174, -24.99733708654323650 ) ) ;
#456 = CARTESIAN_POINT ( 'NONE',  ( 1.449999999999999956, 20.64999999999999858, 22.45322916642504296 ) ) ;
#457 = EDGE_CURVE ( 'NONE', #224, #816, #1532, .T. ) ;
#458 = CARTESIAN_POINT ( 'NONE',  ( -1.449999999999999956, 20.64999999999999858, -22.45322916642504296 ) ) ;
#459 = CARTESIAN_POINT ( 'NONE',  ( 1.449999999999999956, 20.64999999999999858, 22.45322916642504296 ) ) ;
#460 = CARTESIAN_POINT ( 'NONE',  ( 16.41583809326106547, 19.39191008746355394, 15.38754293305861509 ) ) ;
#461 = ORIENTED_EDGE ( 'NONE', *, *, #1502, .F. ) ;
#462 = LINE ( 'NONE', #1282, #492 ) ;
#463 = CIRCLE ( 'NONE', #2070, 22.50000000000000355 ) ;
#464 = FACE_BOUND ( 'NONE', #1025, .T. ) ;
#465 = CARTESIAN_POINT ( 'NONE',  ( 18.34299560218563485, 19.55853030592676944, 16.98643519662392620 ) ) ;
#466 = VECTOR ( 'NONE', #1681, 1000.000000000000000 ) ;
#467 = DIRECTION ( 'NONE',  ( -1.000000000000000000, 0.000000000000000000, 3.330669073875464099E-15 ) ) ;
#468 = CARTESIAN_POINT ( 'NONE',  ( 8.677435037599819267, 37.79304108996345235, 23.85759400464757007 ) ) ;
#469 = FACE_BOUND ( 'NONE', #1521, .T. ) ;
#470 = PLANE ( 'NONE',  #1271 ) ;
#471 = ORIENTED_EDGE ( 'NONE', *, *, #1502, .T. ) ;
#472 = ORIENTED_EDGE ( 'NONE', *, *, #482, .F. ) ;
#473 = CARTESIAN_POINT ( 'NONE',  ( -0.8835171850882148625, 19.49637396986771165, 22.48278457107038264 ) ) ;
#474 = CARTESIAN_POINT ( 'NONE',  ( 24.96056579012877918, 21.02541092453958882, 1.403743576657373593 ) ) ;
#475 = CARTESIAN_POINT ( 'NONE',  ( -16.90213543583513101, 20.64999999999999858, 14.85152577039431243 ) ) ;
#476 = CARTESIAN_POINT ( 'NONE',  ( 22.49750484562736830, 19.23738105445974256, 0.3784141784446984347 ) ) ;
#477 = CARTESIAN_POINT ( 'NONE',  ( -16.62260580848576907, 20.45839080608688221, -18.67321547392669601 ) ) ;
#478 = CARTESIAN_POINT ( 'NONE',  ( -14.85152577039414012, 20.74464678175479548, 16.90213543583529088 ) ) ;
#479 = ADVANCED_FACE ( 'NONE', ( #451 ), #1227, .F. ) ;
#480 = EDGE_LOOP ( 'NONE', ( #5, #1628, #854, #123 ) ) ;
#481 = FACE_BOUND ( 'NONE', #200, .T. ) ;
#482 = EDGE_CURVE ( 'NONE', #148, #1510, #428, .T. ) ;
#483 = LINE ( 'NONE', #1610, #1033 ) ;
#484 = CARTESIAN_POINT ( 'NONE',  ( 18.29227674958250915, 19.49728308524755960, 17.04109236212427803 ) ) ;
#485 = CARTESIAN_POINT ( 'NONE',  ( 22.45322916642505362, 20.64999999999999858, 1.449999999999764588 ) ) ;
#486 = CARTESIAN_POINT ( 'NONE',  ( -17.94189372936990523, 19.24650251432829862, -17.40968231922386522 ) ) ;
#487 = CARTESIAN_POINT ( 'NONE',  ( -16.89591728798747994, 20.84005662128004133, 14.85861096818668869 ) ) ;
#488 = ORIENTED_EDGE ( 'NONE', *, *, #1821, .T. ) ;
#489 = CARTESIAN_POINT ( 'NONE',  ( -16.70823825951272568, 19.75766262175232413, 15.06992815864232327 ) ) ;
#490 = CARTESIAN_POINT ( 'NONE',  ( 17.74614877789531420, 19.20007876753756904, 17.60918382057525378 ) ) ;
#491 = CARTESIAN_POINT ( 'NONE',  ( 20.42468245269455807, 35.42468245269474636, 17.07531754730540285 ) ) ;
#492 = VECTOR ( 'NONE', #1909, 1000.000000000000000 ) ;
#493 = CARTESIAN_POINT ( 'NONE',  ( 17.94363437680717865, 19.23736857897700148, -17.40852978412008412 ) ) ;
#494 = AXIS2_PLACEMENT_3D ( 'NONE', #45, #1617, #690 ) ;
#495 = CARTESIAN_POINT ( 'NONE',  ( -15.44946626839831971, 21.95351700147079299, 16.35761915982350345 ) ) ;
#496 = ORIENTED_EDGE ( 'NONE', *, *, #457, .T. ) ;
#497 = CARTESIAN_POINT ( 'NONE',  ( 22.49100579607546635, 21.95351700147078589, -0.6421610678810344419 ) ) ;
#498 = CARTESIAN_POINT ( 'NONE',  ( 18.12719735125241272, 19.34733028443298153, 17.21663170099808582 ) ) ;
#499 = FACE_OUTER_BOUND ( 'NONE', #1036, .T. ) ;
#500 = EDGE_CURVE ( 'NONE', #1701, #1817, #1297, .T. ) ;
#501 = ORIENTED_EDGE ( 'NONE', *, *, #1096, .T. ) ;
#502 = CARTESIAN_POINT ( 'NONE',  ( 16.75870313635231668, 19.92099546792112363, -18.55130993288417329 ) ) ;
#503 = FACE_OUTER_BOUND ( 'NONE', #158, .T. ) ;
#504 = ORIENTED_EDGE ( 'NONE', *, *, #1074, .T. ) ;
#505 = CARTESIAN_POINT ( 'NONE',  ( 22.45619540389766300, 21.02662389163469570, -1.403436165166076277 ) ) ;
#506 = ORIENTED_EDGE ( 'NONE', *, *, #1483, .T. ) ;
#507 = CARTESIAN_POINT ( 'NONE',  ( 24.95791457634229715, 20.64999999999999858, -1.450000000000261302 ) ) ;
#508 = DIRECTION ( 'NONE',  ( -0.000000000000000000, -1.000000000000000000, -0.000000000000000000 ) ) ;
#509 = EDGE_LOOP ( 'NONE', ( #1480, #1202, #2064, #46, #1962, #1945 ) ) ;
#510 = CARTESIAN_POINT ( 'NONE',  ( 12.50000000000025047, 110.0000000000000000, 21.65063509461081992 ) ) ;
#511 = CARTESIAN_POINT ( 'NONE',  ( 0.000000000000000000, 22.09999999999999787, -25.00000000000000000 ) ) ;
#512 = CARTESIAN_POINT ( 'NONE',  ( 15.26742095726190662, 21.80921761316484364, 16.52796992350232586 ) ) ;
#513 = EDGE_CURVE ( 'NONE', #148, #720, #462, .T. ) ;
#514 = SHAPE_DEFINITION_REPRESENTATION ( #1052, #42 ) ;
#515 = ORIENTED_EDGE ( 'NONE', *, *, #1639, .T. ) ;
#516 = B_SPLINE_CURVE_WITH_KNOTS ( 'NONE', 3,
 ( #676, #1325, #1814, #1666, #243, #30, #1316, #851, #233, #872, #361, #1508, #1643, #222, #1959, #718 ),
 .UNSPECIFIED., .F., .F.,
 ( 4, 2, 2, 2, 2, 2, 2, 4 ),
 ( 0.002267673475657686847, 0.002551003364315221691, 0.002834333252972756536, 0.003117663141630291380, 0.003400993030287826225, 0.003967652807602896348, 0.004250982696260435095, 0.004534312584917975578 ),
 .UNSPECIFIED. ) ;
#517 = CARTESIAN_POINT ( 'NONE',  ( 16.75922790483029345, 21.38057332055231186, -18.55083803596664893 ) ) ;
#518 = ORIENTED_EDGE ( 'NONE', *, *, #887, .F. ) ;
#519 = CARTESIAN_POINT ( 'NONE',  ( 23.97469516727973371, 20.64999999999999858, 26.02530483272028405 ) ) ;
#520 = CARTESIAN_POINT ( 'NONE',  ( -18.67321547392675285, 20.74464456010003133, -16.62260580848570868 ) ) ;
#521 = CARTESIAN_POINT ( 'NONE',  ( 1.159312086190025237, 19.75878209623921933, 22.47051198784502901 ) ) ;
#522 = AXIS2_PLACEMENT_3D ( 'NONE', #1229, #302, #453 ) ;
#523 = CARTESIAN_POINT ( 'NONE',  ( -16.78101521098894011, 19.92097978410128434, -14.98842097788243422 ) ) ;
#524 = ADVANCED_FACE ( 'NONE', ( #481, #1736, #640, #966 ), #1918, .T. ) ;
#525 = FACE_OUTER_BOUND ( 'NONE', #1314, .T. ) ;
#526 = CIRCLE ( 'NONE', #263, 25.00000000000000000 ) ;
#527 = VECTOR ( 'NONE', #1022, 1000.000000000000000 ) ;
#528 = CARTESIAN_POINT ( 'NONE',  ( -22.47046109557001259, 21.54017006118122879, 1.160495818762258491 ) ) ;
#529 = ORIENTED_EDGE ( 'NONE', *, *, #430, .T. ) ;
#530 = CARTESIAN_POINT ( 'NONE',  ( 18.18645374514124669, 21.91724442323200250, -17.15468928187962305 ) ) ;
#531 = DIRECTION ( 'NONE',  ( 0.4999999999999951150, 0.000000000000000000, -0.8660254037844414832 ) ) ;
#532 = CARTESIAN_POINT ( 'NONE',  ( -18.67321547392674930, 20.64999999999999858, -16.62260580848570513 ) ) ;
#533 = CARTESIAN_POINT ( 'NONE',  ( 0.6431477402876945026, 19.34697052419337382, 22.49097744559571765 ) ) ;
#534 = CARTESIAN_POINT ( 'NONE',  ( -15.64055900444479619, 19.23738105445974256, -16.17571746779584529 ) ) ;
#535 = DIRECTION ( 'NONE',  ( 1.000000000000000000, 0.000000000000000000, 0.000000000000000000 ) ) ;
#536 = CARTESIAN_POINT ( 'NONE',  ( -22.47358480056754715, 21.60863183725304637, -1.092002441072774443 ) ) ;
#537 = ORIENTED_EDGE ( 'NONE', *, *, #13, .F. ) ;
#538 = EDGE_CURVE ( 'NONE', #660, #29, #1755, .T. ) ;
#539 = EDGE_CURVE ( 'NONE', #660, #943, #721, .T. ) ;
#540 = DIRECTION ( 'NONE',  ( -0.7071067811865536790, -0.000000000000000000, -0.7071067811865413555 ) ) ;
#541 = CARTESIAN_POINT ( 'NONE',  ( 16.78034226122098715, 19.91923008135477957, -14.98917553135814096 ) ) ;
#542 = B_SPLINE_CURVE_WITH_KNOTS ( 'NONE', 3,
 ( #511, #544, #390, #686, #74, #1823, #842, #1980, #1041, #1791, #1188, #1478, #1467, #1169 ),
 .UNSPECIFIED., .F., .F.,
 ( 4, 2, 2, 2, 2, 2, 4 ),
 ( 0.000000000000000000, 0.0002834591954610163615, 0.0005669183909220327231, 0.0008503775863830491388, 0.001133836781844065446, 0.001700755172766105867, 0.002267673563688146071 ),
 .UNSPECIFIED. ) ;
#543 = CARTESIAN_POINT ( 'NONE',  ( -23.97469516727943173, 20.64999999999999858, 26.02530483272067485 ) ) ;
#544 = CARTESIAN_POINT ( 'NONE',  ( -0.09584836467858479092, 22.09999999999999787, -24.99999999999999645 ) ) ;
#545 = CARTESIAN_POINT ( 'NONE',  ( 15.07356693469395559, 21.53402852147074853, 16.70450110055964643 ) ) ;
#546 = EDGE_LOOP ( 'NONE', ( #449, #1578, #1735, #1678 ) ) ;
#547 = ORIENTED_EDGE ( 'NONE', *, *, #196, .F. ) ;
#548 = DIRECTION ( 'NONE',  ( -0.7071067811865389130, -0.000000000000000000, 0.7071067811865561215 ) ) ;
#549 = CARTESIAN_POINT ( 'NONE',  ( 0.6431245930646487530, 19.34695950536764641, 24.99188057198578861 ) ) ;
#550 = CARTESIAN_POINT ( 'NONE',  ( 14.88058828216846408, 20.26801626289494962, 16.87671063596741305 ) ) ;
#551 = EDGE_CURVE ( 'NONE', #1724, #85, #590, .T. ) ;
#552 = CARTESIAN_POINT ( 'NONE',  ( -16.04452240550344300, 19.20953188716349302, -15.77440617405591006 ) ) ;
#553 = CARTESIAN_POINT ( 'NONE',  ( 1.412346745034059436, 21.02937282053257917, -22.45574740549572113 ) ) ;
#554 = CARTESIAN_POINT ( 'NONE',  ( -22.49533336187400678, 22.02616783709860115, 0.4665720677029832619 ) ) ;
#555 = CIRCLE ( 'NONE', #659, 22.50000000000000355 ) ;
#556 = ORIENTED_EDGE ( 'NONE', *, *, #1124, .T. ) ;
#557 = VECTOR ( 'NONE', #1822, 999.9999999999998863 ) ;
#558 = ORIENTED_EDGE ( 'NONE', *, *, #1745, .F. ) ;
#559 = CARTESIAN_POINT ( 'NONE',  ( -24.95791457634231847, 20.64999999999999858, -1.449999999999912692 ) ) ;
#560 = EDGE_CURVE ( 'NONE', #298, #976, #1410, .T. ) ;
#561 = CARTESIAN_POINT ( 'NONE',  ( 1.449999999999999956, 20.64999999999999858, -24.95791457634231136 ) ) ;
#562 = CARTESIAN_POINT ( 'NONE',  ( -16.85313617322228197, 21.11702381800046524, -14.90715029419962434 ) ) ;
#563 = CARTESIAN_POINT ( 'NONE',  ( -1.376040227482038247, 20.18305631460697214, -24.96212806690417452 ) ) ;
#564 = EDGE_CURVE ( 'NONE', #816, #224, #150, .T. ) ;
#565 = DIRECTION ( 'NONE',  ( -0.000000000000000000, -1.000000000000000000, -0.000000000000000000 ) ) ;
#566 = FACE_BOUND ( 'NONE', #1924, .T. ) ;
#567 = CARTESIAN_POINT ( 'NONE',  ( 17.54281500147090256, 22.09060030914359629, -17.81174587776337859 ) ) ;
#568 = ORIENTED_EDGE ( 'NONE', *, *, #345, .T. ) ;
#569 = VERTEX_POINT ( 'NONE', #1564 ) ;
#570 = DIRECTION ( 'NONE',  ( 2.355138688025670565E-15, -0.7071067811865439090, 0.7071067811865511255 ) ) ;
#571 = CARTESIAN_POINT ( 'NONE',  ( -25.00000905255602390, 19.19984392139582141, -0.1901380239088411306 ) ) ;
#572 = LINE ( 'NONE', #1546, #1239 ) ;
#573 = CARTESIAN_POINT ( 'NONE',  ( -22.49704324137920253, 19.24650614072062993, 0.3763439388506161776 ) ) ;
#574 = CARTESIAN_POINT ( 'NONE',  ( 1.303190251031178581, 21.29283237146746899, -24.96603739362711849 ) ) ;
#575 = CARTESIAN_POINT ( 'NONE',  ( 0.1893436391901970051, 19.20000000000000639, -25.00000000000000000 ) ) ;
#576 = CARTESIAN_POINT ( 'NONE',  ( 1.450000000000000178, 20.74462515210728952, 22.45322916642504651 ) ) ;
#577 = CARTESIAN_POINT ( 'NONE',  ( -0.9588129230738482445, 21.74184523614465903, -22.47966098401864343 ) ) ;
#578 = CARTESIAN_POINT ( 'NONE',  ( 18.00460488850907481, 22.02617301739971367, 17.34479501082441644 ) ) ;
#579 = ORIENTED_EDGE ( 'NONE', *, *, #724, .F. ) ;
#580 = EDGE_CURVE ( 'NONE', #260, #1016, #555, .T. ) ;
#581 = VERTEX_POINT ( 'NONE', #1882 ) ;
#582 = CARTESIAN_POINT ( 'NONE',  ( 14.90715029419944671, 21.11702381800047235, -16.85313617322243473 ) ) ;
#583 = CARTESIAN_POINT ( 'NONE',  ( 0.000000000000000000, 22.09999999999999787, -22.50000000000000355 ) ) ;
#584 = CARTESIAN_POINT ( 'NONE',  ( -22.47055696795204938, 19.75766262175231702, -1.158460182011916029 ) ) ;
#585 = CARTESIAN_POINT ( 'NONE',  ( 0.1915101580797286263, 22.09999999999999787, -25.00000000000000355 ) ) ;
#586 = CARTESIAN_POINT ( 'NONE',  ( -24.97622873202896443, 21.60862671755550224, -1.092007409445094002 ) ) ;
#587 = B_SPLINE_CURVE_WITH_KNOTS ( 'NONE', 3,
 ( #1094, #341, #161, #322, #957, #968, #1767, #301, #1590, #782, #817, #181, #1108, #1444, #6, #1726, #1925, #649, #938, #489, #977, #1131, #1415, #1900 ),
 .UNSPECIFIED., .F., .F.,
 ( 4, 2, 2, 2, 2, 2, 2, 2, 2, 2, 2, 4 ),
 ( 0.004534535684257333214, 0.005101222633952431224, 0.005667909583647530100, 0.005951253058495082141, 0.006234596533342635048, 0.006517940008190184487, 0.006801283483037733925, 0.007367970432732818056, 0.007651313907580363158, 0.007934657382427908259, 0.008501344332123005401, 0.009068031281818102543 ),
 .UNSPECIFIED. ) ;
#588 = CARTESIAN_POINT ( 'NONE',  ( -1.152938114264293157, 19.76560443960371316, -22.47050283019549966 ) ) ;
#589 = EDGE_CURVE ( 'NONE', #2029, #383, #620, .T. ) ;
#590 = LINE ( 'NONE', #1387, #1694 ) ;
#591 = CARTESIAN_POINT ( 'NONE',  ( -11.05662432702596654, 110.0000000000000000, 19.15063509461108282 ) ) ;
#592 = ORIENTED_EDGE ( 'NONE', *, *, #648, .T. ) ;
#593 = ORIENTED_EDGE ( 'NONE', *, *, #609, .F. ) ;
#594 = CARTESIAN_POINT ( 'NONE',  ( 15.84337768672389579, 22.10003375933952086, -15.97643054343622637 ) ) ;
#595 = VECTOR ( 'NONE', #1733, 1000.000000000000227 ) ;
#596 = AXIS2_PLACEMENT_3D ( 'NONE', #794, #979, #1612 ) ;
#597 = CARTESIAN_POINT ( 'NONE',  ( -0.3801737882390746059, 22.06197061594158626, 22.49746553481191214 ) ) ;
#598 = FACE_OUTER_BOUND ( 'NONE', #1804, .T. ) ;
#599 = LINE ( 'NONE', #1517, #1795 ) ;
#600 = CARTESIAN_POINT ( 'NONE',  ( 16.90213543583533351, 20.74464678175479548, 14.85152577039408150 ) ) ;
#601 = CARTESIAN_POINT ( 'NONE',  ( -17.15614221425016694, 19.39190083398302633, 18.18441645756582048 ) ) ;
#602 = CARTESIAN_POINT ( 'NONE',  ( 17.74419435820763979, 22.10003369518803851, 17.61114746494668992 ) ) ;
#603 = ORIENTED_EDGE ( 'NONE', *, *, #1326, .F. ) ;
#604 = ORIENTED_EDGE ( 'NONE', *, *, #37, .F. ) ;
#605 = CARTESIAN_POINT ( 'NONE',  ( -16.67789348513807113, 21.11700723971260274, 18.62388780166661206 ) ) ;
#606 = CARTESIAN_POINT ( 'NONE',  ( 24.95791457634233623, 20.45839080608688221, 1.449999999999738609 ) ) ;
#607 = CARTESIAN_POINT ( 'NONE',  ( 12.50000000000017231, 39.99999999999997868, -21.65063509461099400 ) ) ;
#608 = FACE_OUTER_BOUND ( 'NONE', #2017, .T. ) ;
#609 = EDGE_CURVE ( 'NONE', #1016, #260, #934, .T. ) ;
#610 = CARTESIAN_POINT ( 'NONE',  ( -12.49999999999979750, 40.00000000000017764, 21.65063509461107927 ) ) ;
#611 = CARTESIAN_POINT ( 'NONE',  ( -1.440535927575624875, 20.45936211806850125, -24.95846952718692080 ) ) ;
#612 = CARTESIAN_POINT ( 'NONE',  ( 1.266940118883182143, 21.38041941343156793, 22.46442015628612054 ) ) ;
#613 = CARTESIAN_POINT ( 'NONE',  ( -18.34190957279207623, 19.55712069436376410, 16.98760849900559933 ) ) ;
#614 = CARTESIAN_POINT ( 'NONE',  ( 16.88869486055948599, 21.60862671755550579, 18.43302654920846351 ) ) ;
#615 = ORIENTED_EDGE ( 'NONE', *, *, #825, .F. ) ;
#616 = ORIENTED_EDGE ( 'NONE', *, *, #1459, .T. ) ;
#617 = CARTESIAN_POINT ( 'NONE',  ( 0.7293638243119405784, 19.38262772688291946, -22.48885333341244674 ) ) ;
#618 = CARTESIAN_POINT ( 'NONE',  ( -22.46438376362424094, 19.92097978410128079, 1.267555538145553884 ) ) ;
#619 = CARTESIAN_POINT ( 'NONE',  ( 8.677435037599732226, 37.79304108996351630, -23.85759400464761626 ) ) ;
#620 = B_SPLINE_CURVE_WITH_KNOTS ( 'NONE', 3,
 ( #109, #1721, #294, #135, #2025, #96, #896, #776, #577, #1259, #1894, #740, #145, #458 ),
 .UNSPECIFIED., .F., .F.,
 ( 4, 2, 2, 2, 2, 2, 4 ),
 ( 0.000000000000000000, 0.0002834732644541122152, 0.0005669465289082244305, 0.0008504197933623364831, 0.001133893057816448644, 0.001700839586724673183, 0.002267786115632897722 ),
 .UNSPECIFIED. ) ;
#621 = ADVANCED_FACE ( 'NONE', ( #423, #1420, #566, #411 ), #1222, .F. ) ;
#622 = CARTESIAN_POINT ( 'NONE',  ( 22.49938016869686308, 19.20953188716350013, -0.1910010189653029433 ) ) ;
#623 = CARTESIAN_POINT ( 'NONE',  ( -16.85301944667050833, 21.11753352981167353, 14.90728229346992073 ) ) ;
#624 = CARTESIAN_POINT ( 'NONE',  ( 18.67321547392687009, 20.64999999999999858, 16.62260580848557723 ) ) ;
#625 = CARTESIAN_POINT ( 'NONE',  ( 16.90213543583533706, 20.46074985476537833, 14.85152577039407973 ) ) ;
#626 =( BOUNDED_CURVE ( )  B_SPLINE_CURVE ( 3, ( #1583, #1927, #491, #1438 ),
 .UNSPECIFIED., .F., .T. ) 
 B_SPLINE_CURVE_WITH_KNOTS ( ( 4, 4 ),
 ( 5.759586531581293301, 6.806784082777885381 ),
 .UNSPECIFIED. ) 
 CURVE ( )  GEOMETRIC_REPRESENTATION_ITEM ( )  RATIONAL_B_SPLINE_CURVE ( ( 1.000000000000000000, 0.9106836025229601006, 0.9106836025229601006, 1.000000000000000000 ) ) 
 REPRESENTATION_ITEM ( '' )  );
#627 = ORIENTED_EDGE ( 'NONE', *, *, #648, .F. ) ;
#628 = CARTESIAN_POINT ( 'NONE',  ( -0.6428399733338517885, 19.34681407760310989, 22.49098651092256773 ) ) ;
#629 = AXIS2_PLACEMENT_3D ( 'NONE', #35, #1670, #531 ) ;
#630 = CARTESIAN_POINT ( 'NONE',  ( 1.449999999999999956, 20.64999999999999858, -22.45322916642504296 ) ) ;
#631 = CARTESIAN_POINT ( 'NONE',  ( 18.00596358229180183, 19.27449740207909201, 17.34338393775119158 ) ) ;
#632 = DIRECTION ( 'NONE',  ( 0.5000000000000000000, 0.000000000000000000, 0.8660254037844385966 ) ) ;
#633 = VECTOR ( 'NONE', #304, 1000.000000000000000 ) ;
#634 = CARTESIAN_POINT ( 'NONE',  ( 4.413917820073518072, 36.65063509461108993, 24.99999999999995737 ) ) ;
#635 = EDGE_CURVE ( 'NONE', #1847, #148, #271, .T. ) ;
#636 = CARTESIAN_POINT ( 'NONE',  ( -16.75945376599349501, 19.91924424913933578, -18.55063274558453301 ) ) ;
#637 = DIRECTION ( 'NONE',  ( 0.7071067811865558994, 0.000000000000000000, 0.7071067811865392461 ) ) ;
#638 = ADVANCED_FACE ( 'NONE', ( #503 ), #1615, .F. ) ;
#639 = ORIENTED_EDGE ( 'NONE', *, *, #248, .F. ) ;
#640 = FACE_BOUND ( 'NONE', #1113, .T. ) ;
#641 = CYLINDRICAL_SURFACE ( 'NONE', #1238, 1.449999999999999956 ) ;
#642 = CARTESIAN_POINT ( 'NONE',  ( 24.97344156828078710, 21.53401808170110243, 1.153252736946706936 ) ) ;
#643 = CARTESIAN_POINT ( 'NONE',  ( 16.62260580848589697, 20.64999999999999858, 18.67321547392657877 ) ) ;
#644 = CARTESIAN_POINT ( 'NONE',  ( 0.000000000000000000, 22.09999999999999787, -25.00000000000000000 ) ) ;
#645 = CARTESIAN_POINT ( 'NONE',  ( -18.12719735125229903, 19.34733028443298153, -17.21663170099821372 ) ) ;
#646 = CARTESIAN_POINT ( 'NONE',  ( -16.70450110055968906, 21.53402852147073787, 15.07356693469388276 ) ) ;
#647 = EDGE_LOOP ( 'NONE', ( #1469, #603, #885, #2007 ) ) ;
#648 = EDGE_CURVE ( 'NONE', #1005, #837, #1773, .T. ) ;
#649 = CARTESIAN_POINT ( 'NONE',  ( -16.52210218585024037, 19.49595515885233965, 15.27338711943736804 ) ) ;
#650 = DIRECTION ( 'NONE',  ( -1.000000000000000000, -0.000000000000000000, 1.047444401652940007E-14 ) ) ;
#651 = CARTESIAN_POINT ( 'NONE',  ( -20.42468245269443017, 35.42468245269459715, 17.07531754730563733 ) ) ;
#652 = CARTESIAN_POINT ( 'NONE',  ( 12.50000000000013856, 39.99999999999997868, 21.65063509461101887 ) ) ;
#653 = CARTESIAN_POINT ( 'NONE',  ( 3.061616997402319681E-15, 19.19999999999999929, 25.00000000000000000 ) ) ;
#654 = ORIENTED_EDGE ( 'NONE', *, *, #1020, .T. ) ;
#655 = EDGE_CURVE ( 'NONE', #1885, #1105, #2048, .T. ) ;
#656 = CARTESIAN_POINT ( 'NONE',  ( 22.50000217560175031, 22.10003375933952796, -0.09408257723749111068 ) ) ;
#657 = CARTESIAN_POINT ( 'NONE',  ( 11.05662432702603404, 110.0000000000000000, 19.15063509461108282 ) ) ;
#658 = CARTESIAN_POINT ( 'NONE',  ( -22.11324865405195439, 110.0000000000000000, 2.753873518113181262E-14 ) ) ;
#659 = AXIS2_PLACEMENT_3D ( 'NONE', #752, #2015, #786 ) ;
#660 = VERTEX_POINT ( 'NONE', #1287 ) ;
#661 = CARTESIAN_POINT ( 'NONE',  ( 22.49529239376956014, 19.27449952282073298, -0.4685219856145562134 ) ) ;
#662 = VECTOR ( 'NONE', #1865, 1000.000000000000000 ) ;
#663 = B_SPLINE_CURVE_WITH_KNOTS ( 'NONE', 3,
 ( #1737, #791, #1425, #1211, #1776, #826, #1055, #84, #883, #1953, #530, #1519, #1687, #199, #567, #729, #1646, #1366, #33, #985, #1944, #1627, #517, #1796, #1481, #366, #208, #2006 ),
 .UNSPECIFIED., .F., .F.,
 ( 4, 2, 2, 2, 2, 2, 2, 2, 2, 2, 2, 2, 2, 4 ),
 ( 0.000000000000000000, 0.0002833945365573748831, 0.0005667890731147497661, 0.0008501836096721246492, 0.001133578146229499532, 0.001700367219344246479, 0.002267156292458993860, 0.002550550829016368093, 0.002833945365573741458, 0.003117339902131115691, 0.003400734438688489056, 0.003967523511803231449, 0.004250918048360600478, 0.004534312584917968639 ),
 .UNSPECIFIED. ) ;
#664 = CARTESIAN_POINT ( 'NONE',  ( 24.99999999999969802, 20.64999999999999858, -25.00000000000030909 ) ) ;
#665 = AXIS2_PLACEMENT_3D ( 'NONE', #81, #2002, #1842 ) ;
#666 = DIRECTION ( 'NONE',  ( 1.000000000000000000, 0.000000000000000000, 0.000000000000000000 ) ) ;
#667 = EDGE_LOOP ( 'NONE', ( #1091, #1014, #808, #604 ) ) ;
#668 = CARTESIAN_POINT ( 'NONE',  ( 22.46442494925116051, 21.38057532223046664, -1.266857043070801048 ) ) ;
#669 = ORIENTED_EDGE ( 'NONE', *, *, #580, .T. ) ;
#670 = CARTESIAN_POINT ( 'NONE',  ( 24.95791457634232913, 20.64999999999999858, 1.449999999999738387 ) ) ;
#671 = CARTESIAN_POINT ( 'NONE',  ( -18.12600727646970356, 21.95352747359352819, -17.21788521776735337 ) ) ;
#672 = ORIENTED_EDGE ( 'NONE', *, *, #1626, .T. ) ;
#673 = ADVANCED_FACE ( 'NONE', ( #1941 ), #807, .F. ) ;
#674 = CARTESIAN_POINT ( 'NONE',  ( -24.98959805026393965, 19.39092837485024390, -0.7253979358227459207 ) ) ;
#675 = CARTESIAN_POINT ( 'NONE',  ( -16.35880287974207192, 19.34733859074379936, -15.44821222905528657 ) ) ;
#676 = CARTESIAN_POINT ( 'NONE',  ( 3.061616970775897547E-15, 22.09999999999999787, 25.00000000000000000 ) ) ;
#677 = CARTESIAN_POINT ( 'NONE',  ( -22.49100579607548056, 21.95351700147079299, 0.6421610678808779005 ) ) ;
#678 = DIRECTION ( 'NONE',  ( 0.000000000000000000, 0.000000000000000000, 1.000000000000000000 ) ) ;
#679 = EDGE_LOOP ( 'NONE', ( #1458, #427, #1092, #1688, #1765, #1579 ) ) ;
#680 = CARTESIAN_POINT ( 'NONE',  ( 16.62260580848589697, 20.64999999999999858, 18.67321547392657877 ) ) ;
#681 = ORIENTED_EDGE ( 'NONE', *, *, #983, .T. ) ;
#682 = DIRECTION ( 'NONE',  ( -0.7071067811865389130, -0.000000000000000000, 0.7071067811865561215 ) ) ;
#683 = CARTESIAN_POINT ( 'NONE',  ( -18.55083803596647130, 21.38057332055230475, -16.75922790483048530 ) ) ;
#684 = CARTESIAN_POINT ( 'NONE',  ( 14.98917553135808056, 19.91923008135478668, 16.78034226122104045 ) ) ;
#685 = CARTESIAN_POINT ( 'NONE',  ( -14.85152577039425026, 20.74583159383277220, -16.90213543583518785 ) ) ;
#686 = CARTESIAN_POINT ( 'NONE',  ( -0.3754948305231236572, 22.05372259493586640, -24.99735182823902235 ) ) ;
#687 = EDGE_CURVE ( 'NONE', #1995, #29, #463, .T. ) ;
#688 = CARTESIAN_POINT ( 'NONE',  ( -22.45792473298419623, 21.11753352981167353, -1.375843935434782894 ) ) ;
#689 = ORIENTED_EDGE ( 'NONE', *, *, #1087, .T. ) ;
#690 = DIRECTION ( 'NONE',  ( -0.7071067811865511255, 0.000000000000000000, -0.7071067811865439090 ) ) ;
#691 = ORIENTED_EDGE ( 'NONE', *, *, #1655, .T. ) ;
#692 = CARTESIAN_POINT ( 'NONE',  ( 24.98175350762994995, 21.74319718794887280, -0.9573833283338056832 ) ) ;
#693 = CARTESIAN_POINT ( 'NONE',  ( -17.81174587776320450, 22.09060030914361050, -17.54281500147109796 ) ) ;
#694 = CARTESIAN_POINT ( 'NONE',  ( 0.8841765152808098716, 19.49686254335894020, 22.48275916568001165 ) ) ;
#695 = CARTESIAN_POINT ( 'NONE',  ( 16.62260580848550617, 20.64999999999999858, -18.67321547392692693 ) ) ;
#696 = CARTESIAN_POINT ( 'NONE',  ( 25.00000000000000000, 110.0000000000000000, 0.000000000000000000 ) ) ;
#697 = AXIS2_PLACEMENT_3D ( 'NONE', #664, #1923, #637 ) ;
#698 = EDGE_CURVE ( 'NONE', #1348, #788, #526, .T. ) ;
#699 = VECTOR ( 'NONE', #1002, 1000.000000000000000 ) ;
#700 = CARTESIAN_POINT ( 'NONE',  ( -22.48275884454713847, 21.80312298059470777, 0.8841568928654428561 ) ) ;
#701 = AXIS2_PLACEMENT_3D ( 'NONE', #1029, #830, #706 ) ;
#702 = ORIENTED_EDGE ( 'NONE', *, *, #1745, .T. ) ;
#703 = ADVANCED_FACE ( 'NONE', ( #1586, #469 ), #1111, .F. ) ;
#704 = VERTEX_POINT ( 'NONE', #2076 ) ;
#705 = CARTESIAN_POINT ( 'NONE',  ( 24.97341858125992076, 21.54018129493336886, -1.160486526674353591 ) ) ;
#706 = DIRECTION ( 'NONE',  ( 0.000000000000000000, -0.000000000000000000, 1.000000000000000000 ) ) ;
#707 = CARTESIAN_POINT ( 'NONE',  ( 22.45322916642502875, 20.64999999999999858, -1.450000000000235101 ) ) ;
#708 = CARTESIAN_POINT ( 'NONE',  ( -16.70900032753675291, 19.75917606119070769, -15.06908053399571834 ) ) ;
#709 = CARTESIAN_POINT ( 'NONE',  ( 1.153626259444181734, 21.53351688108220685, -22.47046758050769100 ) ) ;
#710 = CARTESIAN_POINT ( 'NONE',  ( -18.67321547392674930, 20.64999999999999858, -16.62260580848570513 ) ) ;
#711 = ORIENTED_EDGE ( 'NONE', *, *, #106, .F. ) ;
#712 = EDGE_CURVE ( 'NONE', #1212, #1948, #350, .T. ) ;
#713 = ORIENTED_EDGE ( 'NONE', *, *, #609, .T. ) ;
#714 = LINE ( 'NONE', #1321, #426 ) ;
#715 = CARTESIAN_POINT ( 'NONE',  ( -18.18437082895083989, 21.90811294858030323, -17.15618941574761891 ) ) ;
#716 = CARTESIAN_POINT ( 'NONE',  ( 16.52210218585013379, 19.49595515885233965, -15.27338711943748351 ) ) ;
#717 = CARTESIAN_POINT ( 'NONE',  ( -16.57378764204313626, 19.55852982641096816, -15.21722817131544048 ) ) ;
#718 = CARTESIAN_POINT ( 'NONE',  ( 1.449999999999999956, 20.64999999999999858, 24.95791457634231492 ) ) ;
#719 = CARTESIAN_POINT ( 'NONE',  ( -8.677435037599522616, 37.79304108996353051, 23.85759400464766600 ) ) ;
#720 = VERTEX_POINT ( 'NONE', #1335 ) ;
#721 = B_SPLINE_CURVE_WITH_KNOTS ( 'NONE', 3,
 ( #1273, #1601, #172, #617, #2066, #1263, #1747, #149, #1106, #1580, #320, #790, #1424, #929 ),
 .UNSPECIFIED., .F., .F.,
 ( 4, 2, 2, 2, 2, 2, 4 ),
 ( 0.004534535840398545153, 0.005101513538384460505, 0.005668491236370375858, 0.005951980085363330064, 0.006235468934356283403, 0.006518957783349237610, 0.006802446632342191817 ),
 .UNSPECIFIED. ) ;
#722 = ORIENTED_EDGE ( 'NONE', *, *, #281, .T. ) ;
#723 = CARTESIAN_POINT ( 'NONE',  ( 24.95791457634230426, 20.74464456010002777, -1.450000000000261746 ) ) ;
#724 = EDGE_CURVE ( 'NONE', #1423, #1400, #542, .T. ) ;
#725 = CARTESIAN_POINT ( 'NONE',  ( 11.05662432702603404, 110.0000000000000000, 19.15063509461108282 ) ) ;
#726 = CARTESIAN_POINT ( 'NONE',  ( 2.755455297896063857E-15, 19.19999999999999929, 22.50000000000000355 ) ) ;
#727 = CARTESIAN_POINT ( 'NONE',  ( -1.403453192947977879, 20.27342902944117142, -24.96058220541656425 ) ) ;
#728 = CARTESIAN_POINT ( 'NONE',  ( 1.376053105694830414, 21.11692108155018133, 22.45791186655730698 ) ) ;
#729 = CARTESIAN_POINT ( 'NONE',  ( 17.40980891532852937, 22.05356634839441554, -17.94177256910812446 ) ) ;
#730 = EDGE_LOOP ( 'NONE', ( #988, #537 ) ) ;
#731 = VECTOR ( 'NONE', #890, 1000.000000000000000 ) ;
#732 = ORIENTED_EDGE ( 'NONE', *, *, #852, .T. ) ;
#733 = CARTESIAN_POINT ( 'NONE',  ( 15.64182325321100286, 22.05356277026863765, -16.17380645605747347 ) ) ;
#734 = CARTESIAN_POINT ( 'NONE',  ( 24.96022827213428741, 20.26803843530321814, 1.411478090150212639 ) ) ;
#735 = CARTESIAN_POINT ( 'NONE',  ( -22.45322916642503586, 20.64999999999999858, 1.450000000000078337 ) ) ;
#736 = LINE ( 'NONE', #1707, #1731 ) ;
#737 = CARTESIAN_POINT ( 'NONE',  ( -0.4669047690645327098, 19.27394101429924689, -24.99579403017621715 ) ) ;
#738 = EDGE_CURVE ( 'NONE', #844, #1849, #1198, .T. ) ;
#739 = CARTESIAN_POINT ( 'NONE',  ( 11.05662432702603404, 27.00000000000000000, 19.15063509461108282 ) ) ;
#740 = CARTESIAN_POINT ( 'NONE',  ( -1.411970618699136315, 21.03017370796401053, -22.45576945038454042 ) ) ;
#741 = FACE_OUTER_BOUND ( 'NONE', #111, .T. ) ;
#742 = ORIENTED_EDGE ( 'NONE', *, *, #1450, .T. ) ;
#743 = ORIENTED_EDGE ( 'NONE', *, *, #1290, .F. ) ;
#744 = CARTESIAN_POINT ( 'NONE',  ( 16.41790714161081866, 21.91723634275235000, -15.38612335942126563 ) ) ;
#745 = CARTESIAN_POINT ( 'NONE',  ( 24.98954868776212024, 19.39190083398303344, -0.7270996903680937429 ) ) ;
#746 = CYLINDRICAL_SURFACE ( 'NONE', #1964, 1.449999999999998401 ) ;
#747 = CARTESIAN_POINT ( 'NONE',  ( -22.48280609891320836, 19.49595515885233254, -0.8829748912303921893 ) ) ;
#748 = CARTESIAN_POINT ( 'NONE',  ( -16.87130727909746142, 21.02662389163469214, -14.88654882039499228 ) ) ;
#749 = CARTESIAN_POINT ( 'NONE',  ( 1.091893493487483324, 19.69124437267539918, -24.97623371636965928 ) ) ;
#750 = PLANE ( 'NONE',  #1000 ) ;
#751 = ADVANCED_FACE ( 'NONE', ( #52 ), #1012, .F. ) ;
#752 = CARTESIAN_POINT ( 'NONE',  ( 0.000000000000000000, 27.00000000000000000, 0.000000000000000000 ) ) ;
#753 = CARTESIAN_POINT ( 'NONE',  ( -24.99999999999999645, 40.00000000000017764, 1.745740669421566678E-13 ) ) ;
#754 = ORIENTED_EDGE ( 'NONE', *, *, #2075, .T. ) ;
#755 = ORIENTED_EDGE ( 'NONE', *, *, #1096, .F. ) ;
#756 = CARTESIAN_POINT ( 'NONE',  ( 15.44946626839820425, 21.95351700147079654, -16.35761915982361003 ) ) ;
#757 = CARTESIAN_POINT ( 'NONE',  ( 24.98174180462082461, 19.55712069436376765, 0.9576354730425062911 ) ) ;
#758 = CARTESIAN_POINT ( 'NONE',  ( -12.50000000000009770, 110.0000000000000000, -21.65063509461091229 ) ) ;
#759 = CARTESIAN_POINT ( 'NONE',  ( -15.77574594554250531, 22.09993220281346638, -16.04405302893848173 ) ) ;
#760 = CARTESIAN_POINT ( 'NONE',  ( -24.98175350762995350, 21.74319718794887280, 0.9573833283336310451 ) ) ;
#761 = FACE_OUTER_BOUND ( 'NONE', #1723, .T. ) ;
#762 = CARTESIAN_POINT ( 'NONE',  ( -17.81212381685475776, 19.19984392139582496, 17.54322804472011654 ) ) ;
#763 = CARTESIAN_POINT ( 'NONE',  ( 16.67802447190019066, 21.11751517043449411, 18.62377052597057059 ) ) ;
#764 = ORIENTED_EDGE ( 'NONE', *, *, #1267, .F. ) ;
#765 = B_SPLINE_CURVE_WITH_KNOTS ( 'NONE', 3,
 ( #1863, #939, #1095, #1255, #103, #1573, #2021, #2011, #129, #142, #1853, #597, #1245, #1406 ),
 .UNSPECIFIED., .F., .F.,
 ( 4, 2, 2, 2, 2, 2, 4 ),
 ( 0.000000000000000000, 0.0002834732476613686415, 0.0005669464953227372830, 0.0008504197429841060330, 0.001133892990645474566, 0.001700839485968211415, 0.002267785981290948698 ),
 .UNSPECIFIED. ) ;
#766 = ORIENTED_EDGE ( 'NONE', *, *, #500, .F. ) ;
#767 = EDGE_CURVE ( 'NONE', #393, #704, #516, .T. ) ;
#768 = CARTESIAN_POINT ( 'NONE',  ( -17.15618941574755496, 21.90811294858030678, 18.18437082895090384 ) ) ;
#769 = AXIS2_PLACEMENT_3D ( 'NONE', #232, #73, #1334 ) ;
#770 = DIRECTION ( 'NONE',  ( -0.000000000000000000, -1.000000000000000000, -0.000000000000000000 ) ) ;
#771 = AXIS2_PLACEMENT_3D ( 'NONE', #264, #1047, #1715 ) ;
#772 = LINE ( 'NONE', #117, #163 ) ;
#773 = LINE ( 'NONE', #118, #1460 ) ;
#774 = CARTESIAN_POINT ( 'NONE',  ( -24.97341858125992431, 21.54018129493336531, 1.160486526674178620 ) ) ;
#775 = PLANE ( 'NONE',  #22 ) ;
#776 = CARTESIAN_POINT ( 'NONE',  ( -0.8842027652714653518, 21.80311288998286656, -22.48275796432600870 ) ) ;
#777 = LINE ( 'NONE', #591, #2035 ) ;
#778 = CARTESIAN_POINT ( 'NONE',  ( 16.70900032753685949, 19.75917606119071479, 15.06908053399559932 ) ) ;
#779 =( BOUNDED_CURVE ( )  B_SPLINE_CURVE ( 3, ( #960, #651, #1936, #1293 ),
 .UNSPECIFIED., .F., .T. ) 
 B_SPLINE_CURVE_WITH_KNOTS ( ( 4, 4 ),
 ( 5.759586531581286195, 6.806784082777892486 ),
 .UNSPECIFIED. ) 
 CURVE ( )  GEOMETRIC_REPRESENTATION_ITEM ( )  RATIONAL_B_SPLINE_CURVE ( ( 1.000000000000000000, 0.9106836025229576581, 0.9106836025229576581, 1.000000000000000000 ) ) 
 REPRESENTATION_ITEM ( '' )  );
#780 = ORIENTED_EDGE ( 'NONE', *, *, #2058, .F. ) ;
#781 = CARTESIAN_POINT ( 'NONE',  ( -1.158746327670965748, 19.75805585188580693, 22.47054146380627415 ) ) ;
#782 = CARTESIAN_POINT ( 'NONE',  ( -15.57527872324566509, 19.27449952282073298, 16.23786886957158160 ) ) ;
#783 = FACE_BOUND ( 'NONE', #964, .T. ) ;
#784 = DIRECTION ( 'NONE',  ( 0.7071067811865463515, 0.000000000000000000, -0.7071067811865487940 ) ) ;
#785 = CARTESIAN_POINT ( 'NONE',  ( 16.62260580848550617, 20.64999999999999858, -18.67321547392692693 ) ) ;
#786 = DIRECTION ( 'NONE',  ( 0.000000000000000000, 0.000000000000000000, 1.000000000000000000 ) ) ;
#787 = DIRECTION ( 'NONE',  ( -0.000000000000000000, -1.000000000000000000, -0.000000000000000000 ) ) ;
#788 = VERTEX_POINT ( 'NONE', #372 ) ;
#789 = ORIENTED_EDGE ( 'NONE', *, *, #1417, .F. ) ;
#790 = CARTESIAN_POINT ( 'NONE',  ( 1.440610853894399135, 20.46005563602241750, -22.45384112872191196 ) ) ;
#791 = CARTESIAN_POINT ( 'NONE',  ( 18.67321547392652903, 20.74582650910053516, -16.62260580848597513 ) ) ;
#792 = CARTESIAN_POINT ( 'NONE',  ( 17.15738044098885950, 19.39092837485024035, 18.18324803994665473 ) ) ;
#793 = ADVANCED_FACE ( 'NONE', ( #525 ), #1950, .T. ) ;
#794 = CARTESIAN_POINT ( 'NONE',  ( 25.00000000000027001, 20.64999999999999858, -2.618611004132377911E-13 ) ) ;
#795 = CARTESIAN_POINT ( 'NONE',  ( 18.55063274558435538, 19.91924424913933578, -16.75945376599368686 ) ) ;
#796 = CARTESIAN_POINT ( 'NONE',  ( -17.04238154066259270, 19.49594403330493719, -18.29107553703538258 ) ) ;
#797 = CARTESIAN_POINT ( 'NONE',  ( -16.04405302893843199, 22.09993220281347348, 15.77574594554256571 ) ) ;
#798 = ORIENTED_EDGE ( 'NONE', *, *, #1829, .T. ) ;
#799 = CARTESIAN_POINT ( 'NONE',  ( -0.3793728428864113211, 19.23765324205508875, 22.49748755104327103 ) ) ;
#800 = CARTESIAN_POINT ( 'NONE',  ( -22.11324865405195439, 27.00000000000000000, 2.753873518113181262E-14 ) ) ;
#801 = B_SPLINE_CURVE_WITH_KNOTS ( 'NONE', 3,
 ( #1163, #1819, #1649, #387, #202, #1474, #36, #1831, #61, #191, #987, #847, #1313, #1788, #693, #1799, #1968, #671, #715, #358, #999, #839, #683, #1322, #1484, #1956, #520, #532 ),
 .UNSPECIFIED., .F., .F.,
 ( 4, 2, 2, 2, 2, 2, 2, 2, 2, 2, 2, 2, 2, 4 ),
 ( 0.000000000000000000, 0.0002833945365573730941, 0.0005667890731147461883, 0.0008501836096721192282, 0.001133578146229492377, 0.001700367219344236505, 0.002267156292458980416, 0.002550550829016352914, 0.002833945365573724978, 0.003117339902131096609, 0.003400734438688468673, 0.003967523511803215837, 0.004250918048360593539, 0.004534312584917971241 ),
 .UNSPECIFIED. ) ;
#802 = CARTESIAN_POINT ( 'NONE',  ( 24.96835910689543425, 21.37640257111855746, 1.258498767866640833 ) ) ;
#803 = DIRECTION ( 'NONE',  ( -0.7071067811865511255, 0.000000000000000000, -0.7071067811865439090 ) ) ;
#804 = DIRECTION ( 'NONE',  ( 3.330669073875464099E-15, -0.000000000000000000, 1.000000000000000000 ) ) ;
#805 = PRESENTATION_STYLE_ASSIGNMENT (( #1585 ) ) ;
#806 = ADVANCED_FACE ( 'NONE', ( #381 ), #1972, .F. ) ;
#807 = CYLINDRICAL_SURFACE ( 'NONE', #895, 1.449999999999998401 ) ;
#808 = ORIENTED_EDGE ( 'NONE', *, *, #1988, .F. ) ;
#809 = CARTESIAN_POINT ( 'NONE',  ( -1.266729868806242054, 19.91957373201504922, 22.46443087315912024 ) ) ;
#810 = DIRECTION ( 'NONE',  ( 0.000000000000000000, 1.000000000000000000, 0.000000000000000000 ) ) ;
#811 = DIRECTION ( 'NONE',  ( -1.000000000000000000, 0.000000000000000000, 3.330669073875463705E-15 ) ) ;
#812 = LINE ( 'NONE', #334, #1135 ) ;
#813 = CARTESIAN_POINT ( 'NONE',  ( 17.21663170099801832, 19.34733028443298153, -18.12719735125248022 ) ) ;
#814 = CARTESIAN_POINT ( 'NONE',  ( -14.85866983637816396, 20.84077539386463940, 16.89586564166620164 ) ) ;
#815 = EDGE_CURVE ( 'NONE', #351, #273, #215, .T. ) ;
#816 = VERTEX_POINT ( 'NONE', #1992 ) ;
#817 = CARTESIAN_POINT ( 'NONE',  ( -15.64169648140646629, 19.24650614072063703, 16.17392718384597927 ) ) ;
#818 = FACE_OUTER_BOUND ( 'NONE', #866, .T. ) ;
#819 = CARTESIAN_POINT ( 'NONE',  ( 12.49999999999994849, 110.0000000000000000, -21.65063509461099400 ) ) ;
#820 = CARTESIAN_POINT ( 'NONE',  ( 16.17392718384603256, 19.24650614072062993, 15.64169648140641478 ) ) ;
#821 = CARTESIAN_POINT ( 'NONE',  ( 18.67321547392652192, 20.64999999999999858, -16.62260580848597158 ) ) ;
#822 =( LENGTH_UNIT ( ) NAMED_UNIT ( * ) SI_UNIT ( .MILLI., .METRE. ) );
#823 = CARTESIAN_POINT ( 'NONE',  ( -15.64182325321111477, 22.05356277026864120, 16.17380645605737399 ) ) ;
#824 = ORIENTED_EDGE ( 'NONE', *, *, #945, .T. ) ;
#825 = EDGE_CURVE ( 'NONE', #943, #2029, #374, .T. ) ;
#826 = CARTESIAN_POINT ( 'NONE',  ( 18.57505306457311178, 21.29311942374651068, -16.73226621045711582 ) ) ;
#827 = ORIENTED_EDGE ( 'NONE', *, *, #1450, .F. ) ;
#828 = CARTESIAN_POINT ( 'NONE',  ( 16.75945376599360870, 19.91924424913933578, 18.55063274558441222 ) ) ;
#829 = AXIS2_PLACEMENT_3D ( 'NONE', #1064, #1686, #1857 ) ;
#830 = DIRECTION ( 'NONE',  ( 0.000000000000000000, 1.000000000000000000, 0.000000000000000000 ) ) ;
#831 = VECTOR ( 'NONE', #1399, 1000.000000000000114 ) ;
#832 = ORIENTED_EDGE ( 'NONE', *, *, #1124, .F. ) ;
#833 = CARTESIAN_POINT ( 'NONE',  ( -24.99190774077899491, 19.34643928070831720, -0.6420891290735439849 ) ) ;
#834 = CARTESIAN_POINT ( 'NONE',  ( -14.85152577039413657, 20.64999999999999858, 16.90213543583528732 ) ) ;
#835 = VERTEX_POINT ( 'NONE', #1396 ) ;
#836 = CARTESIAN_POINT ( 'NONE',  ( 22.47046109557000904, 21.54017006118123234, -1.160495818762415476 ) ) ;
#837 = VERTEX_POINT ( 'NONE', #927 ) ;
#838 = CARTESIAN_POINT ( 'NONE',  ( 24.99771244955709548, 22.06185725580960266, 0.3805738709572380474 ) ) ;
#839 = CARTESIAN_POINT ( 'NONE',  ( -18.47946152070592163, 21.54018129493336886, -16.83828573573211784 ) ) ;
#840 = CARTESIAN_POINT ( 'NONE',  ( 16.90213543583503153, 20.45838077413023726, -14.85152577039444211 ) ) ;
#841 = FACE_OUTER_BOUND ( 'NONE', #17, .T. ) ;
#842 = CARTESIAN_POINT ( 'NONE',  ( -0.7265527709400272371, 21.90841377064923989, -24.98956462302871628 ) ) ;
#843 = CARTESIAN_POINT ( 'NONE',  ( 16.52290457333916507, 21.80312298059470066, 15.27251790418304012 ) ) ;
#844 = VERTEX_POINT ( 'NONE', #291 ) ;
#845 = LINE ( 'NONE', #246, #1301 ) ;
#846 = CARTESIAN_POINT ( 'NONE',  ( 16.70450110055959314, 21.53402852147073432, -15.07356693469400533 ) ) ;
#847 = CARTESIAN_POINT ( 'NONE',  ( -17.40694562233677090, 22.06185725580960266, -17.94515835212963850 ) ) ;
#848 = EDGE_CURVE ( 'NONE', #439, #1181, #275, .T. ) ;
#849 = CARTESIAN_POINT ( 'NONE',  ( 14.85152577039437460, 20.45838077413024436, 16.90213543583508127 ) ) ;
#850 = DIRECTION ( 'NONE',  ( -0.000000000000000000, -1.000000000000000000, -0.000000000000000000 ) ) ;
#851 = CARTESIAN_POINT ( 'NONE',  ( 0.8843878873671959795, 21.80294430311983334, 24.98447580071830032 ) ) ;
#852 = EDGE_CURVE ( 'NONE', #192, #1240, #599, .T. ) ;
#853 = CARTESIAN_POINT ( 'NONE',  ( -22.45322916642503586, 20.64999999999999858, 1.450000000000078337 ) ) ;
#854 = ORIENTED_EDGE ( 'NONE', *, *, #2043, .F. ) ;
#855 = VERTEX_POINT ( 'NONE', #2003 ) ;
#856 = CARTESIAN_POINT ( 'NONE',  ( 18.67321547392652192, 20.64999999999999858, -16.62260580848597158 ) ) ;
#857 = LINE ( 'NONE', #1185, #1304 ) ;
#858 = CARTESIAN_POINT ( 'NONE',  ( 1.449999999999999734, 20.46065277306402663, 22.45322916642504651 ) ) ;
#859 = CARTESIAN_POINT ( 'NONE',  ( 12.50000000000025047, 110.0000000000000000, 21.65063509461081992 ) ) ;
#860 = CARTESIAN_POINT ( 'NONE',  ( 1.258676383296928991, 21.37607808654921016, -22.46482807847095486 ) ) ;
#861 = VECTOR ( 'NONE', #811, 1000.000000000000000 ) ;
#862 = VECTOR ( 'NONE', #535, 1000.000000000000000 ) ;
#863 = CARTESIAN_POINT ( 'NONE',  ( -22.49938852668176281, 22.09059905109625888, 0.1901733107456297645 ) ) ;
#864 = EDGE_CURVE ( 'NONE', #1400, #569, #1769, .T. ) ;
#865 = VERTEX_POINT ( 'NONE', #893 ) ;
#866 = EDGE_LOOP ( 'NONE', ( #207, #1391, #286, #247 ) ) ;
#867 = CARTESIAN_POINT ( 'NONE',  ( 24.99999607526473611, 22.09993233214628106, 0.1897104439196375947 ) ) ;
#868 = DIRECTION ( 'NONE',  ( -0.7071067811865415775, 0.000000000000000000, 0.7071067811865534569 ) ) ;
#869 = CARTESIAN_POINT ( 'NONE',  ( 15.06992815864238189, 19.75766262175231702, 16.70823825951267239 ) ) ;
#870 = CYLINDRICAL_SURFACE ( 'NONE', #1331, 1.449999999999999956 ) ;
#871 = EDGE_CURVE ( 'NONE', #569, #44, #67, .T. ) ;
#872 = CARTESIAN_POINT ( 'NONE',  ( 1.160620560827221981, 21.53999837660909478, 24.97341207426329390 ) ) ;
#873 = CARTESIAN_POINT ( 'NONE',  ( 16.23651903821818010, 22.02616783709861181, 15.57668649224799751 ) ) ;
#874 = ORIENTED_EDGE ( 'NONE', *, *, #293, .T. ) ;
#875 = VERTEX_POINT ( 'NONE', #1558 ) ;
#876 = CARTESIAN_POINT ( 'NONE',  ( 16.77492699034721113, 21.37641663017161875, -14.99515260415236995 ) ) ;
#877 = CARTESIAN_POINT ( 'NONE',  ( -1.375816211826829782, 21.11761947877736390, 24.96214052910867309 ) ) ;
#878 = CARTESIAN_POINT ( 'NONE',  ( -12.50000000000009770, 110.0000000000000000, -21.65063509461091229 ) ) ;
#879 = CARTESIAN_POINT ( 'NONE',  ( -11.05662432702596654, 27.00000000000000000, 19.15063509461108282 ) ) ;
#880 = CARTESIAN_POINT ( 'NONE',  ( -1.449999999999999956, 20.64999999999999858, 25.00000000000000000 ) ) ;
#881 = CARTESIAN_POINT ( 'NONE',  ( 0.7304265444999805679, 21.91672972985865187, -22.48881682936840321 ) ) ;
#882 = CARTESIAN_POINT ( 'NONE',  ( -1.449999999999999734, 20.55541837876630851, -22.45322916642503941 ) ) ;
#883 = CARTESIAN_POINT ( 'NONE',  ( 18.43302654920839601, 21.60862671755550224, -16.88869486055954638 ) ) ;
#884 = ORIENTED_EDGE ( 'NONE', *, *, #335, .F. ) ;
#885 = ORIENTED_EDGE ( 'NONE', *, *, #917, .F. ) ;
#886 = CARTESIAN_POINT ( 'NONE',  ( 14.98894401112242747, 21.38057532223047019, -16.78055042302109356 ) ) ;
#887 = EDGE_CURVE ( 'NONE', #1212, #788, #116, .T. ) ;
#888 = B_SPLINE_CURVE_WITH_KNOTS ( 'NONE', 3,
 ( #360, #685, #1324, #1801, #371, #1011, #93, #1549, #1085, #1537, #1683, #407, #759, #1526, #1717, #1230, #253, #1728, #104, #279, #454, #290, #926, #562, #748, #1098, #268, #444 ),
 .UNSPECIFIED., .F., .F.,
 ( 4, 2, 2, 2, 2, 2, 2, 2, 2, 2, 2, 2, 2, 4 ),
 ( 0.000000000000000000, 0.0002834084802660878795, 0.0005668169605321757591, 0.0008502254407982636928, 0.001133633921064351518, 0.001700450881596519796, 0.002267267842128688291, 0.002550676322394772755, 0.002834084802660856786, 0.003117493282926941250, 0.003400901763193025281, 0.003967718723725185102, 0.004251127203991258291, 0.004534535684257332347 ),
 .UNSPECIFIED. ) ;
#889 = FACE_OUTER_BOUND ( 'NONE', #1320, .T. ) ;
#890 = DIRECTION ( 'NONE',  ( -0.000000000000000000, -1.000000000000000000, -0.000000000000000000 ) ) ;
#891 = CARTESIAN_POINT ( 'NONE',  ( -22.49095607273357800, 19.34733859074380291, 0.6438848239857387634 ) ) ;
#892 = CARTESIAN_POINT ( 'NONE',  ( 11.05662432702592035, 27.00000000000000000, -19.15063509461099400 ) ) ;
#893 = CARTESIAN_POINT ( 'NONE',  ( -24.99999999999999645, 110.0000000000000000, 1.745740669421566678E-13 ) ) ;
#894 = CARTESIAN_POINT ( 'NONE',  ( 0.000000000000000000, 30.00000000000000000, -22.50000000000000355 ) ) ;
#895 = AXIS2_PLACEMENT_3D ( 'NONE', #354, #1268, #1441 ) ;
#896 = CARTESIAN_POINT ( 'NONE',  ( -0.7265672009943056064, 21.90840532802339169, -22.48840413001815008 ) ) ;
#897 = CARTESIAN_POINT ( 'NONE',  ( 22.49745800603515278, 22.06185219708664746, 0.3805919186857166236 ) ) ;
#898 = ORIENTED_EDGE ( 'NONE', *, *, #13, .T. ) ;
#899 = ORIENTED_EDGE ( 'NONE', *, *, #698, .F. ) ;
#900 = CARTESIAN_POINT ( 'NONE',  ( 14.85866983637803962, 20.84077539386463940, -16.89586564166630822 ) ) ;
#901 = CARTESIAN_POINT ( 'NONE',  ( -1.450000000000000178, 20.74584836902288032, 24.95791457634231492 ) ) ;
#902 = LINE ( 'NONE', #289, #259 ) ;
#903 = CYLINDRICAL_SURFACE ( 'NONE', #1107, 1.449999999999999956 ) ;
#904 = CARTESIAN_POINT ( 'NONE',  ( -1.152944481343564531, 19.76561234927689625, -24.97345553552737840 ) ) ;
#905 = DIRECTION ( 'NONE',  ( -1.040834085586082363E-14, 0.000000000000000000, -1.000000000000000000 ) ) ;
#906 = CARTESIAN_POINT ( 'NONE',  ( 22.11324865405195439, 110.0000000000000000, 1.433315272025836862E-13 ) ) ;
#907 = CARTESIAN_POINT ( 'NONE',  ( 25.00000000000025580, 20.64999999999999858, -1.450000000000261746 ) ) ;
#908 = ORIENTED_EDGE ( 'NONE', *, *, #1626, .F. ) ;
#909 = ORIENTED_EDGE ( 'NONE', *, *, #1157, .F. ) ;
#910 = CARTESIAN_POINT ( 'NONE',  ( -16.62260580848563762, 20.64999999999999858, 18.67321547392680614 ) ) ;
#911 = CARTESIAN_POINT ( 'NONE',  ( 25.00000905255602390, 19.19984392139581786, 0.1901380239086672141 ) ) ;
#912 = CARTESIAN_POINT ( 'NONE',  ( -22.49750484562735409, 19.23738105445973545, -0.3784141784448575851 ) ) ;
#913 = CARTESIAN_POINT ( 'NONE',  ( -12.49999999999979750, 40.00000000000017764, 21.65063509461107927 ) ) ;
#914 = CARTESIAN_POINT ( 'NONE',  ( -24.99771244955710259, 22.06185725580960622, -0.3805738709574134626 ) ) ;
#915 = EDGE_CURVE ( 'NONE', #171, #1368, #128, .T. ) ;
#916 = CARTESIAN_POINT ( 'NONE',  ( 26.02530483272020589, 20.64999999999999858, -23.97469516727982963 ) ) ;
#917 = EDGE_CURVE ( 'NONE', #273, #1616, #1405, .T. ) ;
#918 = DIRECTION ( 'NONE',  ( -0.000000000000000000, -1.000000000000000000, -0.000000000000000000 ) ) ;
#919 = CARTESIAN_POINT ( 'NONE',  ( 17.15468928187956621, 21.91724442323200250, 18.18645374514129642 ) ) ;
#920 = EDGE_LOOP ( 'NONE', ( #227, #1825 ) ) ;
#921 = PRODUCT ( 'Hexagon', 'Hexagon', '', ( #140 ) ) ;
#922 = ORIENTED_EDGE ( 'NONE', *, *, #1975, .F. ) ;
#923 = CARTESIAN_POINT ( 'NONE',  ( -18.43302654920852390, 21.60862671755550579, 16.88869486055942204 ) ) ;
#924 = CARTESIAN_POINT ( 'NONE',  ( -1.403722605715626015, 21.02549478503645020, 24.96056697568544180 ) ) ;
#925 = DIRECTION ( 'NONE',  ( 0.4999999999999951150, 0.000000000000000000, -0.8660254037844414832 ) ) ;
#926 = CARTESIAN_POINT ( 'NONE',  ( -16.78055042302093014, 21.38057532223046664, -14.98894401112260155 ) ) ;
#927 = CARTESIAN_POINT ( 'NONE',  ( -12.49999999999980105, 40.00000000000017764, 21.65063509461108282 ) ) ;
#928 = CARTESIAN_POINT ( 'NONE',  ( 0.4669604844241950770, 22.02603478127597469, 22.49532519603051739 ) ) ;
#929 = CARTESIAN_POINT ( 'NONE',  ( 1.449999999999999956, 20.64999999999999858, -22.45322916642504296 ) ) ;
#930 = DIRECTION ( 'NONE',  ( -1.000000000000000000, -0.000000000000000000, 1.047444401652940007E-14 ) ) ;
#931 = EDGE_LOOP ( 'NONE', ( #755, #340, #732, #504 ) ) ;
#932 = ADVANCED_FACE ( 'NONE', ( #265 ), #746, .F. ) ;
#933 = VECTOR ( 'NONE', #80, 1000.000000000000000 ) ;
#934 = CIRCLE ( 'NONE', #1196, 22.50000000000000355 ) ;
#935 = ORIENTED_EDGE ( 'NONE', *, *, #852, .F. ) ;
#936 = CARTESIAN_POINT ( 'NONE',  ( 16.52796992350226546, 21.80921761316484719, -15.26742095726196702 ) ) ;
#937 = VECTOR ( 'NONE', #1013, 1000.000000000000000 ) ;
#938 = CARTESIAN_POINT ( 'NONE',  ( -16.57271257263042230, 19.55712889155461198, 15.21839965619903978 ) ) ;
#939 = CARTESIAN_POINT ( 'NONE',  ( -1.450000000000000400, 20.74585349424560476, 22.45322916642505007 ) ) ;
#940 = PLANE ( 'NONE',  #665 ) ;
#941 = CARTESIAN_POINT ( 'NONE',  ( 22.45580141718207656, 20.26801626289494607, 1.411471652449248104 ) ) ;
#942 = DIRECTION ( 'NONE',  ( 0.000000000000000000, 0.000000000000000000, 1.000000000000000000 ) ) ;
#943 = VERTEX_POINT ( 'NONE', #630 ) ;
#944 = B_SPLINE_CURVE_WITH_KNOTS ( 'NONE', 3,
 ( #1752, #1138, #3, #1762, #1772, #990, #981, #1456, #645, #1286, #486, #1940, #1914, #1622, #1466, #1741, #952, #796, #1430, #2074, #636, #1278, #477, #1120 ),
 .UNSPECIFIED., .F., .F.,
 ( 4, 2, 2, 2, 2, 2, 2, 2, 2, 2, 2, 4 ),
 ( 0.004534312584917971241, 0.005100972053355630302, 0.005667631521793288496, 0.005950961256012111955, 0.006234290990230935414, 0.006517620724449758873, 0.006800950458668582332, 0.007367609927106229251, 0.007650939661325057914, 0.007934269395543886577, 0.008500928863981547373, 0.009067588332419211639 ),
 .UNSPECIFIED. ) ;
#945 = EDGE_CURVE ( 'NONE', #439, #272, #483, .T. ) ;
#946 = ORIENTED_EDGE ( 'NONE', *, *, #1390, .F. ) ;
#947 = CARTESIAN_POINT ( 'NONE',  ( 0.000000000000000000, 30.00000000000000000, -22.50000000000000355 ) ) ;
#948 = DIRECTION ( 'NONE',  ( -0.000000000000000000, -1.000000000000000000, -0.000000000000000000 ) ) ;
#949 = CARTESIAN_POINT ( 'NONE',  ( 24.95846608363434171, 20.84004748575756238, 1.440594094263791813 ) ) ;
#950 = CARTESIAN_POINT ( 'NONE',  ( 1.449999999999999956, 20.64999999999999858, 24.95791457634231492 ) ) ;
#951 = CARTESIAN_POINT ( 'NONE',  ( 18.29107553703519429, 19.49594403330492653, -17.04238154066279165 ) ) ;
#952 = CARTESIAN_POINT ( 'NONE',  ( -17.15738044098873516, 19.39092837485024035, -18.18324803994677197 ) ) ;
#953 = CARTESIAN_POINT ( 'NONE',  ( -14.88654882039493899, 21.02662389163468859, 16.87130727909752181 ) ) ;
#954 = CARTESIAN_POINT ( 'NONE',  ( 16.52328743235777608, 19.49728280979001482, 15.27210497110894849 ) ) ;
#955 = ORIENTED_EDGE ( 'NONE', *, *, #635, .T. ) ;
#956 = CARTESIAN_POINT ( 'NONE',  ( -1.449999999999999956, 20.64999999999999858, 22.45322916642504296 ) ) ;
#957 = CARTESIAN_POINT ( 'NONE',  ( -15.06908053399565262, 19.75917606119070769, 16.70900032753681685 ) ) ;
#958 = DIRECTION ( 'NONE',  ( 9.570888143320315493E-15, 0.000000000000000000, 1.000000000000000000 ) ) ;
#959 = EDGE_CURVE ( 'NONE', #44, #943, #1887, .T. ) ;
#960 = CARTESIAN_POINT ( 'NONE',  ( -12.49999999999980105, 40.00000000000017764, 21.65063509461108282 ) ) ;
#961 = FACE_OUTER_BOUND ( 'NONE', #66, .T. ) ;
#962 = CARTESIAN_POINT ( 'NONE',  ( 2.755455298081545172E-15, 30.00000000000000000, 22.50000000000000355 ) ) ;
#963 = CARTESIAN_POINT ( 'NONE',  ( -1.158761373138378348, 19.75807136543955878, 24.97348984962764717 ) ) ;
#964 = EDGE_LOOP ( 'NONE', ( #496, #997 ) ) ;
#965 = AXIS2_PLACEMENT_3D ( 'NONE', #91, #2032, #1073 ) ;
#966 = FACE_OUTER_BOUND ( 'NONE', #318, .T. ) ;
#967 = VECTOR ( 'NONE', #139, 1000.000000000000000 ) ;
#968 = CARTESIAN_POINT ( 'NONE',  ( -15.21722817131538541, 19.55852982641097171, 16.57378764204318955 ) ) ;
#969 = CARTESIAN_POINT ( 'NONE',  ( 0.000000000000000000, 20.64999999999999858, 25.00000000000000000 ) ) ;
#970 = VECTOR ( 'NONE', #1910, 1000.000000000000000 ) ;
#971 = B_SPLINE_CURVE_WITH_KNOTS ( 'NONE', 3,
 ( #1455, #1146, #1575, #1429, #2072, #1780, #89, #213, #1970, #1178, #193, #39, #50, #571, #352, #833, #674, #1167, #1215, #1333, #1812, #1021, #1652, #2040 ),
 .UNSPECIFIED., .F., .F.,
 ( 4, 2, 2, 2, 2, 2, 2, 2, 2, 2, 2, 4 ),
 ( 0.004534312584917974710, 0.005100972053355634639, 0.005667631521793294568, 0.005950961256012120629, 0.006234290990230945823, 0.006517620724449771884, 0.006800950458668597945, 0.007367609927106250067, 0.007650939661325076996, 0.007934269395543903924, 0.008500928863981559516, 0.009067588332419215108 ),
 .UNSPECIFIED. ) ;
#972 = CARTESIAN_POINT ( 'NONE',  ( 0.000000000000000000, 36.65063509461108993, -25.00000000000000000 ) ) ;
#973 = VECTOR ( 'NONE', #314, 1000.000000000000114 ) ;
#974 = CARTESIAN_POINT ( 'NONE',  ( 16.98643519662386581, 19.55853030592677300, -18.34299560218570235 ) ) ;
#975 = CARTESIAN_POINT ( 'NONE',  ( -14.90715029419957105, 21.11702381800047235, 16.85313617322233171 ) ) ;
#976 = VERTEX_POINT ( 'NONE', #800 ) ;
#977 = CARTESIAN_POINT ( 'NONE',  ( -16.78034226122109374, 19.91923008135477957, 14.98917553135802372 ) ) ;
#978 = DIRECTION ( 'NONE',  ( -0.5000000000000011102, 0.000000000000000000, -0.8660254037844380415 ) ) ;
#979 = DIRECTION ( 'NONE',  ( -1.000000000000000000, -0.000000000000000000, 1.047444401652940007E-14 ) ) ;
#980 = CARTESIAN_POINT ( 'NONE',  ( 17.81212381685462987, 19.19984392139582141, -17.54322804472023734 ) ) ;
#981 = CARTESIAN_POINT ( 'NONE',  ( -18.29227674958238481, 19.49728308524755604, -17.04109236212439882 ) ) ;
#982 = DIRECTION ( 'NONE',  ( 0.000000000000000000, 1.000000000000000000, 0.000000000000000000 ) ) ;
#983 = EDGE_CURVE ( 'NONE', #865, #1689, #2056, .T. ) ;
#984 = ORIENTED_EDGE ( 'NONE', *, *, #1242, .F. ) ;
#985 = CARTESIAN_POINT ( 'NONE',  ( 17.04151034852032609, 21.80312911125771791, -18.29188625470549923 ) ) ;
#986 = CARTESIAN_POINT ( 'NONE',  ( 17.21792186099942157, 19.34643928070831720, 18.12597301558737684 ) ) ;
#987 = CARTESIAN_POINT ( 'NONE',  ( -17.15468928187944186, 21.91724442323200250, -18.18645374514142077 ) ) ;
#988 = ORIENTED_EDGE ( 'NONE', *, *, #1288, .F. ) ;
#989 = B_SPLINE_CURVE_WITH_KNOTS ( 'NONE', 3,
 ( #323, #1292, #1300, #1312, #1738, #465, #484, #1935, #498, #631, #1143, #2081, #490, #1591, #349, #986, #792, #1132, #1283, #1619, #828, #1275, #1462, #27 ),
 .UNSPECIFIED., .F., .F.,
 ( 4, 2, 2, 2, 2, 2, 2, 2, 2, 2, 2, 4 ),
 ( 0.004534312584917972976, 0.005100972053355639843, 0.005667631521793307578, 0.005950961256012135374, 0.006234290990230963170, 0.006517620724449790098, 0.006800950458668618762, 0.007367609927106273486, 0.007650939661325099547, 0.007934269395543924741, 0.008500928863981569925, 0.009067588332419215108 ),
 .UNSPECIFIED. ) ;
#990 = CARTESIAN_POINT ( 'NONE',  ( -18.34299560218551406, 19.55853030592676944, -16.98643519662405410 ) ) ;
#991 = CARTESIAN_POINT ( 'NONE',  ( -15.84337768672400948, 22.10003375933952441, 15.97643054343611269 ) ) ;
#992 = B_SPLINE_CURVE_WITH_KNOTS ( 'NONE', 3,
 ( #1605, #18, #144, #1903, #1596, #1128, #1913, #1277, #1447, #661, #1751, #622, #1110, #1439, #476, #1285, #1419, #1922, #166, #336, #1137, #941, #1306, #485 ),
 .UNSPECIFIED., .F., .F.,
 ( 4, 2, 2, 2, 2, 2, 2, 2, 2, 2, 2, 4 ),
 ( 0.004534535684257336684, 0.005101222633952428621, 0.005667909583647520559, 0.005951253058495069997, 0.006234596533342619436, 0.006517940008190168874, 0.006801283483037717445, 0.007367970432732815454, 0.007651313907580363158, 0.007934657382427909994, 0.008501344332123010605, 0.009068031281818112951 ),
 .UNSPECIFIED. ) ;
#993 = APPLICATION_PROTOCOL_DEFINITION ( 'draft international standard', 'automotive_design', 1998, #98 ) ;
#994 = EDGE_LOOP ( 'NONE', ( #1657, #529, #898, #112 ) ) ;
#995 = ADVANCED_FACE ( 'NONE', ( #1291, #464 ), #2067, .T. ) ;
#996 = CARTESIAN_POINT ( 'NONE',  ( 22.45322916642502875, 20.64999999999999858, -1.450000000000235101 ) ) ;
#997 = ORIENTED_EDGE ( 'NONE', *, *, #564, .T. ) ;
#998 = CARTESIAN_POINT ( 'NONE',  ( -25.00000000000011369, 39.99999999999997868, -2.432811924670063494E-14 ) ) ;
#999 = CARTESIAN_POINT ( 'NONE',  ( -18.34173955483559126, 21.74319718794887280, -16.98779506751634827 ) ) ;
#1000 = AXIS2_PLACEMENT_3D ( 'NONE', #1881, #270, #410 ) ;
#1001 = ORIENTED_EDGE ( 'NONE', *, *, #825, .T. ) ;
#1002 = DIRECTION ( 'NONE',  ( -0.000000000000000000, -1.000000000000000000, -0.000000000000000000 ) ) ;
#1003 = DIRECTION ( 'NONE',  ( -0.5000000000000011102, 0.000000000000000000, -0.8660254037844379305 ) ) ;
#1004 = CARTESIAN_POINT ( 'NONE',  ( 15.77574594554262433, 22.09993220281347703, 16.04405302893837870 ) ) ;
#1005 = VERTEX_POINT ( 'NONE', #2080 ) ;
#1006 = EDGE_CURVE ( 'NONE', #835, #1635, #406, .T. ) ;
#1007 = CARTESIAN_POINT ( 'NONE',  ( -12.50000000000009770, 40.00000000000017764, -21.65063509461091229 ) ) ;
#1008 = ADVANCED_FACE ( 'NONE', ( #1602 ), #641, .F. ) ;
#1009 = DIRECTION ( 'NONE',  ( -0.000000000000000000, -1.000000000000000000, -0.000000000000000000 ) ) ;
#1010 = CARTESIAN_POINT ( 'NONE',  ( 15.57527872324554252, 19.27449952282071877, -16.23786886957167752 ) ) ;
#1011 = CARTESIAN_POINT ( 'NONE',  ( -14.96183318334420065, 21.29313537457845484, -16.80460882141672130 ) ) ;
#1012 = PLANE ( 'NONE',  #88 ) ;
#1013 = DIRECTION ( 'NONE',  ( -0.000000000000000000, -0.000000000000000000, -1.000000000000000000 ) ) ;
#1014 = ORIENTED_EDGE ( 'NONE', *, *, #153, .T. ) ;
#1015 = CARTESIAN_POINT ( 'NONE',  ( 22.46226655573564202, 21.29313537457845484, 1.303039149886250803 ) ) ;
#1016 = VERTEX_POINT ( 'NONE', #1117 ) ;
#1017 = CARTESIAN_POINT ( 'NONE',  ( 16.90213543583503153, 20.74583159383276509, -14.85152577039443855 ) ) ;
#1018 = FACE_BOUND ( 'NONE', #1816, .T. ) ;
#1019 = CARTESIAN_POINT ( 'NONE',  ( 15.21722817131526639, 19.55852982641097526, -16.57378764204329258 ) ) ;
#1020 = EDGE_CURVE ( 'NONE', #1105, #1885, #587, .T. ) ;
#1021 = CARTESIAN_POINT ( 'NONE',  ( -24.96022827213427675, 20.26803843530321814, -1.411478090150386722 ) ) ;
#1022 = DIRECTION ( 'NONE',  ( 0.7071067811865487940, -0.000000000000000000, 0.7071067811865463515 ) ) ;
#1023 = CARTESIAN_POINT ( 'NONE',  ( 1.449999999999999956, 20.64999999999999858, -22.45322916642504296 ) ) ;
#1024 = CARTESIAN_POINT ( 'NONE',  ( -22.46442494925117117, 21.38057532223046309, 1.266857043070644062 ) ) ;
#1025 = EDGE_LOOP ( 'NONE', ( #1161, #1645, #138, #1983, #1754, #472 ) ) ;
#1026 = ORIENTED_EDGE ( 'NONE', *, *, #1783, .F. ) ;
#1027 = CARTESIAN_POINT ( 'NONE',  ( -11.05662432702596654, 110.0000000000000000, 19.15063509461108282 ) ) ;
#1028 = EDGE_CURVE ( 'NONE', #329, #1544, #663, .T. ) ;
#1029 = CARTESIAN_POINT ( 'NONE',  ( 0.000000000000000000, 27.00000000000000000, 0.000000000000000000 ) ) ;
#1030 = CARTESIAN_POINT ( 'NONE',  ( 0.3754038070851379305, 19.24625127511436062, 22.49705918861315368 ) ) ;
#1031 = CARTESIAN_POINT ( 'NONE',  ( -14.85152577039425204, 20.64999999999999858, -16.90213543583518430 ) ) ;
#1032 = CARTESIAN_POINT ( 'NONE',  ( 25.00000000000000000, 110.0000000000000000, 0.000000000000000000 ) ) ;
#1033 = VECTOR ( 'NONE', #1572, 1000.000000000000000 ) ;
#1034 = CARTESIAN_POINT ( 'NONE',  ( -22.45791393354137355, 21.11702381800047590, 1.376019811150223759 ) ) ;
#1035 = ORIENTED_EDGE ( 'NONE', *, *, #1136, .F. ) ;
#1036 = EDGE_LOOP ( 'NONE', ( #217, #471, #402, #1339 ) ) ;
#1037 = CARTESIAN_POINT ( 'NONE',  ( 24.98954979995799874, 21.90811294858030678, -0.7270340495661858915 ) ) ;
#1038 = CARTESIAN_POINT ( 'NONE',  ( -0.3801565038279690611, 22.06197545063060872, 24.99771921258936658 ) ) ;
#1039 = CARTESIAN_POINT ( 'NONE',  ( -14.85152577039425204, 20.64999999999999858, -16.90213543583518430 ) ) ;
#1040 = CARTESIAN_POINT ( 'NONE',  ( -14.85152577039425204, 20.45838077413024081, -16.90213543583518785 ) ) ;
#1041 = CARTESIAN_POINT ( 'NONE',  ( -0.9588073626590800647, 21.74185058923551495, -24.98169664725130446 ) ) ;
#1042 = CARTESIAN_POINT ( 'NONE',  ( -22.45322916642504296, 20.64999999999999858, -1.449999999999921352 ) ) ;
#1043 = EDGE_LOOP ( 'NONE', ( #1080, #425, #780, #1789, #415, #1985 ) ) ;
#1044 = EDGE_CURVE ( 'NONE', #1847, #34, #845, .T. ) ;
#1045 = ORIENTED_EDGE ( 'NONE', *, *, #1442, .T. ) ;
#1046 = CARTESIAN_POINT ( 'NONE',  ( 15.27251790418298150, 21.80312298059470066, -16.52290457333922546 ) ) ;
#1047 = DIRECTION ( 'NONE',  ( 0.8660254037844415942, -0.000000000000000000, 0.4999999999999950595 ) ) ;
#1048 = CARTESIAN_POINT ( 'NONE',  ( 1.449999999999999956, 20.64999999999999858, -24.95791457634231136 ) ) ;
#1049 = CARTESIAN_POINT ( 'NONE',  ( -22.48838638837022685, 19.39191008746354683, 0.7271144808403455784 ) ) ;
#1050 = PLANE ( 'NONE',  #1568 ) ;
#1051 = CARTESIAN_POINT ( 'NONE',  ( -0.7304178689849317729, 19.38305749195972894, -24.98994531378851036 ) ) ;
#1052 = PRODUCT_DEFINITION_SHAPE ( 'NONE', 'NONE',  #1942 ) ;
#1053 = CARTESIAN_POINT ( 'NONE',  ( 0.6424949144400513568, 21.95335110320034389, 22.49099615521949502 ) ) ;
#1054 = CARTESIAN_POINT ( 'NONE',  ( -16.62260580848563407, 20.46075416354774745, 18.67321547392680259 ) ) ;
#1055 = CARTESIAN_POINT ( 'NONE',  ( 18.54518905246003513, 21.37640257111855746, -16.76540302671326543 ) ) ;
#1056 = ORIENTED_EDGE ( 'NONE', *, *, #1267, .T. ) ;
#1057 = ORIENTED_EDGE ( 'NONE', *, *, #848, .T. ) ;
#1058 = CARTESIAN_POINT ( 'NONE',  ( -17.54281500147104111, 22.09060030914360695, 17.81174587776325424 ) ) ;
#1059 = CARTESIAN_POINT ( 'NONE',  ( 24.97344986746139028, 19.75917930020669289, -1.159601276739280262 ) ) ;
#1060 = CARTESIAN_POINT ( 'NONE',  ( -22.50000998767489335, 19.19984501878679239, -0.1901758767496601055 ) ) ;
#1061 = CARTESIAN_POINT ( 'NONE',  ( 0.7304096891446330009, 21.91673981543154071, -24.98993606733653650 ) ) ;
#1062 = CARTESIAN_POINT ( 'NONE',  ( -25.00000195432079053, 22.10003369518804917, 0.09407836044048999147 ) ) ;
#1063 = FACE_OUTER_BOUND ( 'NONE', #546, .T. ) ;
#1064 = CARTESIAN_POINT ( 'NONE',  ( 0.000000000000000000, 30.00000000000000000, 0.000000000000000000 ) ) ;
#1065 = CARTESIAN_POINT ( 'NONE',  ( 16.65718873035149272, 21.02541092453957461, 18.64238193455453185 ) ) ;
#1066 = ORIENTED_EDGE ( 'NONE', *, *, #1028, .F. ) ;
#1067 = VECTOR ( 'NONE', #1989, 999.9999999999998863 ) ;
#1068 = ORIENTED_EDGE ( 'NONE', *, *, #1442, .F. ) ;
#1069 = CARTESIAN_POINT ( 'NONE',  ( 26.02530483272069972, 20.64999999999999858, 23.97469516727928251 ) ) ;
#1070 = ADVANCED_FACE ( 'NONE', ( #356 ), #1965, .F. ) ;
#1071 = CARTESIAN_POINT ( 'NONE',  ( -1.091850805417459824, 21.60880711528351128, 24.97623564966127674 ) ) ;
#1072 = CARTESIAN_POINT ( 'NONE',  ( 1.403754256254658772, 20.27461692742750898, -24.96056519278785402 ) ) ;
#1073 = DIRECTION ( 'NONE',  ( -0.5000000000000011102, 0.000000000000000000, -0.8660254037844380415 ) ) ;
#1074 = EDGE_CURVE ( 'NONE', #1240, #26, #1892, .T. ) ;
#1075 = CARTESIAN_POINT ( 'NONE',  ( 25.00000000000000355, 40.00000000000017764, 1.734723475976807094E-15 ) ) ;
#1076 = CARTESIAN_POINT ( 'NONE',  ( -24.96056579012876497, 21.02541092453957816, -1.403743576657549008 ) ) ;
#1077 = CARTESIAN_POINT ( 'NONE',  ( 16.90213543583533706, 20.64999999999999858, 14.85152577039407795 ) ) ;
#1078 = CARTESIAN_POINT ( 'NONE',  ( -17.04109236212433487, 19.49728308524755960, 18.29227674958244521 ) ) ;
#1079 = CARTESIAN_POINT ( 'NONE',  ( 16.76540302671319438, 21.37640257111855391, 18.54518905246008842 ) ) ;
#1080 = ORIENTED_EDGE ( 'NONE', *, *, #1280, .F. ) ;
#1081 = EDGE_LOOP ( 'NONE', ( #1057, #616 ) ) ;
#1082 = CARTESIAN_POINT ( 'NONE',  ( -18.66695446874360087, 20.84004748575755883, 16.62964676276098075 ) ) ;
#1083 = PLANE ( 'NONE',  #771 ) ;
#1084 = FACE_BOUND ( 'NONE', #1081, .T. ) ;
#1085 = CARTESIAN_POINT ( 'NONE',  ( -15.11906187889738717, 21.60863183725304637, -16.66338654120708895 ) ) ;
#1086 = CARTESIAN_POINT ( 'NONE',  ( -1.449999999999999956, 20.64999999999999858, -24.95791457634231492 ) ) ;
#1087 = EDGE_CURVE ( 'NONE', #1794, #1347, #1838, .T. ) ;
#1088 = CARTESIAN_POINT ( 'NONE',  ( -0.3765401785602767171, 19.24654280818543839, -22.49704091786665217 ) ) ;
#1089 = CARTESIAN_POINT ( 'NONE',  ( -16.98643519662399726, 19.55853030592676234, 18.34299560218558156 ) ) ;
#1090 = CARTESIAN_POINT ( 'NONE',  ( 18.62388780166667601, 21.11700723971262761, 16.67789348513802139 ) ) ;
#1091 = ORIENTED_EDGE ( 'NONE', *, *, #1511, .T. ) ;
#1092 = ORIENTED_EDGE ( 'NONE', *, *, #1350, .T. ) ;
#1093 = CARTESIAN_POINT ( 'NONE',  ( 12.50000000000025047, 110.0000000000000000, 21.65063509461081992 ) ) ;
#1094 = CARTESIAN_POINT ( 'NONE',  ( -14.85152577039413657, 20.64999999999999858, 16.90213543583528732 ) ) ;
#1095 = CARTESIAN_POINT ( 'NONE',  ( -1.440588855101801347, 20.84009969470261936, 22.45384254347001729 ) ) ;
#1096 = EDGE_CURVE ( 'NONE', #1520, #26, #1577, .T. ) ;
#1097 = B_SPLINE_CURVE_WITH_KNOTS ( 'NONE', 3,
 ( #1497, #63, #1949, #523, #708, #717, #1516, #1315, #675, #1971, #389, #552, #40, #1187, #534, #1979, #1168, #1790, #1197, #1834, #398, #1958, #1040, #1031 ),
 .UNSPECIFIED., .F., .F.,
 ( 4, 2, 2, 2, 2, 2, 2, 2, 2, 2, 2, 4 ),
 ( 0.004534535684257332347, 0.005101222633952423417, 0.005667909583647513620, 0.005951253058495061324, 0.006234596533342609027, 0.006517940008190156731, 0.006801283483037704435, 0.007367970432732807648, 0.007651313907580358821, 0.007934657382427909994, 0.008501344332123007136, 0.009068031281818102543 ),
 .UNSPECIFIED. ) ;
#1098 = CARTESIAN_POINT ( 'NONE',  ( -16.89586564166615190, 20.84077539386463584, -14.85866983637821903 ) ) ;
#1099 = CARTESIAN_POINT ( 'NONE',  ( -0.1907256600624245568, 19.20948021239863124, -24.99944509457456832 ) ) ;
#1100 = CARTESIAN_POINT ( 'NONE',  ( -12.49999999999979750, 110.0000000000000000, 21.65063509461107927 ) ) ;
#1101 = DIRECTION ( 'NONE',  ( 0.000000000000000000, 1.000000000000000000, 0.000000000000000000 ) ) ;
#1102 = CARTESIAN_POINT ( 'NONE',  ( -12.49999999999979750, 110.0000000000000000, 21.65063509461107927 ) ) ;
#1103 = ORIENTED_EDGE ( 'NONE', *, *, #864, .T. ) ;
#1104 = AXIS2_PLACEMENT_3D ( 'NONE', #368, #1976, #1482 ) ;
#1105 = VERTEX_POINT ( 'NONE', #1388 ) ;
#1106 = CARTESIAN_POINT ( 'NONE',  ( 1.303029608720740251, 20.00685253935226626, -22.46226708496149627 ) ) ;
#1107 = AXIS2_PLACEMENT_3D ( 'NONE', #1246, #1207, #1879 ) ;
#1108 = CARTESIAN_POINT ( 'NONE',  ( -15.84141221989453996, 19.20007820838486978, 15.97838580573044887 ) ) ;
#1109 = DIRECTION ( 'NONE',  ( -1.000000000000000000, 0.000000000000000000, 0.000000000000000000 ) ) ;
#1110 = CARTESIAN_POINT ( 'NONE',  ( 22.49999495990574516, 19.20007820838487334, -0.09685495138812143245 ) ) ;
#1111 = PLANE ( 'NONE',  #1599 ) ;
#1112 = DIRECTION ( 'NONE',  ( -0.5000000000000068834, 0.000000000000000000, -0.8660254037844345998 ) ) ;
#1113 = EDGE_LOOP ( 'NONE', ( #689, #722 ) ) ;
#1114 = ORIENTED_EDGE ( 'NONE', *, *, #724, .T. ) ;
#1115 = EDGE_CURVE ( 'NONE', #1689, #837, #1260, .T. ) ;
#1116 = CARTESIAN_POINT ( 'NONE',  ( -1.450000000000000400, 20.45847907112460717, 22.45322916642504296 ) ) ;
#1117 = CARTESIAN_POINT ( 'NONE',  ( 2.755455298081545172E-15, 27.00000000000000000, 22.50000000000000355 ) ) ;
#1118 = CARTESIAN_POINT ( 'NONE',  ( -25.00000000000020250, 20.64999999999999858, 8.728703347107904070E-14 ) ) ;
#1119 = CARTESIAN_POINT ( 'NONE',  ( 1.411968863954208508, 20.26980547926989118, 24.96020002859057030 ) ) ;
#1120 = CARTESIAN_POINT ( 'NONE',  ( -16.62260580848576907, 20.64999999999999858, -18.67321547392669601 ) ) ;
#1121 = CARTESIAN_POINT ( 'NONE',  ( -0.7260728619881516854, 19.39132087773833746, 24.98957824666174332 ) ) ;
#1122 = ORIENTED_EDGE ( 'NONE', *, *, #564, .F. ) ;
#1123 = CARTESIAN_POINT ( 'NONE',  ( 0.000000000000000000, 30.00000000000000000, 0.000000000000000000 ) ) ;
#1124 = EDGE_CURVE ( 'NONE', #1005, #1600, #1411, .T. ) ;
#1125 = CARTESIAN_POINT ( 'NONE',  ( 0.000000000000000000, 110.0000000000000000, 0.000000000000000000 ) ) ;
#1126 = CARTESIAN_POINT ( 'NONE',  ( 24.97622873202898219, 21.60862671755550934, 1.092007409444920141 ) ) ;
#1127 = CARTESIAN_POINT ( 'NONE',  ( 0.000000000000000000, 36.65063509461108993, -25.00000000000000000 ) ) ;
#1128 = CARTESIAN_POINT ( 'NONE',  ( 22.47964286243460563, 19.55852982641097171, -0.9592324008345823882 ) ) ;
#1129 = CARTESIAN_POINT ( 'NONE',  ( -15.57668649224805790, 22.02616783709861892, 16.23651903821813391 ) ) ;
#1130 = VERTEX_POINT ( 'NONE', #459 ) ;
#1131 = CARTESIAN_POINT ( 'NONE',  ( -16.87671063596745924, 20.26801626289494607, 14.88058828216840368 ) ) ;
#1132 = CARTESIAN_POINT ( 'NONE',  ( 17.04238154066272060, 19.49594403330494075, 18.29107553703526179 ) ) ;
#1133 = VECTOR ( 'NONE', #850, 1000.000000000000000 ) ;
#1134 = CARTESIAN_POINT ( 'NONE',  ( 12.49999999999994849, 40.00000000000017764, -21.65063509461099400 ) ) ;
#1135 = VECTOR ( 'NONE', #1902, 1000.000000000000000 ) ;
#1136 = EDGE_CURVE ( 'NONE', #788, #1348, #337, .T. ) ;
#1137 = CARTESIAN_POINT ( 'NONE',  ( 22.46444146615937143, 19.91923008135478668, 1.266546140921792629 ) ) ;
#1138 = CARTESIAN_POINT ( 'NONE',  ( -18.67321547392675285, 20.46075416354775101, -16.62260580848570157 ) ) ;
#1139 = CARTESIAN_POINT ( 'NONE',  ( -14.98894401112254648, 21.38057532223046664, 16.78055042302097988 ) ) ;
#1140 = PRODUCT_RELATED_PRODUCT_CATEGORY ( 'part', '', ( #921 ) ) ;
#1141 = ORIENTED_EDGE ( 'NONE', *, *, #655, .T. ) ;
#1142 = CARTESIAN_POINT ( 'NONE',  ( 22.48275884454713491, 21.80312298059470066, -0.8841568928655999526 ) ) ;
#1143 = CARTESIAN_POINT ( 'NONE',  ( 17.94189372937004023, 19.24650251432829862, 17.40968231922374443 ) ) ;
#1144 = DIRECTION ( 'NONE',  ( 0.7071067811865487940, -0.000000000000000000, 0.7071067811865463515 ) ) ;
#1145 = ORIENTED_EDGE ( 'NONE', *, *, #1483, .F. ) ;
#1146 = CARTESIAN_POINT ( 'NONE',  ( -24.95791457634231136, 20.46075416354774745, 1.450000000000087441 ) ) ;
#1147 = ADVANCED_FACE ( 'NONE', ( #741 ), #470, .F. ) ;
#1148 = CARTESIAN_POINT ( 'NONE',  ( -16.41790714161093234, 21.91723634275234289, 15.38612335942114662 ) ) ;
#1149 = ORIENTED_EDGE ( 'NONE', *, *, #335, .T. ) ;
#1150 = CARTESIAN_POINT ( 'NONE',  ( 22.45322916642502165, 20.74464678175478483, -1.450000000000235101 ) ) ;
#1151 = ORIENTED_EDGE ( 'NONE', *, *, #1758, .T. ) ;
#1152 = CARTESIAN_POINT ( 'NONE',  ( 24.98448434049470990, 21.80312911125772501, -0.8841492822957651709 ) ) ;
#1153 = CARTESIAN_POINT ( 'NONE',  ( 0.7264248703262363716, 19.39150771015350472, 24.98956851464514628 ) ) ;
#1154 = EDGE_LOOP ( 'NONE', ( #984, #547 ) ) ;
#1155 = DIRECTION ( 'NONE',  ( -0.000000000000000000, -0.000000000000000000, -1.000000000000000000 ) ) ;
#1156 = CARTESIAN_POINT ( 'NONE',  ( -1.411517613308475250, 20.26823296727937063, 24.96022582533732503 ) ) ;
#1157 = EDGE_CURVE ( 'NONE', #1400, #383, #2038, .T. ) ;
#1158 = CARTESIAN_POINT ( 'NONE',  ( 15.38612335942119813, 21.91723634275233934, 16.41790714161087550 ) ) ;
#1159 = ORIENTED_EDGE ( 'NONE', *, *, #1006, .T. ) ;
#1160 = CARTESIAN_POINT ( 'NONE',  ( 22.45791393354135224, 21.11702381800047590, -1.376019811150379857 ) ) ;
#1161 = ORIENTED_EDGE ( 'NONE', *, *, #635, .F. ) ;
#1162 = CARTESIAN_POINT ( 'NONE',  ( 16.89591728798738046, 20.84005662128004133, -14.85861096818680416 ) ) ;
#1163 = CARTESIAN_POINT ( 'NONE',  ( -16.62260580848576907, 20.64999999999999858, -18.67321547392669601 ) ) ;
#1164 = PRESENTATION_LAYER_ASSIGNMENT (  '', '', ( #1200 ) ) ;
#1165 = CARTESIAN_POINT ( 'NONE',  ( 15.27210497110888987, 19.49728280979001838, -16.52328743235783648 ) ) ;
#1166 = B_SPLINE_CURVE_WITH_KNOTS ( 'NONE', 3,
 ( #1362, #2012, #2022, #574, #1219, #1854, #1384, #420, #1061, #1695, #585, #1594 ),
 .UNSPECIFIED., .F., .F.,
 ( 4, 2, 2, 2, 2, 4 ),
 ( 0.006802122049170374225, 0.007368488679565489245, 0.007651671994763047623, 0.007934855309960605133, 0.008501221940355720152, 0.009067588570750835172 ),
 .UNSPECIFIED. ) ;
#1167 = CARTESIAN_POINT ( 'NONE',  ( -24.98452710240405139, 19.49594403330494075, -0.8829599924620813445 ) ) ;
#1168 = CARTESIAN_POINT ( 'NONE',  ( -15.38878823406721885, 19.39093414656143466, -16.41467061585176523 ) ) ;
#1169 = CARTESIAN_POINT ( 'NONE',  ( -1.449999999999999956, 20.64999999999999858, -24.95791457634231492 ) ) ;
#1170 = CARTESIAN_POINT ( 'NONE',  ( 14.88632074528731408, 21.02542646987015118, 16.87150839655010870 ) ) ;
#1171 = ORIENTED_EDGE ( 'NONE', *, *, #1006, .F. ) ;
#1172 = EDGE_CURVE ( 'NONE', #351, #235, #777, .T. ) ;
#1173 = CARTESIAN_POINT ( 'NONE',  ( 22.45617634195699353, 21.02542646987014408, 1.403739650135674699 ) ) ;
#1174 = ORIENTED_EDGE ( 'NONE', *, *, #1720, .T. ) ;
#1175 = CARTESIAN_POINT ( 'NONE',  ( -20.42468245269454741, 35.42468245269466820, -17.07531754730542062 ) ) ;
#1176 = CARTESIAN_POINT ( 'NONE',  ( 0.3753831508988147436, 19.24624576300756473, 24.99735360801731687 ) ) ;
#1177 = CARTESIAN_POINT ( 'NONE',  ( 14.85152577039401578, 20.46074985476538544, -16.90213543583539391 ) ) ;
#1178 = CARTESIAN_POINT ( 'NONE',  ( -24.99576334194227201, 19.27449740207909556, 0.4685145597307098231 ) ) ;
#1179 = LINE ( 'NONE', #543, #557 ) ;
#1180 = DIRECTION ( 'NONE',  ( -0.8660254037844387076, 0.000000000000000000, 0.5000000000000001110 ) ) ;
#1181 = VERTEX_POINT ( 'NONE', #1236 ) ;
#1182 = ORIENTED_EDGE ( 'NONE', *, *, #560, .F. ) ;
#1183 = PLANE ( 'NONE',  #629 ) ;
#1184 = UNCERTAINTY_MEASURE_WITH_UNIT (LENGTH_MEASURE( 1.000000000000000082E-05 ), #1205, 'distance_accuracy_value', 'NONE');
#1185 = CARTESIAN_POINT ( 'NONE',  ( 25.00000000000000000, 110.0000000000000000, 0.000000000000000000 ) ) ;
#1186 = CARTESIAN_POINT ( 'NONE',  ( 0.4676395737979638367, 19.27419548638764368, 22.49531103815082389 ) ) ;
#1187 = CARTESIAN_POINT ( 'NONE',  ( -15.77543498698216062, 19.19984501878679239, -16.04438429111778319 ) ) ;
#1188 = CARTESIAN_POINT ( 'NONE',  ( -1.267423140586344754, 21.37926825542894349, -24.96795701433698511 ) ) ;
#1189 = CARTESIAN_POINT ( 'NONE',  ( 15.63898598895954706, 22.06185219708664036, 16.17722424209453891 ) ) ;
#1190 = EDGE_LOOP ( 'NONE', ( #461, #1555, #1797, #99 ) ) ;
#1191 = B_SPLINE_CURVE_WITH_KNOTS ( 'NONE', 3,
 ( #1248, #882, #95, #1365, #1209, #1518, #1893, #588, #2005, #282, #446, #107, #1088, #1386, #1551, #83 ),
 .UNSPECIFIED., .F., .F.,
 ( 4, 2, 2, 2, 2, 2, 2, 4 ),
 ( 0.002267786115632897722, 0.002551129831228603814, 0.002834473546824309471, 0.003117817262420015563, 0.003401160978015721655, 0.003967848409207132970, 0.004251192124802839062, 0.004534535840398545153 ),
 .UNSPECIFIED. ) ;
#1192 = CARTESIAN_POINT ( 'NONE',  ( 24.99944974357919136, 22.09060030914360695, -0.1901628462968024125 ) ) ;
#1193 = CARTESIAN_POINT ( 'NONE',  ( -1.449999999999999956, 20.64999999999999858, 24.95791457634231136 ) ) ;
#1194 = CARTESIAN_POINT ( 'NONE',  ( 1.258492412709380170, 19.92357534660911966, -24.96835953904978567 ) ) ;
#1195 = CARTESIAN_POINT ( 'NONE',  ( 15.06908053399554070, 19.75917606119070413, -16.70900032753691988 ) ) ;
#1196 = AXIS2_PLACEMENT_3D ( 'NONE', #1529, #1101, #942 ) ;
#1197 = CARTESIAN_POINT ( 'NONE',  ( -15.21839965619897228, 19.55712889155461198, -16.57271257263048270 ) ) ;
#1198 = LINE ( 'NONE', #1032, #1567 ) ;
#1199 = EDGE_CURVE ( 'NONE', #1510, #298, #1743, .T. ) ;
#1200 = STYLED_ITEM ( 'NONE', ( #805 ), #1471 ) ;
#1201 = CARTESIAN_POINT ( 'NONE',  ( -12.49999999999980105, 40.00000000000017764, 21.65063509461108282 ) ) ;
#1202 = ORIENTED_EDGE ( 'NONE', *, *, #1280, .T. ) ;
#1203 = EDGE_LOOP ( 'NONE', ( #1225, #1543 ) ) ;
#1204 = CARTESIAN_POINT ( 'NONE',  ( 15.06842095408048365, 21.54017006118124655, -16.70960988005161596 ) ) ;
#1205 =( LENGTH_UNIT ( ) NAMED_UNIT ( * ) SI_UNIT ( .MILLI., .METRE. ) );
#1206 = CARTESIAN_POINT ( 'NONE',  ( 15.77543498698227076, 19.19984501878679595, 16.04438429111767661 ) ) ;
#1207 = DIRECTION ( 'NONE',  ( 1.000000000000000000, -0.000000000000000000, -3.491481338843133750E-15 ) ) ;
#1208 = CARTESIAN_POINT ( 'NONE',  ( 0.000000000000000000, 22.09999999999999787, -22.50000000000000355 ) ) ;
#1209 = CARTESIAN_POINT ( 'NONE',  ( -1.376034809259528258, 20.18303961012415115, -22.45791294019945283 ) ) ;
#1210 = CARTESIAN_POINT ( 'NONE',  ( -17.21663170099814621, 19.34733028443298153, 18.12719735125235943 ) ) ;
#1211 = CARTESIAN_POINT ( 'NONE',  ( 18.64238193455447146, 21.02541092453957816, -16.65718873035155667 ) ) ;
#1212 = VERTEX_POINT ( 'NONE', #1895 ) ;
#1213 = ORIENTED_EDGE ( 'NONE', *, *, #430, .F. ) ;
#1214 = CARTESIAN_POINT ( 'NONE',  ( 15.21858861120922946, 21.74319175312463059, -16.57254216410370518 ) ) ;
#1215 = CARTESIAN_POINT ( 'NONE',  ( -24.98174180462081395, 19.55712069436376410, -0.9576354730426803741 ) ) ;
#1216 = DIRECTION ( 'NONE',  ( 1.000000000000000000, -0.000000000000000000, -3.491481338843133750E-15 ) ) ;
#1217 = CARTESIAN_POINT ( 'NONE',  ( 1.375808875368712991, 20.18237439913202635, -24.96214088485830018 ) ) ;
#1218 = CARTESIAN_POINT ( 'NONE',  ( -22.49938016869686663, 19.20953188716350013, 0.1910010189651437096 ) ) ;
#1219 = CARTESIAN_POINT ( 'NONE',  ( 1.258679217508735571, 21.37607269320864489, -24.96834979880329897 ) ) ;
#1220 = CARTESIAN_POINT ( 'NONE',  ( 0.3801945829896743456, 19.23803114359713007, -24.99771878736916619 ) ) ;
#1221 = LINE ( 'NONE', #894, #362 ) ;
#1222 = CYLINDRICAL_SURFACE ( 'NONE', #829, 22.50000000000000355 ) ;
#1223 = ORIENTED_EDGE ( 'NONE', *, *, #2028, .T. ) ;
#1224 = ADVANCED_FACE ( 'NONE', ( #1421, #2063, #1530, #2016 ), #437, .F. ) ;
#1225 = ORIENTED_EDGE ( 'NONE', *, *, #655, .F. ) ;
#1226 = EDGE_CURVE ( 'NONE', #2008, #837, #1774, .T. ) ;
#1227 = PLANE ( 'NONE',  #1432 ) ;
#1228 = CARTESIAN_POINT ( 'NONE',  ( 24.96794968504275047, 19.92099546792112008, -1.267564421828722976 ) ) ;
#1229 = CARTESIAN_POINT ( 'NONE',  ( 11.05662432702592035, 110.0000000000000000, -19.15063509461099400 ) ) ;
#1230 = CARTESIAN_POINT ( 'NONE',  ( -16.17380645605731360, 22.05356277026863410, -15.64182325321116984 ) ) ;
#1231 = CARTESIAN_POINT ( 'NONE',  ( -24.98996188929011453, 21.91724442323200606, -0.7295676485598023842 ) ) ;
#1232 = AXIS2_PLACEMENT_3D ( 'NONE', #252, #1416, #2057 ) ;
#1233 = CARTESIAN_POINT ( 'NONE',  ( 0.1906492314902099583, 22.09053454652621795, 22.49938437660357948 ) ) ;
#1234 = VECTOR ( 'NONE', #1492, 1000.000000000000000 ) ;
#1235 = CARTESIAN_POINT ( 'NONE',  ( -16.83893382464941624, 19.75917930020669644, 18.47885767715906624 ) ) ;
#1236 = CARTESIAN_POINT ( 'NONE',  ( -24.95791457634230781, 20.64999999999999858, 1.450000000000086997 ) ) ;
#1237 = VERTEX_POINT ( 'NONE', #710 ) ;
#1238 = AXIS2_PLACEMENT_3D ( 'NONE', #151, #1581, #331 ) ;
#1239 = VECTOR ( 'NONE', #1243, 1000.000000000000000 ) ;
#1240 = VERTEX_POINT ( 'NONE', #1981 ) ;
#1241 = CARTESIAN_POINT ( 'NONE',  ( 12.49999999999994849, 40.00000000000017764, -21.65063509461099400 ) ) ;
#1242 = EDGE_CURVE ( 'NONE', #272, #875, #114, .T. ) ;
#1243 = DIRECTION ( 'NONE',  ( -0.000000000000000000, -1.000000000000000000, -0.000000000000000000 ) ) ;
#1244 = B_SPLINE_CURVE_WITH_KNOTS ( 'NONE', 3,
 ( #38, #858, #370, #1323, #521, #1361, #694, #1332, #533, #1186, #1030, #1664, #266, #1727 ),
 .UNSPECIFIED., .F., .F.,
 ( 4, 2, 2, 2, 2, 2, 4 ),
 ( 0.004534535684257335816, 0.005101513333508523110, 0.005668490982759710403, 0.005951979807385307519, 0.006235468632010905503, 0.006518957456636503486, 0.006802446281262100602 ),
 .UNSPECIFIED. ) ;
#1245 = CARTESIAN_POINT ( 'NONE',  ( -0.1892497742772819014, 22.09999999999999787, 22.50000000000000711 ) ) ;
#1246 = CARTESIAN_POINT ( 'NONE',  ( -25.00000000000020250, 20.64999999999999858, 8.728703347107904070E-14 ) ) ;
#1247 = CARTESIAN_POINT ( 'NONE',  ( -24.99190605620334438, 21.95352747359353174, 0.6421392658535632902 ) ) ;
#1248 = CARTESIAN_POINT ( 'NONE',  ( -1.449999999999999956, 20.64999999999999858, -22.45322916642504296 ) ) ;
#1249 = CARTESIAN_POINT ( 'NONE',  ( -18.64761240023188194, 20.26803843530322169, 16.65148094214879038 ) ) ;
#1250 = CARTESIAN_POINT ( 'NONE',  ( 18.66690210479830370, 20.84076922787790664, 16.62970566684888851 ) ) ;
#1251 = ORIENTED_EDGE ( 'NONE', *, *, #2053, .F. ) ;
#1252 = ORIENTED_EDGE ( 'NONE', *, *, #848, .F. ) ;
#1253 = CARTESIAN_POINT ( 'NONE',  ( -17.21788521776730008, 21.95352747359353174, 18.12600727646976750 ) ) ;
#1254 = CARTESIAN_POINT ( 'NONE',  ( 20.42468245269456162, 35.42468245269462557, -17.07531754730540641 ) ) ;
#1255 = CARTESIAN_POINT ( 'NONE',  ( -1.403718639877119534, 21.02551048378317589, 22.45617766220354738 ) ) ;
#1256 = CARTESIAN_POINT ( 'NONE',  ( -25.00000000000011369, 39.99999999999997868, -2.432811924670063494E-14 ) ) ;
#1257 = CARTESIAN_POINT ( 'NONE',  ( -1.093010953501221794, 19.69240595349674905, -24.97618694090478897 ) ) ;
#1258 = CARTESIAN_POINT ( 'NONE',  ( 1.440519345117051930, 20.84073175684712353, 22.45384708227017256 ) ) ;
#1259 = CARTESIAN_POINT ( 'NONE',  ( -1.159406567914881281, 21.54110570352599296, -22.47050727335120257 ) ) ;
#1260 = LINE ( 'NONE', #753, #831 ) ;
#1261 = EDGE_LOOP ( 'NONE', ( #1609, #1512, #2027, #672, #702, #556 ) ) ;
#1262 = EDGE_LOOP ( 'NONE', ( #1746, #1026, #189 ) ) ;
#1263 = CARTESIAN_POINT ( 'NONE',  ( 1.091890988679480756, 19.69124167013331572, -22.47359022863764366 ) ) ;
#1264 = CARTESIAN_POINT ( 'NONE',  ( -22.47049647028405417, 19.75917606119071479, 1.159598406614953170 ) ) ;
#1265 = CARTESIAN_POINT ( 'NONE',  ( -24.99999999999992895, 20.64999999999999858, 25.00000000000018829 ) ) ;
#1266 = CARTESIAN_POINT ( 'NONE',  ( 3.061616997868383043E-15, 36.65063509461108282, 25.00000000000000000 ) ) ;
#1267 = EDGE_CURVE ( 'NONE', #224, #1885, #1489, .T. ) ;
#1268 = DIRECTION ( 'NONE',  ( -0.7071067811865536790, -0.000000000000000000, -0.7071067811865413555 ) ) ;
#1269 = CARTESIAN_POINT ( 'NONE',  ( 18.55083803596658854, 21.38057332055230830, 16.75922790483035385 ) ) ;
#1270 = ORIENTED_EDGE ( 'NONE', *, *, #1499, .F. ) ;
#1271 = AXIS2_PLACEMENT_3D ( 'NONE', #1542, #110, #1112 ) ;
#1272 = ORIENTED_EDGE ( 'NONE', *, *, #560, .T. ) ;
#1273 = CARTESIAN_POINT ( 'NONE',  ( 6.147987464839955505E-24, 19.19999999999999929, -22.50000000000000355 ) ) ;
#1274 = CARTESIAN_POINT ( 'NONE',  ( 1.449999999999999956, 20.64999999999999858, -25.00000000000000355 ) ) ;
#1275 = CARTESIAN_POINT ( 'NONE',  ( 16.65148094214885077, 20.26803843530322524, 18.64761240023182864 ) ) ;
#1276 = CYLINDRICAL_SURFACE ( 'NONE', #170, 1.449999999999998401 ) ;
#1277 = CARTESIAN_POINT ( 'NONE',  ( 22.48838638837022330, 19.39191008746354328, -0.7271144808405033411 ) ) ;
#1278 = CARTESIAN_POINT ( 'NONE',  ( -16.65148094214872287, 20.26803843530321458, -18.64761240023194233 ) ) ;
#1279 = CARTESIAN_POINT ( 'NONE',  ( -0.3793420147593405956, 19.23764281297892254, 24.99773932581716096 ) ) ;
#1280 = EDGE_CURVE ( 'NONE', #704, #1130, #1500, .T. ) ;
#1281 = ORIENTED_EDGE ( 'NONE', *, *, #538, .F. ) ;
#1282 = CARTESIAN_POINT ( 'NONE',  ( 11.05662432702592035, 110.0000000000000000, -19.15063509461099400 ) ) ;
#1283 = CARTESIAN_POINT ( 'NONE',  ( 16.98760849900565617, 19.55712069436376410, 18.34190957279201939 ) ) ;
#1284 = DIRECTION ( 'NONE',  ( -0.5000000000000000000, 0.000000000000000000, 0.8660254037844385966 ) ) ;
#1285 = CARTESIAN_POINT ( 'NONE',  ( 22.49100787612163188, 19.34644628598099914, 0.6421021013856258453 ) ) ;
#1286 = CARTESIAN_POINT ( 'NONE',  ( -18.00596358229168104, 19.27449740207908846, -17.34338393775131593 ) ) ;
#1287 = CARTESIAN_POINT ( 'NONE',  ( 6.147987464839955505E-24, 19.19999999999999929, -22.50000000000000355 ) ) ;
#1288 = EDGE_CURVE ( 'NONE', #2039, #2018, #324, .T. ) ;
#1289 = EDGE_LOOP ( 'NONE', ( #1213, #1907, #77, #1490 ) ) ;
#1290 = EDGE_CURVE ( 'NONE', #329, #1503, #1540, .T. ) ;
#1291 = FACE_OUTER_BOUND ( 'NONE', #1261, .T. ) ;
#1292 = CARTESIAN_POINT ( 'NONE',  ( 18.67321547392686654, 20.46075416354774390, 16.62260580848557723 ) ) ;
#1293 = CARTESIAN_POINT ( 'NONE',  ( -25.00000000000011369, 39.99999999999997868, -2.432811924670063494E-14 ) ) ;
#1294 = CARTESIAN_POINT ( 'NONE',  ( 17.40968231922367337, 19.24650251432829862, -17.94189372937010418 ) ) ;
#1295 = CARTESIAN_POINT ( 'NONE',  ( -0.1912511380817890905, 19.20000000000000284, 25.00000000000000355 ) ) ;
#1296 = ORIENTED_EDGE ( 'NONE', *, *, #915, .F. ) ;
#1297 = B_SPLINE_CURVE_WITH_KNOTS ( 'NONE', 3,
 ( #2055, #1589, #799, #628, #1435, #473, #159, #781, #809, #2079, #1116, #956 ),
 .UNSPECIFIED., .F., .F.,
 ( 4, 2, 2, 2, 2, 4 ),
 ( 0.006802446281262100602, 0.007368842531401109328, 0.007652040656470611088, 0.007935238781540112848, 0.008501635031679111165, 0.009068031281818109482 ),
 .UNSPECIFIED. ) ;
#1298 = VECTOR ( 'NONE', #918, 1000.000000000000000 ) ;
#1299 = CARTESIAN_POINT ( 'NONE',  ( 22.49704751514393664, 22.05356277026863410, -0.3761689302100436061 ) ) ;
#1300 = CARTESIAN_POINT ( 'NONE',  ( 18.64796567370385105, 20.27000066408747969, 16.65108426711831768 ) ) ;
#1301 = VECTOR ( 'NONE', #1636, 1000.000000000000000 ) ;
#1302 = ADVANCED_FACE ( 'NONE', ( #1063 ), #750, .T. ) ;
#1303 = CARTESIAN_POINT ( 'NONE',  ( -11.05662432702598430, 27.00000000000000000, -19.15063509461099400 ) ) ;
#1304 = VECTOR ( 'NONE', #508, 1000.000000000000000 ) ;
#1305 = ORIENTED_EDGE ( 'NONE', *, *, #539, .F. ) ;
#1306 = CARTESIAN_POINT ( 'NONE',  ( 22.45322916642506073, 20.45838077413024436, 1.449999999999764810 ) ) ;
#1307 = CARTESIAN_POINT ( 'NONE',  ( -15.38759039447628574, 21.90810425832128772, 16.41579241234139275 ) ) ;
#1308 = APPLICATION_PROTOCOL_DEFINITION ( 'draft international standard', 'automotive_design', 1998, #2071 ) ;
#1309 = EDGE_LOOP ( 'NONE', ( #1145, #713, #1434, #615, #1305, #86, #1624, #946, #711, #1974 ) ) ;
#1310 = ADVANCED_FACE ( 'NONE', ( #761 ), #775, .F. ) ;
#1311 = CARTESIAN_POINT ( 'NONE',  ( 22.46483872010701077, 21.37641663017161875, 1.258490537460537739 ) ) ;
#1312 = CARTESIAN_POINT ( 'NONE',  ( 18.55130993288410934, 19.92099546792112363, 16.75870313635239128 ) ) ;
#1313 = CARTESIAN_POINT ( 'NONE',  ( -17.54352121309913315, 22.09993233214628106, -17.81181229581441272 ) ) ;
#1314 = EDGE_LOOP ( 'NONE', ( #237, #180, #1658, #955 ) ) ;
#1315 = CARTESIAN_POINT ( 'NONE',  ( -16.41583809326095178, 19.39191008746355038, -15.38754293305873411 ) ) ;
#1316 = CARTESIAN_POINT ( 'NONE',  ( 0.7273330189168936144, 21.90793846471579798, 24.98954100522043120 ) ) ;
#1317 = CARTESIAN_POINT ( 'NONE',  ( -22.45322916642502875, 20.74464678175478483, 1.450000000000078115 ) ) ;
#1318 = EDGE_LOOP ( 'NONE', ( #1712, #501, #1045, #935 ) ) ;
#1319 = CARTESIAN_POINT ( 'NONE',  ( 16.62260580848589697, 20.74582650910053161, 18.67321547392658232 ) ) ;
#1320 = EDGE_LOOP ( 'NONE', ( #2041, #1786, #1501, #908 ) ) ;
#1321 = CARTESIAN_POINT ( 'NONE',  ( 23.97469516727919370, 20.64999999999999858, -26.02530483272079209 ) ) ;
#1322 = CARTESIAN_POINT ( 'NONE',  ( -18.62388780166655877, 21.11700723971260985, -16.67789348513814573 ) ) ;
#1323 = CARTESIAN_POINT ( 'NONE',  ( 1.267372412472136167, 19.92063644505114084, 22.46439432795578739 ) ) ;
#1324 = CARTESIAN_POINT ( 'NONE',  ( -14.85861096818663185, 20.84005662128004488, -16.89591728798754033 ) ) ;
#1325 = CARTESIAN_POINT ( 'NONE',  ( 0.09457649989046121308, 22.09999999999999787, 25.00000000000000711 ) ) ;
#1326 = EDGE_CURVE ( 'NONE', #1616, #34, #1375, .T. ) ;
#1327 = ORIENTED_EDGE ( 'NONE', *, *, #1115, .T. ) ;
#1328 = CARTESIAN_POINT ( 'NONE',  ( 22.45384226332059185, 20.84005662128004488, 1.440593114085232163 ) ) ;
#1329 = CARTESIAN_POINT ( 'NONE',  ( -24.99999999999999289, 35.42468245269463267, -9.150635094610931830 ) ) ;
#1330 = CYLINDRICAL_SURFACE ( 'NONE', #1766, 1.449999999999998401 ) ;
#1331 = AXIS2_PLACEMENT_3D ( 'NONE', #1507, #1155, #1353 ) ;
#1332 = CARTESIAN_POINT ( 'NONE',  ( 0.7264446658294463344, 19.39151986445130404, 22.48840825758085060 ) ) ;
#1333 = CARTESIAN_POINT ( 'NONE',  ( -24.97350390260790931, 19.75767522203642557, -1.158473130591769928 ) ) ;
#1334 = DIRECTION ( 'NONE',  ( -0.4999999999999950595, 0.000000000000000000, 0.8660254037844415942 ) ) ;
#1335 = CARTESIAN_POINT ( 'NONE',  ( 11.05662432702592035, 27.00000000000000000, -19.15063509461099400 ) ) ;
#1336 =( BOUNDED_CURVE ( )  B_SPLINE_CURVE ( 3, ( #998, #1329, #1175, #1007 ),
 .UNSPECIFIED., .F., .T. ) 
 B_SPLINE_CURVE_WITH_KNOTS ( ( 4, 4 ),
 ( 5.759586531581294189, 6.806784082777886269 ),
 .UNSPECIFIED. ) 
 CURVE ( )  GEOMETRIC_REPRESENTATION_ITEM ( )  RATIONAL_B_SPLINE_CURVE ( ( 1.000000000000000000, 0.9106836025229601006, 0.9106836025229601006, 1.000000000000000000 ) ) 
 REPRESENTATION_ITEM ( '' )  );
#1337 = CARTESIAN_POINT ( 'NONE',  ( 3.061616997868383043E-15, 36.65063509461108282, 25.00000000000000000 ) ) ;
#1338 = B_SPLINE_CURVE_WITH_KNOTS ( 'NONE', 3,
 ( #397, #1177, #1978, #62, #1195, #1019, #1165, #1957, #231, #1010, #1832, #1343, #1800, #405, #1651, #1820, #2001, #716, #49, #1641, #541, #220, #840, #1990 ),
 .UNSPECIFIED., .F., .F.,
 ( 4, 2, 2, 2, 2, 2, 2, 2, 2, 2, 2, 4 ),
 ( 0.004534535684257325408, 0.005101222633952423417, 0.005667909583647521427, 0.005951253058495071732, 0.006234596533342623773, 0.006517940008190174078, 0.006801283483037726119, 0.007367970432732821526, 0.007651313907580366627, 0.007934657382427911729, 0.008501344332123000197, 0.009068031281818088665 ),
 .UNSPECIFIED. ) ;
#1339 = ORIENTED_EDGE ( 'NONE', *, *, #551, .F. ) ;
#1340 = ORIENTED_EDGE ( 'NONE', *, *, #1592, .T. ) ;
#1341 = CARTESIAN_POINT ( 'NONE',  ( 24.99580037969375823, 22.02617301739971367, -0.4665560388047312324 ) ) ;
#1342 = CARTESIAN_POINT ( 'NONE',  ( -12.50000000000009770, 40.00000000000017764, -21.65063509461091229 ) ) ;
#1343 = CARTESIAN_POINT ( 'NONE',  ( 15.77440617405573953, 19.20953188716350013, -16.04452240550361708 ) ) ;
#1344 = DIRECTION ( 'NONE',  ( -0.000000000000000000, -1.000000000000000000, -0.000000000000000000 ) ) ;
#1345 = CARTESIAN_POINT ( 'NONE',  ( 1.092450675338771271, 21.60811840158070751, -22.47356286373414846 ) ) ;
#1346 = CARTESIAN_POINT ( 'NONE',  ( 14.85861096818674909, 20.84005662128004488, 16.89591728798743375 ) ) ;
#1347 = VERTEX_POINT ( 'NONE', #2014 ) ;
#1348 = VERTEX_POINT ( 'NONE', #1528 ) ;
#1349 = LINE ( 'NONE', #519, #21 ) ;
#1350 = EDGE_CURVE ( 'NONE', #383, #660, #1191, .T. ) ;
#1351 = CARTESIAN_POINT ( 'NONE',  ( 0.1899235604805814270, 19.20938641231337840, 24.99945057307079566 ) ) ;
#1352 = CARTESIAN_POINT ( 'NONE',  ( 15.21839965619909130, 19.55712889155461198, 16.57271257263037256 ) ) ;
#1353 = DIRECTION ( 'NONE',  ( -1.000000000000000000, 0.000000000000000000, 0.000000000000000000 ) ) ;
#1354 = DIRECTION ( 'NONE',  ( 0.5000000000000068834, -0.000000000000000000, 0.8660254037844345998 ) ) ;
#1355 = CARTESIAN_POINT ( 'NONE',  ( -22.49999563084826093, 22.09993220281347703, -0.1897217581096385108 ) ) ;
#1356 = ORIENTED_EDGE ( 'NONE', *, *, #589, .T. ) ;
#1357 = ORIENTED_EDGE ( 'NONE', *, *, #1028, .T. ) ;
#1358 = CARTESIAN_POINT ( 'NONE',  ( -18.29695394673171549, 21.80922433054842813, 17.03641405046343849 ) ) ;
#1359 = CARTESIAN_POINT ( 'NONE',  ( 24.95791457634229715, 20.64999999999999858, -1.450000000000261302 ) ) ;
#1360 = B_SPLINE_CURVE_WITH_KNOTS ( 'NONE', 3,
 ( #670, #313, #949, #474, #1749, #162, #802, #642, #1126, #1757, #1808, #838, #867, #201, #1192, #1648, #1341, #47, #1037, #1152, #692, #705, #1787, #1798, #218, #1504, #723, #507 ),
 .UNSPECIFIED., .F., .F.,
 ( 4, 2, 2, 2, 2, 2, 2, 2, 2, 2, 2, 2, 2, 4 ),
 ( 0.000000000000000000, 0.0002833945365573759131, 0.0005667890731147518261, 0.0008501836096721277934, 0.001133578146229503652, 0.001700367219344248431, 0.002267156292458993427, 0.002550550829016365924, 0.002833945365573737989, 0.003117339902131110486, 0.003400734438688482984, 0.003967523511803234051, 0.004250918048360605682, 0.004534312584917976445 ),
 .UNSPECIFIED. ) ;
#1361 = CARTESIAN_POINT ( 'NONE',  ( 0.9587587274178883678, 19.55810936037872239, 22.47966325548202349 ) ) ;
#1362 = CARTESIAN_POINT ( 'NONE',  ( 1.449999999999999956, 20.64999999999999858, -24.95791457634231136 ) ) ;
#1363 = CARTESIAN_POINT ( 'NONE',  ( 0.1915209053475345202, 22.09999999999999432, -22.50000000000000355 ) ) ;
#1364 = VECTOR ( 'NONE', #120, 1000.000000000000000 ) ;
#1365 = CARTESIAN_POINT ( 'NONE',  ( -1.403449409075905541, 20.27341446724266660, -22.45619457882200720 ) ) ;
#1366 = CARTESIAN_POINT ( 'NONE',  ( 17.21788521776716152, 21.95352747359352463, -18.12600727646988119 ) ) ;
#1367 = ORIENTED_EDGE ( 'NONE', *, *, #1639, .F. ) ;
#1368 = VERTEX_POINT ( 'NONE', #1719 ) ;
#1369 = DIRECTION ( 'NONE',  ( -1.000000000000000000, 0.000000000000000000, 3.330669073875464099E-15 ) ) ;
#1370 = CARTESIAN_POINT ( 'NONE',  ( -0.8911001458629745908, 21.80941260665872861, 24.98447282143145998 ) ) ;
#1371 = CARTESIAN_POINT ( 'NONE',  ( -22.49529239376956014, 19.27449952282073298, 0.4685219856143977846 ) ) ;
#1372 = FACE_OUTER_BOUND ( 'NONE', #438, .T. ) ;
#1373 = CARTESIAN_POINT ( 'NONE',  ( -24.96213863105175079, 21.11751517043449411, -1.375850229300263683 ) ) ;
#1374 = EDGE_CURVE ( 'NONE', #1465, #1130, #1661, .T. ) ;
#1375 = LINE ( 'NONE', #739, #1999 ) ;
#1376 = CARTESIAN_POINT ( 'NONE',  ( -18.18324803994671868, 19.39092837485024745, 17.15738044098880621 ) ) ;
#1377 = CARTESIAN_POINT ( 'NONE',  ( 16.62964676276104115, 20.84004748575755883, 18.66695446874355113 ) ) ;
#1378 = ORIENTED_EDGE ( 'NONE', *, *, #871, .T. ) ;
#1379 = CARTESIAN_POINT ( 'NONE',  ( 2.755455271706670665E-15, 22.09999999999999787, 22.50000000000000355 ) ) ;
#1380 = ORIENTED_EDGE ( 'NONE', *, *, #1595, .T. ) ;
#1381 = CARTESIAN_POINT ( 'NONE',  ( -16.83828573573205389, 21.54018129493336886, 18.47946152070598913 ) ) ;
#1382 = CARTESIAN_POINT ( 'NONE',  ( 24.99576334194227556, 19.27449740207909556, -0.4685145597308851828 ) ) ;
#1383 = CARTESIAN_POINT ( 'NONE',  ( -22.47971103846787955, 19.55712889155461198, -0.9576438470572056216 ) ) ;
#1384 = CARTESIAN_POINT ( 'NONE',  ( 1.092455588847746961, 21.60811373844649452, -24.97620900381769715 ) ) ;
#1385 = CARTESIAN_POINT ( 'NONE',  ( -24.97344156828076933, 21.53401808170109533, -1.153252736946881241 ) ) ;
#1386 = CARTESIAN_POINT ( 'NONE',  ( -0.1907317350957420943, 19.20948064901800834, -22.49938341313966106 ) ) ;
#1387 = CARTESIAN_POINT ( 'NONE',  ( -23.97469516727960936, 20.64999999999999858, -26.02530483272051143 ) ) ;
#1388 = CARTESIAN_POINT ( 'NONE',  ( -14.85152577039413657, 20.64999999999999858, 16.90213543583528732 ) ) ;
#1389 = ORIENTED_EDGE ( 'NONE', *, *, #887, .T. ) ;
#1390 = EDGE_CURVE ( 'NONE', #1701, #1995, #1730, .T. ) ;
#1391 = ORIENTED_EDGE ( 'NONE', *, *, #2053, .T. ) ;
#1392 = CARTESIAN_POINT ( 'NONE',  ( 15.38759039447617027, 21.90810425832128772, -16.41579241234149933 ) ) ;
#1393 = CARTESIAN_POINT ( 'NONE',  ( 24.97350390260790576, 19.75767522203642201, 1.158473130591595623 ) ) ;
#1394 = PLANE ( 'NONE',  #965 ) ;
#1395 = DIRECTION ( 'NONE',  ( 1.000000000000000000, 0.000000000000000000, -1.040834085586082363E-14 ) ) ;
#1396 = CARTESIAN_POINT ( 'NONE',  ( 12.50000000000017231, 39.99999999999997868, -21.65063509461099400 ) ) ;
#1397 = CARTESIAN_POINT ( 'NONE',  ( 16.85313617322238144, 21.11702381800047590, 14.90715029419951065 ) ) ;
#1398 = DIRECTION ( 'NONE',  ( 0.7071067811865487940, -0.000000000000000000, 0.7071067811865463515 ) ) ;
#1399 = DIRECTION ( 'NONE',  ( 0.5000000000000068834, 0.000000000000000000, 0.8660254037844345998 ) ) ;
#1400 = VERTEX_POINT ( 'NONE', #255 ) ;
#1401 = PRODUCT_DEFINITION_FORMATION_WITH_SPECIFIED_SOURCE ( 'ANY', '', #921, .NOT_KNOWN. ) ;
#1402 = ORIENTED_EDGE ( 'NONE', *, *, #108, .T. ) ;
#1403 = CARTESIAN_POINT ( 'NONE',  ( -17.04151034852045044, 21.80312911125772146, 18.29188625470537133 ) ) ;
#1404 =( NAMED_UNIT ( * ) PLANE_ANGLE_UNIT ( ) SI_UNIT ( $, .RADIAN. ) );
#1405 = LINE ( 'NONE', #418, #731 ) ;
#1406 = CARTESIAN_POINT ( 'NONE',  ( 2.755455271706670665E-15, 22.09999999999999787, 22.50000000000000355 ) ) ;
#1407 = DIRECTION ( 'NONE',  ( 0.5000000000000000000, 0.000000000000000000, 0.8660254037844385966 ) ) ;
#1408 = CARTESIAN_POINT ( 'NONE',  ( -1.449999999999999734, 20.55542351747135044, -24.95791457634230781 ) ) ;
#1409 = DIRECTION ( 'NONE',  ( -1.000000000000000000, 0.000000000000000000, 1.040834085586082363E-14 ) ) ;
#1410 = LINE ( 'NONE', #1699, #1298 ) ;
#1411 = LINE ( 'NONE', #1102, #1931 ) ;
#1412 = CARTESIAN_POINT ( 'NONE',  ( 16.57378764204324639, 19.55852982641097526, 15.21722817131532501 ) ) ;
#1413 = ORIENTED_EDGE ( 'NONE', *, *, #1606, .F. ) ;
#1414 = DIRECTION ( 'NONE',  ( -1.000000000000000000, 0.000000000000000000, 0.000000000000000000 ) ) ;
#1415 = CARTESIAN_POINT ( 'NONE',  ( -16.90213543583513811, 20.45838077413023726, 14.85152577039431776 ) ) ;
#1416 = DIRECTION ( 'NONE',  ( -0.000000000000000000, -1.000000000000000000, -0.000000000000000000 ) ) ;
#1417 = EDGE_CURVE ( 'NONE', #260, #2029, #1221, .T. ) ;
#1418 = CARTESIAN_POINT ( 'NONE',  ( -16.90213543583523403, 20.64999999999999858, -14.85152577039419519 ) ) ;
#1419 = CARTESIAN_POINT ( 'NONE',  ( 22.48844141796503493, 19.39093414656143466, 0.7254083888594548002 ) ) ;
#1420 = FACE_BOUND ( 'NONE', #730, .T. ) ;
#1421 = FACE_BOUND ( 'NONE', #1203, .T. ) ;
#1422 = ORIENTED_EDGE ( 'NONE', *, *, #580, .F. ) ;
#1423 = VERTEX_POINT ( 'NONE', #644 ) ;
#1424 = CARTESIAN_POINT ( 'NONE',  ( 1.450000000000000178, 20.55426129654261302, -22.45322916642504651 ) ) ;
#1425 = CARTESIAN_POINT ( 'NONE',  ( 18.66695446874349429, 20.84004748575755883, -16.62964676276111575 ) ) ;
#1426 = CARTESIAN_POINT ( 'NONE',  ( 25.00000000000027001, 20.64999999999999858, -2.618611004132377911E-13 ) ) ;
#1427 = CARTESIAN_POINT ( 'NONE',  ( 12.50000000000013856, 39.99999999999997868, 21.65063509461101887 ) ) ;
#1428 = ADVANCED_FACE ( 'NONE', ( #961 ), #326, .F. ) ;
#1429 = CARTESIAN_POINT ( 'NONE',  ( -24.96794968504276113, 19.92099546792112719, 1.267564421828548227 ) ) ;
#1430 = CARTESIAN_POINT ( 'NONE',  ( -16.98760849900553183, 19.55712069436376765, -18.34190957279213663 ) ) ;
#1431 = DIRECTION ( 'NONE',  ( 0.000000000000000000, 1.000000000000000000, 0.000000000000000000 ) ) ;
#1432 = AXIS2_PLACEMENT_3D ( 'NONE', #1093, #1861, #299 ) ;
#1433 = AXIS2_PLACEMENT_3D ( 'NONE', #2051, #146, #284 ) ;
#1434 = ORIENTED_EDGE ( 'NONE', *, *, #1417, .T. ) ;
#1435 = CARTESIAN_POINT ( 'NONE',  ( -0.7260783437189491929, 19.39132376183256312, 22.48841957373371159 ) ) ;
#1436 = DIRECTION ( 'NONE',  ( 0.7071067811865487940, -0.000000000000000000, 0.7071067811865463515 ) ) ;
#1437 = CARTESIAN_POINT ( 'NONE',  ( -22.46444146615936432, 19.91923008135478312, -1.266546140921948949 ) ) ;
#1438 = CARTESIAN_POINT ( 'NONE',  ( 12.50000000000013856, 39.99999999999997868, 21.65063509461101887 ) ) ;
#1439 = CARTESIAN_POINT ( 'NONE',  ( 22.50000998767490401, 19.19984501878679595, 0.1901758767495015379 ) ) ;
#1440 = EDGE_CURVE ( 'NONE', #1734, #2008, #1760, .T. ) ;
#1441 = DIRECTION ( 'NONE',  ( -0.7071067811865415775, 0.000000000000000000, 0.7071067811865534569 ) ) ;
#1442 = EDGE_CURVE ( 'NONE', #26, #1240, #992, .T. ) ;
#1443 = EDGE_LOOP ( 'NONE', ( #1272, #1554, #2052, #1839 ) ) ;
#1444 = CARTESIAN_POINT ( 'NONE',  ( -16.04438429111772990, 19.19984501878679595, 15.77543498698221214 ) ) ;
#1445 = CYLINDRICAL_SURFACE ( 'NONE', #1660, 1.449999999999999956 ) ;
#1446 = LINE ( 'NONE', #1134, #133 ) ;
#1447 = CARTESIAN_POINT ( 'NONE',  ( 22.49095607273356734, 19.34733859074379581, -0.6438848239858968592 ) ) ;
#1448 = CARTESIAN_POINT ( 'NONE',  ( -16.87150839655015133, 21.02542646987015118, 14.88632074528725724 ) ) ;
#1449 = ORIENTED_EDGE ( 'NONE', *, *, #1917, .T. ) ;
#1450 = EDGE_CURVE ( 'NONE', #1544, #329, #297, .T. ) ;
#1451 = CARTESIAN_POINT ( 'NONE',  ( -25.00000000000010303, 20.64999999999999858, -25.00000000000001776 ) ) ;
#1452 = CARTESIAN_POINT ( 'NONE',  ( -22.45580141718207301, 20.26801626289494607, -1.411471652449405090 ) ) ;
#1453 = CARTESIAN_POINT ( 'NONE',  ( -1.449999999999999956, 20.64999999999999858, 22.45322916642504296 ) ) ;
#1454 = CARTESIAN_POINT ( 'NONE',  ( 16.04452240550356379, 19.20953188716350368, 15.77440617405580525 ) ) ;
#1455 = CARTESIAN_POINT ( 'NONE',  ( -24.95791457634230781, 20.64999999999999858, 1.450000000000086997 ) ) ;
#1456 = CARTESIAN_POINT ( 'NONE',  ( -18.18441645756575298, 19.39190083398303344, -17.15614221425023089 ) ) ;
#1457 = CARTESIAN_POINT ( 'NONE',  ( -12.49999999999979750, 110.0000000000000000, 21.65063509461107927 ) ) ;
#1458 = ORIENTED_EDGE ( 'NONE', *, *, #864, .F. ) ;
#1459 = EDGE_CURVE ( 'NONE', #1181, #439, #971, .T. ) ;
#1460 = VECTOR ( 'NONE', #2046, 1000.000000000000114 ) ;
#1461 = CARTESIAN_POINT ( 'NONE',  ( 22.48273650226529696, 21.80921761316484719, 0.8913427220462483147 ) ) ;
#1462 = CARTESIAN_POINT ( 'NONE',  ( 16.62260580848590052, 20.45839080608687510, 18.67321547392657521 ) ) ;
#1463 =( GEOMETRIC_REPRESENTATION_CONTEXT ( 3 ) GLOBAL_UNCERTAINTY_ASSIGNED_CONTEXT ( ( #70 ) ) GLOBAL_UNIT_ASSIGNED_CONTEXT ( ( #822, #1781, #353 ) ) REPRESENTATION_CONTEXT ( 'NONE', 'WORKASPACE' ) );
#1464 = DIRECTION ( 'NONE',  ( -0.4999999999999950595, 0.000000000000000000, 0.8660254037844415942 ) ) ;
#1465 = VERTEX_POINT ( 'NONE', #1379 ) ;
#1466 = CARTESIAN_POINT ( 'NONE',  ( -17.40852978411990293, 19.23736857897699437, -17.94363437680736340 ) ) ;
#1467 = CARTESIAN_POINT ( 'NONE',  ( -1.450000000000000622, 20.83923928996381747, -24.95791457634231492 ) ) ;
#1468 = CARTESIAN_POINT ( 'NONE',  ( -22.45322916642503941, 20.74583159383276865, -1.449999999999921352 ) ) ;
#1469 = ORIENTED_EDGE ( 'NONE', *, *, #1044, .T. ) ;
#1470 = CARTESIAN_POINT ( 'NONE',  ( 22.45384736995396935, 20.84077539386463584, -1.440514968524080563 ) ) ;
#1471 = MANIFOLD_SOLID_BREP ( 'CirPattern1', #1562 ) ;
#1472 = ORIENTED_EDGE ( 'NONE', *, *, #1783, .T. ) ;
#1473 = CARTESIAN_POINT ( 'NONE',  ( 0.000000000000000000, 30.00000000000000000, -25.00000000000000000 ) ) ;
#1474 = CARTESIAN_POINT ( 'NONE',  ( -16.73226621045691687, 21.29311942374651423, -18.57505306457329297 ) ) ;
#1475 = DIRECTION ( 'NONE',  ( -0.8660254037844387076, 0.000000000000000000, -0.4999999999999999445 ) ) ;
#1476 = EDGE_CURVE ( 'NONE', #1237, #1724, #944, .T. ) ;
#1477 = CARTESIAN_POINT ( 'NONE',  ( 0.000000000000000000, 30.00000000000000000, -25.00000000000000000 ) ) ;
#1478 = CARTESIAN_POINT ( 'NONE',  ( -1.411975452424493849, 21.03015645124182242, -24.96019960274403715 ) ) ;
#1479 = CARTESIAN_POINT ( 'NONE',  ( 16.57254216410365899, 21.74319175312463770, 15.21858861120928985 ) ) ;
#1480 = ORIENTED_EDGE ( 'NONE', *, *, #1938, .F. ) ;
#1481 = CARTESIAN_POINT ( 'NONE',  ( 16.65741528632752733, 21.02660701648793307, -18.64217961331162599 ) ) ;
#1482 = DIRECTION ( 'NONE',  ( 0.5000000000000000000, 0.000000000000000000, -0.8660254037844385966 ) ) ;
#1483 = EDGE_CURVE ( 'NONE', #1016, #1465, #327, .T. ) ;
#1484 = CARTESIAN_POINT ( 'NONE',  ( -18.64217961331145190, 21.02660701648793662, -16.65741528632772628 ) ) ;
#1485 = CARTESIAN_POINT ( 'NONE',  ( 15.27338711943743199, 19.49595515885233965, 16.52210218585019064 ) ) ;
#1486 = CARTESIAN_POINT ( 'NONE',  ( -11.05662432702598430, 110.0000000000000000, -19.15063509461099400 ) ) ;
#1487 = CARTESIAN_POINT ( 'NONE',  ( -11.05662432702596654, 110.0000000000000000, 19.15063509461108282 ) ) ;
#1488 = EDGE_CURVE ( 'NONE', #1948, #1817, #1632, .T. ) ;
#1489 = LINE ( 'NONE', #1656, #1494 ) ;
#1490 = ORIENTED_EDGE ( 'NONE', *, *, #1288, .T. ) ;
#1491 = EDGE_LOOP ( 'NONE', ( #639, #1171 ) ) ;
#1492 = DIRECTION ( 'NONE',  ( -0.000000000000000000, -1.000000000000000000, -0.000000000000000000 ) ) ;
#1493 = LINE ( 'NONE', #1810, #1067 ) ;
#1494 = VECTOR ( 'NONE', #223, 999.9999999999998863 ) ;
#1495 = CARTESIAN_POINT ( 'NONE',  ( 15.44950943482171191, 19.34644628598099558, 16.35757893502958638 ) ) ;
#1496 = AXIS2_PLACEMENT_3D ( 'NONE', #1265, #1604, #803 ) ;
#1497 = CARTESIAN_POINT ( 'NONE',  ( -16.90213543583523403, 20.64999999999999858, -14.85152577039419519 ) ) ;
#1498 = DIRECTION ( 'NONE',  ( -0.8660254037844380415, 0.000000000000000000, 0.5000000000000011102 ) ) ;
#1499 = EDGE_CURVE ( 'NONE', #569, #1348, #204, .T. ) ;
#1500 = LINE ( 'NONE', #65, #937 ) ;
#1501 = ORIENTED_EDGE ( 'NONE', *, *, #983, .F. ) ;
#1502 = EDGE_CURVE ( 'NONE', #1237, #1908, #1813, .T. ) ;
#1503 = VERTEX_POINT ( 'NONE', #51 ) ;
#1504 = CARTESIAN_POINT ( 'NONE',  ( 24.95847070821352531, 20.84076922787790664, -1.440515415883155681 ) ) ;
#1505 = CARTESIAN_POINT ( 'NONE',  ( -11.05662432702598430, 110.0000000000000000, -19.15063509461099400 ) ) ;
#1506 = CARTESIAN_POINT ( 'NONE',  ( 15.97838580573050038, 19.20007820838487334, 15.84141221989449022 ) ) ;
#1507 = CARTESIAN_POINT ( 'NONE',  ( 0.000000000000000000, 20.64999999999999858, 25.00000000000000000 ) ) ;
#1508 = CARTESIAN_POINT ( 'NONE',  ( 1.376059010711279562, 21.11690468642026985, 24.96212707966029143 ) ) ;
#1509 = CARTESIAN_POINT ( 'NONE',  ( 16.35761915982355674, 21.95351700147079654, 15.44946626839826287 ) ) ;
#1510 = VERTEX_POINT ( 'NONE', #1486 ) ;
#1511 = EDGE_CURVE ( 'NONE', #1600, #1734, #1642, .T. ) ;
#1512 = ORIENTED_EDGE ( 'NONE', *, *, #738, .T. ) ;
#1513 = DIRECTION ( 'NONE',  ( -0.000000000000000000, -0.000000000000000000, 1.000000000000000000 ) ) ;
#1514 = CARTESIAN_POINT ( 'NONE',  ( 24.95791457634229715, 20.46075416354775101, -1.450000000000261302 ) ) ;
#1515 = DIRECTION ( 'NONE',  ( 0.4999999999999950595, 0.000000000000000000, -0.8660254037844414832 ) ) ;
#1516 = CARTESIAN_POINT ( 'NONE',  ( -16.52328743235767305, 19.49728280979001127, -15.27210497110906573 ) ) ;
#1517 = CARTESIAN_POINT ( 'NONE',  ( 25.00000000000028066, 20.64999999999999858, 1.449999999999737943 ) ) ;
#1518 = CARTESIAN_POINT ( 'NONE',  ( -1.303351195708115862, 20.00750528200370226, -22.46224835332647984 ) ) ;
#1519 = CARTESIAN_POINT ( 'NONE',  ( 17.94515835212945376, 22.06185725580960622, -17.40694562233695919 ) ) ;
#1520 = VERTEX_POINT ( 'NONE', #1653 ) ;
#1521 = EDGE_LOOP ( 'NONE', ( #1380, #1647 ) ) ;
#1522 = CARTESIAN_POINT ( 'NONE',  ( 16.66338654120692908, 21.60863183725303571, -15.11906187889755770 ) ) ;
#1523 = CARTESIAN_POINT ( 'NONE',  ( -1.153121520306459313, 21.53419166517464234, 24.97344767632638352 ) ) ;
#1524 = CARTESIAN_POINT ( 'NONE',  ( 24.95791457634232913, 20.64999999999999858, 1.449999999999738387 ) ) ;
#1525 = AXIS2_PLACEMENT_3D ( 'NONE', #1241, #570, #1369 ) ;
#1526 = CARTESIAN_POINT ( 'NONE',  ( -15.97643054343605584, 22.10003375933952796, -15.84337768672406099 ) ) ;
#1527 = CARTESIAN_POINT ( 'NONE',  ( -24.99580037969376889, 22.02617301739971367, 0.4665560388045560947 ) ) ;
#1528 = CARTESIAN_POINT ( 'NONE',  ( 0.000000000000000000, 0.000000000000000000, -25.00000000000000000 ) ) ;
#1529 = CARTESIAN_POINT ( 'NONE',  ( 0.000000000000000000, 27.00000000000000000, 0.000000000000000000 ) ) ;
#1530 = FACE_BOUND ( 'NONE', #384, .T. ) ;
#1531 = ORIENTED_EDGE ( 'NONE', *, *, #1172, .T. ) ;
#1532 = B_SPLINE_CURVE_WITH_KNOTS ( 'NONE', 3,
 ( #2031, #404, #1082, #287, #1850, #2042, #1714, #87, #923, #1358, #1679, #1556, #416, #1998, #1058, #126, #261, #1253, #768, #1403, #1534, #1381, #250, #605, #1886, #2019, #274, #910 ),
 .UNSPECIFIED., .F., .F.,
 ( 4, 2, 2, 2, 2, 2, 2, 2, 2, 2, 2, 2, 2, 4 ),
 ( 0.000000000000000000, 0.0002833945365573752083, 0.0005667890731147504167, 0.0008501836096721255166, 0.001133578146229500833, 0.001700367219344238673, 0.002267156292458976947, 0.002550550829016352914, 0.002833945365573729315, 0.003117339902131105282, 0.003400734438688481250, 0.003967523511803229715, 0.004250918048360598743, 0.004534312584917967771 ),
 .UNSPECIFIED. ) ;
#1533 = ORIENTED_EDGE ( 'NONE', *, *, #698, .T. ) ;
#1534 = CARTESIAN_POINT ( 'NONE',  ( -16.98779506751626656, 21.74319718794886569, 18.34173955483564455 ) ) ;
#1535 = CARTESIAN_POINT ( 'NONE',  ( 24.99190774077899846, 19.34643928070832430, 0.6420891290733701240 ) ) ;
#1536 = CARTESIAN_POINT ( 'NONE',  ( -22.48844141796502782, 19.39093414656143466, -0.7254083888596123408 ) ) ;
#1537 = CARTESIAN_POINT ( 'NONE',  ( -15.26742095726179294, 21.80921761316484719, -16.52796992350243244 ) ) ;
#1538 = CARTESIAN_POINT ( 'NONE',  ( 0.8912179012308519832, 19.49068741544255445, -24.98446835287651524 ) ) ;
#1539 = ADVANCED_FACE ( 'NONE', ( #221 ), #870, .F. ) ;
#1540 = LINE ( 'NONE', #916, #1364 ) ;
#1541 = DIRECTION ( 'NONE',  ( -0.4999999999999999445, 0.000000000000000000, -0.8660254037844385966 ) ) ;
#1542 = CARTESIAN_POINT ( 'NONE',  ( -24.99999999999999645, 110.0000000000000000, 1.745740669421566678E-13 ) ) ;
#1543 = ORIENTED_EDGE ( 'NONE', *, *, #1020, .F. ) ;
#1544 = VERTEX_POINT ( 'NONE', #695 ) ;
#1545 = CARTESIAN_POINT ( 'NONE',  ( 16.17722424209448917, 22.06185219708665102, -15.63898598895960568 ) ) ;
#1546 = CARTESIAN_POINT ( 'NONE',  ( 12.49999999999994849, 110.0000000000000000, -21.65063509461099400 ) ) ;
#1547 = FACE_OUTER_BOUND ( 'NONE', #1491, .T. ) ;
#1548 = ADVANCED_FACE ( 'NONE', ( #841 ), #1991, .F. ) ;
#1549 = CARTESIAN_POINT ( 'NONE',  ( -15.07356693469383124, 21.53402852147073787, -16.70450110055974946 ) ) ;
#1550 = CARTESIAN_POINT ( 'NONE',  ( -24.99734299331395349, 22.05356634839440844, 0.3761551069321045770 ) ) ;
#1551 = CARTESIAN_POINT ( 'NONE',  ( -0.09462514781696224064, 19.19999999999999929, -22.50000000000000711 ) ) ;
#1552 = CARTESIAN_POINT ( 'NONE',  ( -17.60918382057531417, 19.20007876753757259, 17.74614877789526091 ) ) ;
#1553 = CARTESIAN_POINT ( 'NONE',  ( 18.18437082895095358, 21.90811294858029967, 17.15618941574748746 ) ) ;
#1554 = ORIENTED_EDGE ( 'NONE', *, *, #1848, .F. ) ;
#1555 = ORIENTED_EDGE ( 'NONE', *, *, #2028, .F. ) ;
#1556 = CARTESIAN_POINT ( 'NONE',  ( -17.94515835212956745, 22.06185725580960266, 17.40694562233682774 ) ) ;
#1557 = CARTESIAN_POINT ( 'NONE',  ( 24.98452710240406560, 19.49594403330494430, 0.8829599924619074836 ) ) ;
#1558 = CARTESIAN_POINT ( 'NONE',  ( -22.45322916642503586, 20.64999999999999858, 1.450000000000078337 ) ) ;
#1559 = CARTESIAN_POINT ( 'NONE',  ( 11.05662432702592035, 110.0000000000000000, -19.15063509461099400 ) ) ;
#1560 = CARTESIAN_POINT ( 'NONE',  ( 11.05662432702603404, 27.00000000000000000, 19.15063509461108282 ) ) ;
#1561 = CARTESIAN_POINT ( 'NONE',  ( -24.99999607526474321, 22.09993233214628461, -0.1897104439198127046 ) ) ;
#1562 = CLOSED_SHELL ( 'NONE', ( #1891, #267, #1070, #236, #673, #1875, #638, #365, #524, #1224, #621, #703, #187, #995, #479, #751, #1428, #2030, #1147, #1310, #79, #793, #176, #321, #1691, #1302, #1963, #1548, #124, #1650, #806, #401, #443, #1008, #333, #212, #1984, #1539, #1805, #1674, #932 ) ) ;
#1563 = CARTESIAN_POINT ( 'NONE',  ( 0.9576010702382719009, 21.74300497512261998, 22.47971507399344304 ) ) ;
#1564 = CARTESIAN_POINT ( 'NONE',  ( 5.659485349281843945E-24, 19.19999999999999929, -25.00000000000000000 ) ) ;
#1565 = CARTESIAN_POINT ( 'NONE',  ( 18.29188625470543172, 21.80312911125771791, 17.04151034852039004 ) ) ;
#1566 = CARTESIAN_POINT ( 'NONE',  ( 16.87706304263916479, 20.26998498326822684, 14.88018743082396611 ) ) ;
#1567 = VECTOR ( 'NONE', #1003, 1000.000000000000114 ) ;
#1568 = AXIS2_PLACEMENT_3D ( 'NONE', #610, #433, #1395 ) ;
#1569 = ORIENTED_EDGE ( 'NONE', *, *, #54, .T. ) ;
#1570 = EDGE_CURVE ( 'NONE', #1908, #85, #1097, .T. ) ;
#1571 = LINE ( 'NONE', #1069, #967 ) ;
#1572 = DIRECTION ( 'NONE',  ( 1.000000000000000000, -0.000000000000000000, -3.491481338843133750E-15 ) ) ;
#1573 = CARTESIAN_POINT ( 'NONE',  ( -1.302973391076953646, 21.29327165553563361, 22.46227039607493481 ) ) ;
#1574 = FACE_OUTER_BOUND ( 'NONE', #1318, .T. ) ;
#1575 = CARTESIAN_POINT ( 'NONE',  ( -24.96019758259796006, 20.27000066408747969, 1.412008383821836910 ) ) ;
#1576 = CARTESIAN_POINT ( 'NONE',  ( -18.29107553703531863, 19.49594403330493364, 17.04238154066265309 ) ) ;
#1577 = LINE ( 'NONE', #907, #303 ) ;
#1578 = ORIENTED_EDGE ( 'NONE', *, *, #92, .F. ) ;
#1579 = ORIENTED_EDGE ( 'NONE', *, *, #871, .F. ) ;
#1580 = CARTESIAN_POINT ( 'NONE',  ( 1.375804563886785514, 20.18236058834947855, -22.45792712071477126 ) ) ;
#1581 = DIRECTION ( 'NONE',  ( -0.000000000000000000, -0.000000000000000000, 1.000000000000000000 ) ) ;
#1582 = CARTESIAN_POINT ( 'NONE',  ( 12.49999999999994849, 110.0000000000000000, -21.65063509461099400 ) ) ;
#1583 = CARTESIAN_POINT ( 'NONE',  ( 25.00000000000000355, 40.00000000000017764, 1.734723475976807094E-15 ) ) ;
#1584 = CARTESIAN_POINT ( 'NONE',  ( 17.60918382057519693, 19.20007876753757614, -17.74614877789538170 ) ) ;
#1585 = SURFACE_STYLE_USAGE ( .BOTH. , #177 ) ;
#1586 = FACE_OUTER_BOUND ( 'NONE', #76, .T. ) ;
#1587 = CARTESIAN_POINT ( 'NONE',  ( 16.35880287974217850, 19.34733859074379225, 15.44821222905517288 ) ) ;
#1588 = ORIENTED_EDGE ( 'NONE', *, *, #1592, .F. ) ;
#1589 = CARTESIAN_POINT ( 'NONE',  ( -0.1912810935565065207, 19.20000000000000639, 22.50000000000000711 ) ) ;
#1590 = CARTESIAN_POINT ( 'NONE',  ( -15.44821222905522262, 19.34733859074379936, 16.35880287974212877 ) ) ;
#1591 = CARTESIAN_POINT ( 'NONE',  ( 17.54322804472017694, 19.19984392139582852, 17.81212381685470447 ) ) ;
#1592 = EDGE_CURVE ( 'NONE', #816, #1105, #1179, .T. ) ;
#1593 = B_SPLINE_CURVE_WITH_KNOTS ( 'NONE', 3,
 ( #1359, #1514, #1851, #1228, #1059, #1671, #441, #745, #276, #1382, #2000, #1704, #90, #911, #2010, #1535, #115, #1557, #757, #1393, #417, #734, #606, #1692 ),
 .UNSPECIFIED., .F., .F.,
 ( 4, 2, 2, 2, 2, 2, 2, 2, 2, 2, 2, 4 ),
 ( 0.004534312584917976445, 0.005100972053355635506, 0.005667631521793295435, 0.005950961256012120629, 0.006234290990230947557, 0.006517620724449772751, 0.006800950458668599680, 0.007367609927106251802, 0.007650939661325079598, 0.007934269395543907394, 0.008500928863981564720, 0.009067588332419220312 ),
 .UNSPECIFIED. ) ;
#1594 = CARTESIAN_POINT ( 'NONE',  ( 0.000000000000000000, 22.09999999999999787, -25.00000000000000000 ) ) ;
#1595 = EDGE_CURVE ( 'NONE', #29, #1995, #1867, .T. ) ;
#1596 = CARTESIAN_POINT ( 'NONE',  ( 22.47049647028403996, 19.75917606119070413, -1.159598406615110155 ) ) ;
#1597 = CARTESIAN_POINT ( 'NONE',  ( -1.266739906552991179, 19.91959049219052602, 24.96799201445048055 ) ) ;
#1598 = AXIS2_PLACEMENT_3D ( 'NONE', #228, #682, #385 ) ;
#1599 = AXIS2_PLACEMENT_3D ( 'NONE', #316, #1431, #156 ) ;
#1600 = VERTEX_POINT ( 'NONE', #510 ) ;
#1601 = CARTESIAN_POINT ( 'NONE',  ( 0.1893472328053664999, 19.20000000000000639, -22.50000000000000000 ) ) ;
#1602 = FACE_OUTER_BOUND ( 'NONE', #1618, .T. ) ;
#1603 = CARTESIAN_POINT ( 'NONE',  ( 25.00000000000000000, 40.00000000000017764, 0.000000000000000000 ) ) ;
#1604 = DIRECTION ( 'NONE',  ( 0.7071067811865437980, -0.000000000000000000, -0.7071067811865512365 ) ) ;
#1605 = CARTESIAN_POINT ( 'NONE',  ( 22.45322916642502875, 20.64999999999999858, -1.450000000000235101 ) ) ;
#1606 = EDGE_CURVE ( 'NONE', #85, #1908, #888, .T. ) ;
#1607 = CARTESIAN_POINT ( 'NONE',  ( -16.77492699034731416, 21.37641663017161164, 14.99515260415224738 ) ) ;
#1608 = CARTESIAN_POINT ( 'NONE',  ( 0.000000000000000000, 30.00000000000000000, 0.000000000000000000 ) ) ;
#1609 = ORIENTED_EDGE ( 'NONE', *, *, #37, .T. ) ;
#1610 = CARTESIAN_POINT ( 'NONE',  ( -25.00000000000020606, 20.64999999999999858, -1.449999999999912470 ) ) ;
#1611 = FACE_OUTER_BOUND ( 'NONE', #931, .T. ) ;
#1612 = DIRECTION ( 'NONE',  ( 9.570888143320315493E-15, 0.000000000000000000, 1.000000000000000000 ) ) ;
#1613 = EDGE_CURVE ( 'NONE', #720, #186, #130, .T. ) ;
#1614 = CARTESIAN_POINT ( 'NONE',  ( 18.64761240023176470, 20.26803843530321814, -16.65148094214892538 ) ) ;
#1615 = CYLINDRICAL_SURFACE ( 'NONE', #697, 1.449999999999998179 ) ;
#1616 = VERTEX_POINT ( 'NONE', #1560 ) ;
#1617 = DIRECTION ( 'NONE',  ( 0.7071067811865437980, -0.000000000000000000, -0.7071067811865512365 ) ) ;
#1618 = EDGE_LOOP ( 'NONE', ( #909, #579, #198, #55, #1001, #1356 ) ) ;
#1619 = CARTESIAN_POINT ( 'NONE',  ( 16.83976975305900581, 19.75767522203641846, 18.47809816598651977 ) ) ;
#1620 = LINE ( 'NONE', #1505, #24 ) ;
#1621 = ORIENTED_EDGE ( 'NONE', *, *, #1440, .T. ) ;
#1622 = CARTESIAN_POINT ( 'NONE',  ( -17.54322804472005259, 19.19984392139581786, -17.81212381685481105 ) ) ;
#1623 = CARTESIAN_POINT ( 'NONE',  ( -15.27251790418310229, 21.80312298059470066, 16.52290457333912954 ) ) ;
#1624 = ORIENTED_EDGE ( 'NONE', *, *, #687, .F. ) ;
#1625 = AXIS2_PLACEMENT_3D ( 'NONE', #1675, #1180, #1633 ) ;
#1626 = EDGE_CURVE ( 'NONE', #171, #865, #773, .T. ) ;
#1627 = CARTESIAN_POINT ( 'NONE',  ( 16.83828573573192244, 21.54018129493336886, -18.47946152070610992 ) ) ;
#1628 = ORIENTED_EDGE ( 'NONE', *, *, #248, .T. ) ;
#1629 = FACE_OUTER_BOUND ( 'NONE', #679, .T. ) ;
#1630 = CARTESIAN_POINT ( 'NONE',  ( 3.061616997402319681E-15, 19.19999999999999929, 25.00000000000000000 ) ) ;
#1631 = CARTESIAN_POINT ( 'NONE',  ( 15.64055900444490455, 19.23738105445973545, 16.17571746779572806 ) ) ;
#1632 = LINE ( 'NONE', #880, #2073 ) ;
#1633 = DIRECTION ( 'NONE',  ( 0.5000000000000000000, 0.000000000000000000, 0.8660254037844385966 ) ) ;
#1634 = CARTESIAN_POINT ( 'NONE',  ( 15.97643054343617131, 22.10003375933952441, 15.84337768672395796 ) ) ;
#1635 = VERTEX_POINT ( 'NONE', #1075 ) ;
#1636 = DIRECTION ( 'NONE',  ( -0.000000000000000000, -1.000000000000000000, -0.000000000000000000 ) ) ;
#1637 = ORIENTED_EDGE ( 'NONE', *, *, #311, .T. ) ;
#1638 = CARTESIAN_POINT ( 'NONE',  ( 16.87150839655005186, 21.02542646987015118, -14.88632074528736737 ) ) ;
#1639 = EDGE_CURVE ( 'NONE', #976, #235, #736, .T. ) ;
#1640 = CARTESIAN_POINT ( 'NONE',  ( 16.90213543583533706, 20.64999999999999858, 14.85152577039407795 ) ) ;
#1641 = CARTESIAN_POINT ( 'NONE',  ( 16.70823825951261199, 19.75766262175231702, -15.06992815864242807 ) ) ;
#1642 = LINE ( 'NONE', #859, #699 ) ;
#1643 = CARTESIAN_POINT ( 'NONE',  ( 1.403461316679976312, 21.02652338947625665, 24.96058173960424398 ) ) ;
#1644 = CARTESIAN_POINT ( 'NONE',  ( -22.49704751514392242, 22.05356277026863410, 0.3761689302098871757 ) ) ;
#1645 = ORIENTED_EDGE ( 'NONE', *, *, #1960, .F. ) ;
#1646 = CARTESIAN_POINT ( 'NONE',  ( 17.34479501082435959, 22.02617301739972433, -18.00460488850913876 ) ) ;
#1647 = ORIENTED_EDGE ( 'NONE', *, *, #687, .T. ) ;
#1648 = CARTESIAN_POINT ( 'NONE',  ( 24.99734299331395349, 22.05356634839440844, -0.3761551069322793817 ) ) ;
#1649 = CARTESIAN_POINT ( 'NONE',  ( -16.62964676276091325, 20.84004748575756238, -18.66695446874366837 ) ) ;
#1650 = ADVANCED_FACE ( 'NONE', ( #1372 ), #1050, .F. ) ;
#1651 = CARTESIAN_POINT ( 'NONE',  ( 16.17571746779567476, 19.23738105445974256, -15.64055900444497027 ) ) ;
#1652 = CARTESIAN_POINT ( 'NONE',  ( -24.95791457634231847, 20.45839080608687865, -1.449999999999913136 ) ) ;
#1653 = CARTESIAN_POINT ( 'NONE',  ( 24.95791457634229715, 20.64999999999999858, -1.450000000000261302 ) ) ;
#1654 = CARTESIAN_POINT ( 'NONE',  ( 1.450000000000000178, 20.84128104375336576, -22.45322916642504296 ) ) ;
#1655 = EDGE_CURVE ( 'NONE', #837, #1734, #2033, .T. ) ;
#1656 = CARTESIAN_POINT ( 'NONE',  ( -26.02530483272042616, 20.64999999999999858, 23.97469516727970174 ) ) ;
#1657 = ORIENTED_EDGE ( 'NONE', *, *, #281, .F. ) ;
#1658 = ORIENTED_EDGE ( 'NONE', *, *, #1044, .F. ) ;
#1659 = DIRECTION ( 'NONE',  ( -0.7071067811865536790, -0.000000000000000000, -0.7071067811865414665 ) ) ;
#1660 = AXIS2_PLACEMENT_3D ( 'NONE', #1426, #650, #958 ) ;
#1661 = B_SPLINE_CURVE_WITH_KNOTS ( 'NONE', 3,
 ( #2024, #1869, #1233, #1844, #928, #1053, #2049, #435, #1563, #1698, #612, #728, #1709, #1258, #576, #456 ),
 .UNSPECIFIED., .F., .F.,
 ( 4, 2, 2, 2, 2, 2, 2, 4 ),
 ( 0.002267785981290948698, 0.002551129694161745950, 0.002834473407032542767, 0.003117817119903340019, 0.003401160832774137270, 0.003967848258515731773, 0.004251191971386533361, 0.004534535684257335816 ),
 .UNSPECIFIED. ) ;
#1662 = FACE_OUTER_BOUND ( 'NONE', #1289, .T. ) ;
#1663 = VECTOR ( 'NONE', #565, 1000.000000000000000 ) ;
#1664 = CARTESIAN_POINT ( 'NONE',  ( 0.1899444107658575243, 19.20938914976636269, 22.49938935338372659 ) ) ;
#1665 = DIRECTION ( 'NONE',  ( 0.000000000000000000, 1.000000000000000000, 0.000000000000000000 ) ) ;
#1666 = CARTESIAN_POINT ( 'NONE',  ( 0.3765710062583183526, 22.05345318380756581, 24.99733662151037805 ) ) ;
#1667 = CARTESIAN_POINT ( 'NONE',  ( 14.85152577039437105, 20.64999999999999858, 16.90213543583507771 ) ) ;
#1668 = ORIENTED_EDGE ( 'NONE', *, *, #1613, .T. ) ;
#1669 = EDGE_LOOP ( 'NONE', ( #319, #1937, #488, #568, #1151, #1149, #1114, #1103, #1713, #1533, #518, #347, #359 ) ) ;
#1670 = DIRECTION ( 'NONE',  ( -0.6123724356957994663, -0.7071067811865441310, -0.3535533905932720100 ) ) ;
#1671 = CARTESIAN_POINT ( 'NONE',  ( 24.98168009329911143, 19.55853030592677300, -0.9592330618619014926 ) ) ;
#1672 = FACE_OUTER_BOUND ( 'NONE', #647, .T. ) ;
#1673 = CARTESIAN_POINT ( 'NONE',  ( 0.000000000000000000, 0.000000000000000000, 0.000000000000000000 ) ) ;
#1674 = ADVANCED_FACE ( 'NONE', ( #598 ), #903, .F. ) ;
#1675 = CARTESIAN_POINT ( 'NONE',  ( 22.11324865405195439, 110.0000000000000000, 1.433315272025836862E-13 ) ) ;
#1676 = CARTESIAN_POINT ( 'NONE',  ( -22.46226655573563136, 21.29313537457844063, -1.303039149886408010 ) ) ;
#1677 = ORIENTED_EDGE ( 'NONE', *, *, #1326, .T. ) ;
#1678 = ORIENTED_EDGE ( 'NONE', *, *, #815, .T. ) ;
#1679 = CARTESIAN_POINT ( 'NONE',  ( -18.18645374514135682, 21.91724442323200250, 17.15468928187950226 ) ) ;
#1680 = CARTESIAN_POINT ( 'NONE',  ( -1.440589843365824629, 20.84009047997694708, 24.95846633518708302 ) ) ;
#1681 = DIRECTION ( 'NONE',  ( -0.000000000000000000, -1.000000000000000000, -0.000000000000000000 ) ) ;
#1682 = CARTESIAN_POINT ( 'NONE',  ( -22.48273757897856484, 19.49728280979001482, 0.8847196028506064680 ) ) ;
#1683 = CARTESIAN_POINT ( 'NONE',  ( -15.38612335942108977, 21.91723634275234645, -16.41790714161099274 ) ) ;
#1684 = CARTESIAN_POINT ( 'NONE',  ( -24.95791457634231847, 20.64999999999999858, -1.449999999999912692 ) ) ;
#1685 = CARTESIAN_POINT ( 'NONE',  ( 2.755455298081545172E-15, 30.00000000000000000, 22.50000000000000355 ) ) ;
#1686 = DIRECTION ( 'NONE',  ( -0.000000000000000000, -1.000000000000000000, -0.000000000000000000 ) ) ;
#1687 = CARTESIAN_POINT ( 'NONE',  ( 17.81181229581422443, 22.09993233214627750, -17.54352121309931434 ) ) ;
#1688 = ORIENTED_EDGE ( 'NONE', *, *, #539, .T. ) ;
#1689 = VERTEX_POINT ( 'NONE', #1256 ) ;
#1690 = CARTESIAN_POINT ( 'NONE',  ( 14.85152577039402111, 20.74464678175479548, -16.90213543583539391 ) ) ;
#1691 = ADVANCED_FACE ( 'NONE', ( #1889 ), #940, .T. ) ;
#1692 = CARTESIAN_POINT ( 'NONE',  ( 24.95791457634232913, 20.64999999999999858, 1.449999999999738387 ) ) ;
#1693 = CARTESIAN_POINT ( 'NONE',  ( -22.49100787612161767, 19.34644628598099914, -0.6421021013857851623 ) ) ;
#1694 = VECTOR ( 'NONE', #1398, 1000.000000000000000 ) ;
#1695 = CARTESIAN_POINT ( 'NONE',  ( 0.3817670586936938171, 22.06151761834285097, -24.99769303108709195 ) ) ;
#1696 = CARTESIAN_POINT ( 'NONE',  ( -24.96058292667292022, 21.02660701648794017, 1.403440314667390165 ) ) ;
#1697 = AXIS2_PLACEMENT_3D ( 'NONE', #175, #804, #1761 ) ;
#1698 = CARTESIAN_POINT ( 'NONE',  ( 1.160630104068207658, 21.53998679933346239, 22.47045385015907115 ) ) ;
#1699 = CARTESIAN_POINT ( 'NONE',  ( -22.11324865405195439, 110.0000000000000000, 2.753873518113181262E-14 ) ) ;
#1700 = CARTESIAN_POINT ( 'NONE',  ( 17.54352121309925749, 22.09993233214628106, 17.81181229581428482 ) ) ;
#1701 = VERTEX_POINT ( 'NONE', #726 ) ;
#1702 = ORIENTED_EDGE ( 'NONE', *, *, #414, .T. ) ;
#1703 = CARTESIAN_POINT ( 'NONE',  ( 15.57668649224793711, 22.02616783709861181, -16.23651903821823339 ) ) ;
#1704 = CARTESIAN_POINT ( 'NONE',  ( 24.99944224689436467, 19.20953018485652919, -0.1909879485522838760 ) ) ;
#1705 = CARTESIAN_POINT ( 'NONE',  ( 1.440613590095280117, 20.46007647023123965, -24.95846496159966676 ) ) ;
#1706 = FACE_OUTER_BOUND ( 'NONE', #1669, .T. ) ;
#1707 = CARTESIAN_POINT ( 'NONE',  ( -22.11324865405195439, 27.00000000000000000, 2.753873518113181262E-14 ) ) ;
#1708 = CARTESIAN_POINT ( 'NONE',  ( -24.96604488489236218, 21.29311942374651423, -1.303047080827066662 ) ) ;
#1709 = CARTESIAN_POINT ( 'NONE',  ( 1.403457206642568122, 21.02654011187321714, 22.45619408196216327 ) ) ;
#1710 = CARTESIAN_POINT ( 'NONE',  ( -18.67321547392663916, 20.45839080608688221, 16.62260580848583658 ) ) ;
#1711 = CARTESIAN_POINT ( 'NONE',  ( 17.81174587776331464, 22.09060030914359984, 17.54281500147095940 ) ) ;
#1712 = ORIENTED_EDGE ( 'NONE', *, *, #2075, .F. ) ;
#1713 = ORIENTED_EDGE ( 'NONE', *, *, #1499, .T. ) ;
#1714 = CARTESIAN_POINT ( 'NONE',  ( -18.54518905246014171, 21.37640257111855391, 16.76540302671313043 ) ) ;
#1715 = DIRECTION ( 'NONE',  ( 0.4999999999999950595, 0.000000000000000000, -0.8660254037844415942 ) ) ;
#1716 = CARTESIAN_POINT ( 'NONE',  ( -11.05662432702598430, 27.00000000000000000, -19.15063509461099400 ) ) ;
#1717 = CARTESIAN_POINT ( 'NONE',  ( -16.04394303739637451, 22.09059905109625177, -15.77499736213857418 ) ) ;
#1718 = CARTESIAN_POINT ( 'NONE',  ( -1.257938570510828580, 19.92266716928679671, -24.96838707075099251 ) ) ;
#1719 = CARTESIAN_POINT ( 'NONE',  ( -12.50000000000009770, 40.00000000000017764, -21.65063509461091229 ) ) ;
#1720 = EDGE_CURVE ( 'NONE', #44, #1423, #1166, .T. ) ;
#1721 = CARTESIAN_POINT ( 'NONE',  ( -0.09585348762463286043, 22.09999999999999787, -22.50000000000000355 ) ) ;
#1722 = CARTESIAN_POINT ( 'NONE',  ( 18.67321547392686654, 20.74464456010002777, 16.62260580848557368 ) ) ;
#1723 = EDGE_LOOP ( 'NONE', ( #592, #691, #2078, #832 ) ) ;
#1724 = VERTEX_POINT ( 'NONE', #174 ) ;
#1725 = CARTESIAN_POINT ( 'NONE',  ( 16.04405302893831831, 22.09993220281346993, -15.77574594554268295 ) ) ;
#1726 = CARTESIAN_POINT ( 'NONE',  ( -16.35757893502964677, 19.34644628598100624, 15.44950943482166039 ) ) ;
#1727 = CARTESIAN_POINT ( 'NONE',  ( 2.755455297896063857E-15, 19.19999999999999929, 22.50000000000000355 ) ) ;
#1728 = CARTESIAN_POINT ( 'NONE',  ( -16.35761915982344661, 21.95351700147079654, -15.44946626839837833 ) ) ;
#1729 = CARTESIAN_POINT ( 'NONE',  ( -0.09462296690491311946, 19.19999999999999929, -25.00000000000000000 ) ) ;
#1730 = LINE ( 'NONE', #1685, #1663 ) ;
#1731 = VECTOR ( 'NONE', #1407, 1000.000000000000227 ) ;
#1732 = CARTESIAN_POINT ( 'NONE',  ( -17.94363437680730300, 19.23736857897700148, 17.40852978411997753 ) ) ;
#1733 = DIRECTION ( 'NONE',  ( -0.5000000000000000000, 0.000000000000000000, 0.8660254037844385966 ) ) ;
#1734 = VERTEX_POINT ( 'NONE', #1427 ) ;
#1735 = ORIENTED_EDGE ( 'NONE', *, *, #1172, .F. ) ;
#1736 = FACE_BOUND ( 'NONE', #2054, .T. ) ;
#1737 = CARTESIAN_POINT ( 'NONE',  ( 18.67321547392652192, 20.64999999999999858, -16.62260580848597158 ) ) ;
#1738 = CARTESIAN_POINT ( 'NONE',  ( 18.47885767715912664, 19.75917930020669644, 16.83893382464934518 ) ) ;
#1739 = CARTESIAN_POINT ( 'NONE',  ( 22.11324865405195439, 27.00000000000000000, 1.433315272025836862E-13 ) ) ;
#1740 = CARTESIAN_POINT ( 'NONE',  ( 16.65108426711824308, 20.27000066408748680, -18.64796567370391500 ) ) ;
#1741 = CARTESIAN_POINT ( 'NONE',  ( -17.21792186099928657, 19.34643928070831009, -18.12597301558749763 ) ) ;
#1742 = CARTESIAN_POINT ( 'NONE',  ( -16.17722424209460286, 22.06185219708664746, 15.63898598895949199 ) ) ;
#1743 = LINE ( 'NONE', #317, #595 ) ;
#1744 = ORIENTED_EDGE ( 'NONE', *, *, #1809, .T. ) ;
#1745 = EDGE_CURVE ( 'NONE', #865, #1005, #812, .T. ) ;
#1746 = ORIENTED_EDGE ( 'NONE', *, *, #1809, .F. ) ;
#1747 = CARTESIAN_POINT ( 'NONE',  ( 1.153137743557475670, 19.76582386402500191, -22.47049299859541804 ) ) ;
#1748 = CARTESIAN_POINT ( 'NONE',  ( 25.00000000000000355, 40.00000000000017764, 1.734723475976807094E-15 ) ) ;
#1749 = CARTESIAN_POINT ( 'NONE',  ( 24.96213863105176500, 21.11751517043449056, 1.375850229300089378 ) ) ;
#1750 = CARTESIAN_POINT ( 'NONE',  ( 1.267379948599384187, 19.92064959569658100, 24.96795925993786369 ) ) ;
#1751 = CARTESIAN_POINT ( 'NONE',  ( 22.49704324137920253, 19.24650614072062993, -0.3763439388507749950 ) ) ;
#1752 = CARTESIAN_POINT ( 'NONE',  ( -18.67321547392674930, 20.64999999999999858, -16.62260580848570513 ) ) ;
#1753 = CARTESIAN_POINT ( 'NONE',  ( -0.8835062644322594361, 19.49636590963944371, 24.98450758825665474 ) ) ;
#1754 = ORIENTED_EDGE ( 'NONE', *, *, #1199, .F. ) ;
#1755 = LINE ( 'NONE', #947, #1930 ) ;
#1756 = CARTESIAN_POINT ( 'NONE',  ( -24.99999999999999645, 110.0000000000000000, 1.745740669421566678E-13 ) ) ;
#1757 = CARTESIAN_POINT ( 'NONE',  ( 24.98446411297644687, 21.80922433054843523, 0.8913363086073515795 ) ) ;
#1758 = EDGE_CURVE ( 'NONE', #1368, #855, #2060, .T. ) ;
#1759 = FACE_OUTER_BOUND ( 'NONE', #1837, .T. ) ;
#1760 =( BOUNDED_CURVE ( )  B_SPLINE_CURVE ( 3, ( #652, #468, #634, #1266 ),
 .UNSPECIFIED., .F., .T. ) 
 B_SPLINE_CURVE_WITH_KNOTS ( ( 4, 4 ),
 ( 5.759586531581294189, 6.283185307179586232 ),
 .UNSPECIFIED. ) 
 CURVE ( )  GEOMETRIC_REPRESENTATION_ITEM ( )  RATIONAL_B_SPLINE_CURVE ( ( 1.000000000000000000, 0.9772838841927127262, 0.9772838841927127262, 1.000000000000000000 ) ) 
 REPRESENTATION_ITEM ( '' )  );
#1761 = DIRECTION ( 'NONE',  ( 1.000000000000000000, 0.000000000000000000, -3.330669073875464099E-15 ) ) ;
#1762 = CARTESIAN_POINT ( 'NONE',  ( -18.55130993288399210, 19.92099546792112363, -16.75870313635251208 ) ) ;
#1763 = CARTESIAN_POINT ( 'NONE',  ( -16.66338654120703211, 21.60863183725303927, 15.11906187889744224 ) ) ;
#1764 = MECHANICAL_DESIGN_GEOMETRIC_PRESENTATION_REPRESENTATION (  '', ( #1200 ), #1463 ) ;
#1765 = ORIENTED_EDGE ( 'NONE', *, *, #959, .F. ) ;
#1766 = AXIS2_PLACEMENT_3D ( 'NONE', #28, #540, #868 ) ;
#1767 = CARTESIAN_POINT ( 'NONE',  ( -15.27210497110900356, 19.49728280979001482, 16.52328743235772635 ) ) ;
#1768 = LINE ( 'NONE', #1582, #861 ) ;
#1769 = B_SPLINE_CURVE_WITH_KNOTS ( 'NONE', 3,
 ( #1086, #1408, #611, #727, #563, #408, #1718, #904, #1257, #1890, #1051, #737, #455, #1099, #1729, #254 ),
 .UNSPECIFIED., .F., .F.,
 ( 4, 2, 2, 2, 2, 2, 2, 4 ),
 ( 0.002267673563688146071, 0.002551003454137740906, 0.002834333344587335740, 0.003117663235036930575, 0.003400993125486525409, 0.003967652906385707272, 0.004250982796835297770, 0.004534312687284889135 ),
 .UNSPECIFIED. ) ;
#1770 = CARTESIAN_POINT ( 'NONE',  ( 12.50000000000017231, 39.99999999999997868, -21.65063509461099400 ) ) ;
#1771 = CARTESIAN_POINT ( 'NONE',  ( 18.18324803994660144, 19.39092837485024745, -17.15738044098894122 ) ) ;
#1772 = CARTESIAN_POINT ( 'NONE',  ( -18.47885767715901295, 19.75917930020669999, -16.83893382464947308 ) ) ;
#1773 = LINE ( 'NONE', #1457, #1996 ) ;
#1774 =( BOUNDED_CURVE ( )  B_SPLINE_CURVE ( 3, ( #1337, #43, #719, #1201 ),
 .UNSPECIFIED., .F., .T. ) 
 B_SPLINE_CURVE_WITH_KNOTS ( ( 4, 4 ),
 ( 1.028587617594609006E-14, 0.5235987755983000369 ),
 .UNSPECIFIED. ) 
 CURVE ( )  GEOMETRIC_REPRESENTATION_ITEM ( )  RATIONAL_B_SPLINE_CURVE ( ( 1.000000000000000000, 0.9772838841927129483, 0.9772838841927129483, 1.000000000000000000 ) ) 
 REPRESENTATION_ITEM ( '' )  );
#1775 = ORIENTED_EDGE ( 'NONE', *, *, #1226, .F. ) ;
#1776 = CARTESIAN_POINT ( 'NONE',  ( 18.62377052597051730, 21.11751517043449766, -16.67802447190026172 ) ) ;
#1777 = DIRECTION ( 'NONE',  ( 1.000000000000000000, -0.000000000000000000, -3.491481338843133750E-15 ) ) ;
#1778 = CARTESIAN_POINT ( 'NONE',  ( -8.677435037599783740, 37.79304108996348077, -23.85759400464759494 ) ) ;
#1779 = ORIENTED_EDGE ( 'NONE', *, *, #1074, .F. ) ;
#1780 = CARTESIAN_POINT ( 'NONE',  ( -24.98168009329911854, 19.55853030592677300, 0.9592330618617274096 ) ) ;
#1781 =( NAMED_UNIT ( * ) PLANE_ANGLE_UNIT ( ) SI_UNIT ( $, .RADIAN. ) );
#1782 = CARTESIAN_POINT ( 'NONE',  ( -16.80460882141667156, 21.29313537457845484, 14.96183318334425394 ) ) ;
#1783 = EDGE_CURVE ( 'NONE', #855, #835, #1986, .T. ) ;
#1784 = EDGE_LOOP ( 'NONE', ( #1122, #1340, #654, #764 ) ) ;
#1785 = CARTESIAN_POINT ( 'NONE',  ( 22.49533336187401034, 22.02616783709860826, -0.4665720677031407471 ) ) ;
#1786 = ORIENTED_EDGE ( 'NONE', *, *, #1975, .T. ) ;
#1787 = CARTESIAN_POINT ( 'NONE',  ( 24.96798707088168001, 21.38057332055230830, -1.266859672968994488 ) ) ;
#1788 = CARTESIAN_POINT ( 'NONE',  ( -17.74419435820752255, 22.10003369518804206, -17.61114746494681427 ) ) ;
#1789 = ORIENTED_EDGE ( 'NONE', *, *, #1488, .T. ) ;
#1790 = CARTESIAN_POINT ( 'NONE',  ( -15.27338711943730232, 19.49595515885233254, -16.52210218585029367 ) ) ;
#1791 = CARTESIAN_POINT ( 'NONE',  ( -1.159412832687866102, 21.54109985692485552, -24.97345946438546704 ) ) ;
#1792 = CARTESIAN_POINT ( 'NONE',  ( -22.49745800603515633, 22.06185219708664391, -0.3805919186858740533 ) ) ;
#1793 = AXIS2_PLACEMENT_3D ( 'NONE', #725, #1475, #379 ) ;
#1794 = VERTEX_POINT ( 'NONE', #643 ) ;
#1795 = VECTOR ( 'NONE', #445, 1000.000000000000000 ) ;
#1796 = CARTESIAN_POINT ( 'NONE',  ( 16.67789348513795034, 21.11700723971261340, -18.62388780166673286 ) ) ;
#1797 = ORIENTED_EDGE ( 'NONE', *, *, #551, .T. ) ;
#1798 = CARTESIAN_POINT ( 'NONE',  ( 24.96212893586395154, 21.11700723971260985, -1.376025777367942071 ) ) ;
#1799 = CARTESIAN_POINT ( 'NONE',  ( -17.94177256910794682, 22.05356634839441909, -17.40980891532871766 ) ) ;
#1800 = CARTESIAN_POINT ( 'NONE',  ( 15.84141221989443160, 19.20007820838487334, -15.97838580573055367 ) ) ;
#1801 = CARTESIAN_POINT ( 'NONE',  ( -14.88632074528719684, 21.02542646987015118, -16.87150839655021528 ) ) ;
#1802 = DIRECTION ( 'NONE',  ( 0.6123724356957946924, -0.7071067811865441310, -0.3535533905932803922 ) ) ;
#1803 = CARTESIAN_POINT ( 'NONE',  ( 16.41579241234144249, 21.90810425832128772, 15.38759039447622712 ) ) ;
#1804 = EDGE_LOOP ( 'NONE', ( #1251, #1252, #824, #1873 ) ) ;
#1805 = ADVANCED_FACE ( 'NONE', ( #1759 ), #1921, .F. ) ;
#1806 = CARTESIAN_POINT ( 'NONE',  ( 22.45792473298420688, 21.11753352981168064, 1.375843935434625465 ) ) ;
#1807 = ORIENTED_EDGE ( 'NONE', *, *, #1570, .F. ) ;
#1808 = CARTESIAN_POINT ( 'NONE',  ( 24.98996188929012163, 21.91724442323200250, 0.7295676485596274130 ) ) ;
#1809 = EDGE_CURVE ( 'NONE', #835, #1368, #1446, .T. ) ;
#1810 = CARTESIAN_POINT ( 'NONE',  ( 11.05662432702603404, 110.0000000000000000, 19.15063509461108282 ) ) ;
#1811 = PLANE ( 'NONE',  #1793 ) ;
#1812 = CARTESIAN_POINT ( 'NONE',  ( -24.96800161662045525, 19.91924424913933933, -1.266554802787584588 ) ) ;
#1813 = LINE ( 'NONE', #380, #527 ) ;
#1814 = CARTESIAN_POINT ( 'NONE',  ( 0.1906379056762825819, 22.09053592486038653, 24.99944601547758438 ) ) ;
#1815 = CARTESIAN_POINT ( 'NONE',  ( -22.50000217560175031, 22.10003375933953507, 0.09408257723733373656 ) ) ;
#1816 = EDGE_LOOP ( 'NONE', ( #1668, #58, #515, #1932, #1677, #1449 ) ) ;
#1817 = VERTEX_POINT ( 'NONE', #1453 ) ;
#1818 = CARTESIAN_POINT ( 'NONE',  ( 0.000000000000000000, 20.64999999999999858, -25.00000000000000355 ) ) ;
#1819 = CARTESIAN_POINT ( 'NONE',  ( -16.62260580848576907, 20.74582650910052806, -18.67321547392669956 ) ) ;
#1820 = CARTESIAN_POINT ( 'NONE',  ( 16.35757893502953308, 19.34644628598099558, -15.44950943482177230 ) ) ;
#1821 = EDGE_CURVE ( 'NONE', #837, #1689, #779, .T. ) ;
#1822 = DIRECTION ( 'NONE',  ( 0.7071067811865439090, -0.000000000000000000, -0.7071067811865512365 ) ) ;
#1823 = CARTESIAN_POINT ( 'NONE',  ( -0.6432556255838604020, 21.95298136421552826, -24.99187744080473550 ) ) ;
#1824 = CARTESIAN_POINT ( 'NONE',  ( 16.04394303739649175, 22.09059905109625888, 15.77499736213847115 ) ) ;
#1825 = ORIENTED_EDGE ( 'NONE', *, *, #1829, .F. ) ;
#1826 = VECTOR ( 'NONE', #1515, 1000.000000000000114 ) ;
#1827 = EDGE_LOOP ( 'NONE', ( #285, #367 ) ) ;
#1828 = CYLINDRICAL_SURFACE ( 'NONE', #1598, 1.449999999999998179 ) ;
#1829 = EDGE_CURVE ( 'NONE', #1635, #1734, #626, .T. ) ;
#1830 = AXIS2_PLACEMENT_3D ( 'NONE', #1123, #312, #1898 ) ;
#1831 = CARTESIAN_POINT ( 'NONE',  ( -16.84341705178022508, 21.53401808170109533, -18.47436271321446100 ) ) ;
#1832 = CARTESIAN_POINT ( 'NONE',  ( 15.64169648140634550, 19.24650614072062638, -16.17392718384608585 ) ) ;
#1833 = VECTOR ( 'NONE', #1464, 1000.000000000000000 ) ;
#1834 = CARTESIAN_POINT ( 'NONE',  ( -15.06992815864226110, 19.75766262175232058, -16.70823825951278252 ) ) ;
#1835 = CARTESIAN_POINT ( 'NONE',  ( 1.303186018548909475, 21.29283976802188505, -22.46225801022613311 ) ) ;
#1836 = CARTESIAN_POINT ( 'NONE',  ( -22.45617634195697931, 21.02542646987014052, -1.403739650135831241 ) ) ;
#1837 = EDGE_LOOP ( 'NONE', ( #1588, #310, #1056, #1141 ) ) ;
#1838 = B_SPLINE_CURVE_WITH_KNOTS ( 'NONE', 3,
 ( #680, #1319, #1377, #1065, #763, #295, #1079, #1871, #614, #1906, #919, #1858, #1700, #602, #1711, #1883, #578, #448, #1553, #1565, #308, #97, #1269, #1090, #122, #1250, #1722, #624 ),
 .UNSPECIFIED., .F., .F.,
 ( 4, 2, 2, 2, 2, 2, 2, 2, 2, 2, 2, 2, 2, 4 ),
 ( 0.000000000000000000, 0.0002833945365573724978, 0.0005667890731147449956, 0.0008501836096721173850, 0.001133578146229489991, 0.001700367219344227831, 0.002267156292458965237, 0.002550550829016341205, 0.002833945365573717606, 0.003117339902131093139, 0.003400734438688469540, 0.003967523511803228847, 0.004250918048360601345, 0.004534312584917972976 ),
 .UNSPECIFIED. ) ;
#1839 = ORIENTED_EDGE ( 'NONE', *, *, #1199, .T. ) ;
#1840 = CARTESIAN_POINT ( 'NONE',  ( 11.05662432702592035, 110.0000000000000000, -19.15063509461099400 ) ) ;
#1841 = CARTESIAN_POINT ( 'NONE',  ( 0.000000000000000000, 0.000000000000000000, -22.50000000000000355 ) ) ;
#1842 = DIRECTION ( 'NONE',  ( -0.5000000000000000000, 0.000000000000000000, -0.8660254037844385966 ) ) ;
#1843 = CARTESIAN_POINT ( 'NONE',  ( -24.95846608363433106, 20.84004748575755173, -1.440594094263965674 ) ) ;
#1844 = CARTESIAN_POINT ( 'NONE',  ( 0.3765855871622688089, 22.05344939514930047, 22.49704042204579579 ) ) ;
#1845 = CARTESIAN_POINT ( 'NONE',  ( -18.67321547392663561, 20.64999999999999858, 16.62260580848583658 ) ) ;
#1846 = CARTESIAN_POINT ( 'NONE',  ( 22.47048740073528350, 21.53402852147074142, 1.153244608352416378 ) ) ;
#1847 = VERTEX_POINT ( 'NONE', #1 ) ;
#1848 = EDGE_CURVE ( 'NONE', #186, #976, #16, .T. ) ;
#1849 = VERTEX_POINT ( 'NONE', #819 ) ;
#1850 = CARTESIAN_POINT ( 'NONE',  ( -18.62377052597063098, 21.11751517043449411, 16.67802447190012316 ) ) ;
#1851 = CARTESIAN_POINT ( 'NONE',  ( 24.96019758259794585, 20.27000066408747969, -1.412008383822011215 ) ) ;
#1852 = CARTESIAN_POINT ( 'NONE',  ( 3.061616997868383043E-15, 30.00000000000000000, 25.00000000000000000 ) ) ;
#1853 = CARTESIAN_POINT ( 'NONE',  ( -0.7292816082666774280, 21.91741526951132712, 22.48885581649626175 ) ) ;
#1854 = CARTESIAN_POINT ( 'NONE',  ( 1.153634240854836124, 21.53350606491351016, -24.97342373576992358 ) ) ;
#1855 = CARTESIAN_POINT ( 'NONE',  ( 0.7293505808865153872, 19.38262014275639800, -24.98996879196699794 ) ) ;
#1856 = DIRECTION ( 'NONE',  ( -0.000000000000000000, -1.000000000000000000, -0.000000000000000000 ) ) ;
#1857 = DIRECTION ( 'NONE',  ( 0.000000000000000000, 0.000000000000000000, -1.000000000000000000 ) ) ;
#1858 = CARTESIAN_POINT ( 'NONE',  ( 17.40694562233689524, 22.06185725580961332, 17.94515835212951771 ) ) ;
#1859 = ORIENTED_EDGE ( 'NONE', *, *, #1878, .T. ) ;
#1860 = ORIENTED_EDGE ( 'NONE', *, *, #482, .T. ) ;
#1861 = DIRECTION ( 'NONE',  ( -0.8660254037844414832, 0.000000000000000000, -0.4999999999999951150 ) ) ;
#1862 = CARTESIAN_POINT ( 'NONE',  ( -1.302981440997582618, 21.29325546252900736, 24.96604833384954247 ) ) ;
#1863 = CARTESIAN_POINT ( 'NONE',  ( -1.449999999999999956, 20.64999999999999858, 22.45322916642504296 ) ) ;
#1864 = AXIS2_PLACEMENT_3D ( 'NONE', #1818, #1513, #1946 ) ;
#1865 = DIRECTION ( 'NONE',  ( -1.000000000000000000, 0.000000000000000000, 0.000000000000000000 ) ) ;
#1866 = CARTESIAN_POINT ( 'NONE',  ( -24.95791457634232557, 20.74582650910053516, -1.449999999999912914 ) ) ;
#1867 = CIRCLE ( 'NONE', #132, 22.50000000000000355 ) ;
#1868 = VECTOR ( 'NONE', #632, 1000.000000000000227 ) ;
#1869 = CARTESIAN_POINT ( 'NONE',  ( 0.09458164773231877986, 22.09999999999999432, 22.49999999999999645 ) ) ;
#1870 = CARTESIAN_POINT ( 'NONE',  ( -17.54222626511433702, 19.20953018485652919, 17.81232401220661643 ) ) ;
#1871 = CARTESIAN_POINT ( 'NONE',  ( 16.84341705178035298, 21.53401808170109888, 18.47436271321434731 ) ) ;
#1872 = ORIENTED_EDGE ( 'NONE', *, *, #1290, .T. ) ;
#1873 = ORIENTED_EDGE ( 'NONE', *, *, #1242, .T. ) ;
#1874 = PLANE ( 'NONE',  #1525 ) ;
#1875 = ADVANCED_FACE ( 'NONE', ( #1574 ), #343, .F. ) ;
#1876 = CARTESIAN_POINT ( 'NONE',  ( -25.00000000000019895, 20.64999999999999858, 1.450000000000087219 ) ) ;
#1877 = CARTESIAN_POINT ( 'NONE',  ( -22.45322916642503586, 20.46074985476537478, 1.450000000000078337 ) ) ;
#1878 = EDGE_CURVE ( 'NONE', #298, #351, #183, .T. ) ;
#1879 = DIRECTION ( 'NONE',  ( -2.392722035830078873E-15, 0.000000000000000000, -1.000000000000000000 ) ) ;
#1880 = CARTESIAN_POINT ( 'NONE',  ( -24.98954979995799164, 21.90811294858030323, 0.7270340495660113644 ) ) ;
#1881 = CARTESIAN_POINT ( 'NONE',  ( -11.05662432702596654, 110.0000000000000000, 19.15063509461108282 ) ) ;
#1882 = CARTESIAN_POINT ( 'NONE',  ( 14.85152577039401756, 20.64999999999999858, -16.90213543583539035 ) ) ;
#1883 = CARTESIAN_POINT ( 'NONE',  ( 17.94177256910806761, 22.05356634839441199, 17.40980891532859332 ) ) ;
#1884 = CARTESIAN_POINT ( 'NONE',  ( 16.90213543583533706, 20.64999999999999858, 14.85152577039407795 ) ) ;
#1885 = VERTEX_POINT ( 'NONE', #475 ) ;
#1886 = CARTESIAN_POINT ( 'NONE',  ( -16.65741528632765522, 21.02660701648792951, 18.64217961331150875 ) ) ;
#1887 = LINE ( 'NONE', #1274, #970 ) ;
#1888 = DIRECTION ( 'NONE',  ( -0.000000000000000000, -1.000000000000000000, -0.000000000000000000 ) ) ;
#1889 = FACE_OUTER_BOUND ( 'NONE', #100, .T. ) ;
#1890 = CARTESIAN_POINT ( 'NONE',  ( -0.8899985896058429935, 19.48937959694475452, -24.98452022185906074 ) ) ;
#1891 = ADVANCED_FACE ( 'NONE', ( #499 ), #1276, .F. ) ;
#1892 = B_SPLINE_CURVE_WITH_KNOTS ( 'NONE', 3,
 ( #14, #412, #1328, #1173, #1806, #1015, #1311, #1846, #376, #1461, #257, #897, #348, #656, #25, #1299, #1785, #497, #1934, #1142, #188, #836, #668, #1160, #505, #1470, #1150, #996 ),
 .UNSPECIFIED., .F., .F.,
 ( 4, 2, 2, 2, 2, 2, 2, 2, 2, 2, 2, 2, 2, 4 ),
 ( 0.000000000000000000, 0.0002834084802660877169, 0.0005668169605321754338, 0.0008502254407982630423, 0.001133633921064350868, 0.001700450881596518712, 0.002267267842128686556, 0.002550676322394770587, 0.002834084802660854618, 0.003117493282926939082, 0.003400901763193023113, 0.003967718723725185102, 0.004251127203991260893, 0.004534535684257336684 ),
 .UNSPECIFIED. ) ;
#1893 = CARTESIAN_POINT ( 'NONE',  ( -1.257929628089267116, 19.92265217856435555, -22.46486983687914929 ) ) ;
#1894 = CARTESIAN_POINT ( 'NONE',  ( -1.267415432139601394, 21.37928128912725612, -22.46439184040528048 ) ) ;
#1895 = CARTESIAN_POINT ( 'NONE',  ( 3.061616997402319681E-15, 19.19999999999999929, 25.00000000000000000 ) ) ;
#1896 = CARTESIAN_POINT ( 'NONE',  ( 16.90213543583503153, 20.64999999999999858, -14.85152577039443678 ) ) ;
#1897 = ORIENTED_EDGE ( 'NONE', *, *, #1655, .F. ) ;
#1898 = DIRECTION ( 'NONE',  ( 0.000000000000000000, 0.000000000000000000, -1.000000000000000000 ) ) ;
#1899 = B_SPLINE_CURVE_WITH_KNOTS ( 'NONE', 3,
 ( #950, #1912, #1119, #1750, #325, #1977, #48, #1153, #549, #369, #1176, #1351, #219, #1630 ),
 .UNSPECIFIED., .F., .F.,
 ( 4, 2, 2, 2, 2, 2, 4 ),
 ( 0.004534312584917975578, 0.005101264893430342180, 0.005668217201942708783, 0.005951693356198892518, 0.006235169510455075385, 0.006518645664711259120, 0.006802121818967442855 ),
 .UNSPECIFIED. ) ;
#1900 = CARTESIAN_POINT ( 'NONE',  ( -16.90213543583513101, 20.64999999999999858, 14.85152577039431243 ) ) ;
#1901 = CARTESIAN_POINT ( 'NONE',  ( -22.47964286243460919, 19.55852982641097171, 0.9592324008344254027 ) ) ;
#1902 = DIRECTION ( 'NONE',  ( 0.5000000000000069944, 0.000000000000000000, 0.8660254037844345998 ) ) ;
#1903 = CARTESIAN_POINT ( 'NONE',  ( 22.46438376362424449, 19.92097978410128789, -1.267555538145711092 ) ) ;
#1904 = AXIS2_PLACEMENT_3D ( 'NONE', #1125, #810, #141 ) ;
#1905 = CARTESIAN_POINT ( 'NONE',  ( 0.000000000000000000, 0.000000000000000000, 0.000000000000000000 ) ) ;
#1906 = CARTESIAN_POINT ( 'NONE',  ( 17.03641405046350243, 21.80922433054842813, 18.29695394673165865 ) ) ;
#1907 = ORIENTED_EDGE ( 'NONE', *, *, #1087, .F. ) ;
#1908 = VERTEX_POINT ( 'NONE', #1418 ) ;
#1909 = DIRECTION ( 'NONE',  ( -0.000000000000000000, -1.000000000000000000, -0.000000000000000000 ) ) ;
#1910 = DIRECTION ( 'NONE',  ( -0.000000000000000000, -0.000000000000000000, 1.000000000000000000 ) ) ;
#1911 = FACE_OUTER_BOUND ( 'NONE', #509, .T. ) ;
#1912 = CARTESIAN_POINT ( 'NONE',  ( 1.450000000000000178, 20.46065636448504677, 24.95791457634231136 ) ) ;
#1913 = CARTESIAN_POINT ( 'NONE',  ( 22.48273757897855774, 19.49728280979001838, -0.8847196028507641197 ) ) ;
#1914 = CARTESIAN_POINT ( 'NONE',  ( -17.74614877789520762, 19.20007876753757614, -17.60918382057538878 ) ) ;
#1915 = CARTESIAN_POINT ( 'NONE',  ( -0.6428325061821944519, 19.34680981205025674, 24.99188837023750054 ) ) ;
#1916 = ORIENTED_EDGE ( 'NONE', *, *, #414, .F. ) ;
#1917 = EDGE_CURVE ( 'NONE', #34, #720, #2059, .T. ) ;
#1918 = CYLINDRICAL_SURFACE ( 'NONE', #1830, 25.00000000000000000 ) ;
#1919 = DIRECTION ( 'NONE',  ( 0.7071067811865463515, 0.000000000000000000, -0.7071067811865487940 ) ) ;
#1920 = CARTESIAN_POINT ( 'NONE',  ( -22.45322916642504651, 20.45838077413024081, -1.449999999999921574 ) ) ;
#1921 = CYLINDRICAL_SURFACE ( 'NONE', #1496, 1.449999999999998179 ) ;
#1922 = CARTESIAN_POINT ( 'NONE',  ( 22.48280609891321546, 19.49595515885233254, 0.8829748912302347597 ) ) ;
#1923 = DIRECTION ( 'NONE',  ( -0.7071067811865389130, -0.000000000000000000, 0.7071067811865561215 ) ) ;
#1924 = EDGE_LOOP ( 'NONE', ( #1779, #1068 ) ) ;
#1925 = CARTESIAN_POINT ( 'NONE',  ( -16.41467061585170484, 19.39093414656143821, 15.38878823406727747 ) ) ;
#1926 = DIRECTION ( 'NONE',  ( -0.000000000000000000, -0.000000000000000000, -1.000000000000000000 ) ) ;
#1927 = CARTESIAN_POINT ( 'NONE',  ( 24.99999999999999645, 35.42468245269471794, 9.150635094610910514 ) ) ;
#1928 = CARTESIAN_POINT ( 'NONE',  ( 17.54222626511421268, 19.20953018485653629, -17.81232401220674433 ) ) ;
#1929 = CARTESIAN_POINT ( 'NONE',  ( -16.90213543583512745, 20.74583159383276154, 14.85152577039430888 ) ) ;
#1930 = VECTOR ( 'NONE', #330, 1000.000000000000000 ) ;
#1931 = VECTOR ( 'NONE', #424, 1000.000000000000000 ) ;
#1932 = ORIENTED_EDGE ( 'NONE', *, *, #92, .T. ) ;
#1933 = AXIS2_PLACEMENT_3D ( 'NONE', #160, #678, #666 ) ;
#1934 = CARTESIAN_POINT ( 'NONE',  ( 22.48838764737243068, 21.90810425832128772, -0.7270486192622266364 ) ) ;
#1935 = CARTESIAN_POINT ( 'NONE',  ( 18.18441645756588088, 19.39190083398302633, 17.15614221425010300 ) ) ;
#1936 = CARTESIAN_POINT ( 'NONE',  ( -24.99999999999998934, 35.42468245269461846, 9.150635094611061504 ) ) ;
#1937 = ORIENTED_EDGE ( 'NONE', *, *, #1226, .T. ) ;
#1938 = EDGE_CURVE ( 'NONE', #704, #1212, #1899, .T. ) ;
#1939 = CARTESIAN_POINT ( 'NONE',  ( 17.15614221425003549, 19.39190083398303344, -18.18441645756594127 ) ) ;
#1940 = CARTESIAN_POINT ( 'NONE',  ( -17.81232401220654538, 19.20953018485653274, -17.54222626511440453 ) ) ;
#1941 = FACE_OUTER_BOUND ( 'NONE', #994, .T. ) ;
#1942 = PRODUCT_DEFINITION ( 'UNKNOWN', '', #1401, #386 ) ;
#1943 = ORIENTED_EDGE ( 'NONE', *, *, #1476, .T. ) ;
#1944 = CARTESIAN_POINT ( 'NONE',  ( 16.98779506751614576, 21.74319718794886569, -18.34173955483576890 ) ) ;
#1945 = ORIENTED_EDGE ( 'NONE', *, *, #712, .F. ) ;
#1946 = DIRECTION ( 'NONE',  ( 1.000000000000000000, 0.000000000000000000, 0.000000000000000000 ) ) ;
#1947 = FACE_OUTER_BOUND ( 'NONE', #125, .T. ) ;
#1948 = VERTEX_POINT ( 'NONE', #1193 ) ;
#1949 = CARTESIAN_POINT ( 'NONE',  ( -16.87706304263906532, 20.26998498326822684, -14.88018743082408513 ) ) ;
#1950 = PLANE ( 'NONE',  #1625 ) ;
#1951 = CARTESIAN_POINT ( 'NONE',  ( 14.99515260415230955, 21.37641663017161875, 16.77492699034726797 ) ) ;
#1952 = ORIENTED_EDGE ( 'NONE', *, *, #311, .F. ) ;
#1953 = CARTESIAN_POINT ( 'NONE',  ( 18.29695394673159470, 21.80922433054843168, -17.03641405046356638 ) ) ;
#1954 = ORIENTED_EDGE ( 'NONE', *, *, #54, .F. ) ;
#1955 = LINE ( 'NONE', #1473, #1234 ) ;
#1956 = CARTESIAN_POINT ( 'NONE',  ( -18.66690210479818646, 20.84076922787790664, -16.62970566684902352 ) ) ;
#1957 = CARTESIAN_POINT ( 'NONE',  ( 15.38754293305855469, 19.39191008746355038, -16.41583809326112231 ) ) ;
#1958 = CARTESIAN_POINT ( 'NONE',  ( -14.88058828216834328, 20.26801626289494962, -16.87671063596751608 ) ) ;
#1959 = CARTESIAN_POINT ( 'NONE',  ( 1.449999999999999956, 20.74462296980362908, 24.95791457634231492 ) ) ;
#1960 = EDGE_CURVE ( 'NONE', #273, #1847, #1493, .T. ) ;
#1961 = CARTESIAN_POINT ( 'NONE',  ( -22.47972415281213543, 21.74319175312463415, 0.9573897386631082806 ) ) ;
#1962 = ORIENTED_EDGE ( 'NONE', *, *, #1488, .F. ) ;
#1963 = ADVANCED_FACE ( 'NONE', ( #1018, #1947 ), #230, .F. ) ;
#1964 = AXIS2_PLACEMENT_3D ( 'NONE', #1451, #1436, #1919 ) ;
#1965 = CYLINDRICAL_SURFACE ( 'NONE', #494, 1.449999999999998179 ) ;
#1966 = ORIENTED_EDGE ( 'NONE', *, *, #589, .F. ) ;
#1967 = CARTESIAN_POINT ( 'NONE',  ( -1.449999999999999956, 20.64999999999999858, -22.45322916642504296 ) ) ;
#1968 = CARTESIAN_POINT ( 'NONE',  ( -18.00460488850895402, 22.02617301739971722, -17.34479501082454433 ) ) ;
#1969 = CARTESIAN_POINT ( 'NONE',  ( 12.50000000000025047, 110.0000000000000000, 21.65063509461081992 ) ) ;
#1970 = CARTESIAN_POINT ( 'NONE',  ( -24.99186119594444122, 19.34733028443298153, 0.6438671460102460831 ) ) ;
#1971 = CARTESIAN_POINT ( 'NONE',  ( -16.23786886957152475, 19.27449952282072232, -15.57527872324572016 ) ) ;
#1972 = PLANE ( 'NONE',  #305 ) ;
#1973 = CARTESIAN_POINT ( 'NONE',  ( -22.45384226332058475, 20.84005662128004133, -1.440593114085388704 ) ) ;
#1974 = ORIENTED_EDGE ( 'NONE', *, *, #1374, .F. ) ;
#1975 = EDGE_CURVE ( 'NONE', #1368, #1689, #210, .T. ) ;
#1976 = DIRECTION ( 'NONE',  ( 0.8660254037844387076, -0.000000000000000000, 0.5000000000000001110 ) ) ;
#1977 = CARTESIAN_POINT ( 'NONE',  ( 0.9587558880270333761, 19.55810673542083578, 24.98169857939978655 ) ) ;
#1978 = CARTESIAN_POINT ( 'NONE',  ( 14.88018743082390749, 20.26998498326822684, -16.87706304263922163 ) ) ;
#1979 = CARTESIAN_POINT ( 'NONE',  ( -15.44950943482160177, 19.34644628598100624, -16.35757893502970006 ) ) ;
#1980 = CARTESIAN_POINT ( 'NONE',  ( -0.8841918960070359601, 21.80312134580699990, -24.98448365823325190 ) ) ;
#1981 = CARTESIAN_POINT ( 'NONE',  ( 22.45322916642505362, 20.64999999999999858, 1.449999999999764588 ) ) ;
#1982 = B_SPLINE_CURVE_WITH_KNOTS ( 'NONE', 3,
 ( #735, #1877, #432, #618, #1264, #1901, #1682, #1049, #891, #1371, #573, #1218, #419, #1060, #912, #1693, #1536, #747, #1383, #584, #1437, #1452, #1920, #2068 ),
 .UNSPECIFIED., .F., .F.,
 ( 4, 2, 2, 2, 2, 2, 2, 2, 2, 2, 2, 4 ),
 ( 0.004534535684257335816, 0.005101222633952429489, 0.005667909583647523161, 0.005951253058495073467, 0.006234596533342623773, 0.006517940008190174078, 0.006801283483037723517, 0.007367970432732823260, 0.007651313907580371831, 0.007934657382427920402, 0.008501344332123015810, 0.009068031281818111217 ),
 .UNSPECIFIED. ) ;
#1983 = ORIENTED_EDGE ( 'NONE', *, *, #1878, .F. ) ;
#1984 = ADVANCED_FACE ( 'NONE', ( #1662 ), #1330, .F. ) ;
#1985 = ORIENTED_EDGE ( 'NONE', *, *, #1374, .T. ) ;
#1986 =( BOUNDED_CURVE ( )  B_SPLINE_CURVE ( 3, ( #972, #2069, #619, #1770 ),
 .UNSPECIFIED., .F., .T. ) 
 B_SPLINE_CURVE_WITH_KNOTS ( ( 4, 4 ),
 ( 3.330669073875464494E-15, 0.5235987755983056990 ),
 .UNSPECIFIED. ) 
 CURVE ( )  GEOMETRIC_REPRESENTATION_ITEM ( )  RATIONAL_B_SPLINE_CURVE ( ( 1.000000000000000000, 0.9772838841927118381, 0.9772838841927118381, 1.000000000000000000 ) ) 
 REPRESENTATION_ITEM ( '' )  );
#1987 = FACE_OUTER_BOUND ( 'NONE', #920, .T. ) ;
#1988 = EDGE_CURVE ( 'NONE', #844, #1635, #857, .T. ) ;
#1989 = DIRECTION ( 'NONE',  ( 0.4999999999999999445, 0.000000000000000000, -0.8660254037844387076 ) ) ;
#1990 = CARTESIAN_POINT ( 'NONE',  ( 16.90213543583503153, 20.64999999999999858, -14.85152577039443678 ) ) ;
#1991 = PLANE ( 'NONE',  #769 ) ;
#1992 = CARTESIAN_POINT ( 'NONE',  ( -16.62260580848563762, 20.64999999999999858, 18.67321547392680614 ) ) ;
#1993 = B_SPLINE_CURVE_WITH_KNOTS ( 'NONE', 3,
 ( #288, #901, #1680, #924, #877, #1862, #2044, #1523, #1071, #1370, #431, #1038, #127, #2020 ),
 .UNSPECIFIED., .F., .F.,
 ( 4, 2, 2, 2, 2, 2, 4 ),
 ( 0.000000000000000000, 0.0002834591844572109643, 0.0005669183689144219286, 0.0008503775533716329471, 0.001133836737828843857, 0.001700755106743265460, 0.002267673475657686847 ),
 .UNSPECIFIED. ) ;
#1994 = CARTESIAN_POINT ( 'NONE',  ( 14.90728229346997757, 21.11753352981168064, 16.85301944667046214 ) ) ;
#1995 = VERTEX_POINT ( 'NONE', #378 ) ;
#1996 = VECTOR ( 'NONE', #2062, 1000.000000000000000 ) ;
#1997 = ORIENTED_EDGE ( 'NONE', *, *, #767, .T. ) ;
#1998 = CARTESIAN_POINT ( 'NONE',  ( -17.61114746494675032, 22.10003369518804917, 17.74419435820757940 ) ) ;
#1999 = VECTOR ( 'NONE', #422, 999.9999999999998863 ) ;
#2000 = CARTESIAN_POINT ( 'NONE',  ( 24.99733914959259096, 19.24650251432830217, -0.3763302971393481799 ) ) ;
#2001 = CARTESIAN_POINT ( 'NONE',  ( 16.41467061585160181, 19.39093414656143821, -15.38878823406739293 ) ) ;
#2002 = DIRECTION ( 'NONE',  ( 0.8660254037844387076, 0.000000000000000000, -0.5000000000000001110 ) ) ;
#2003 = CARTESIAN_POINT ( 'NONE',  ( 0.000000000000000000, 36.65063509461108993, -25.00000000000000000 ) ) ;
#2004 = EDGE_CURVE ( 'NONE', #1510, #186, #1620, .T. ) ;
#2005 = CARTESIAN_POINT ( 'NONE',  ( -1.093005291240753740, 19.69239928800674022, -22.47353840766322719 ) ) ;
#2006 = CARTESIAN_POINT ( 'NONE',  ( 16.62260580848550617, 20.64999999999999858, -18.67321547392692693 ) ) ;
#2007 = ORIENTED_EDGE ( 'NONE', *, *, #1960, .T. ) ;
#2008 = VERTEX_POINT ( 'NONE', #71 ) ;
#2009 = CARTESIAN_POINT ( 'NONE',  ( 15.77499736213840897, 22.09059905109625888, -16.04394303739655214 ) ) ;
#2010 = CARTESIAN_POINT ( 'NONE',  ( 24.99775500781170479, 19.23736857897700148, 0.3783760861331522118 ) ) ;
#2011 = CARTESIAN_POINT ( 'NONE',  ( -1.153113156147969054, 21.53420241318773876, 22.47049420130820252 ) ) ;
#2012 = CARTESIAN_POINT ( 'NONE',  ( 1.449999999999999734, 20.84125110532286129, -24.95791457634231136 ) ) ;
#2013 = CARTESIAN_POINT ( 'NONE',  ( 5.659485349281843945E-24, 19.19999999999999929, -25.00000000000000000 ) ) ;
#2014 = CARTESIAN_POINT ( 'NONE',  ( 18.67321547392687009, 20.64999999999999858, 16.62260580848557723 ) ) ;
#2015 = DIRECTION ( 'NONE',  ( 0.000000000000000000, 1.000000000000000000, 0.000000000000000000 ) ) ;
#2016 = FACE_OUTER_BOUND ( 'NONE', #32, .T. ) ;
#2017 = EDGE_LOOP ( 'NONE', ( #364, #249, #296, #1860 ) ) ;
#2018 = VERTEX_POINT ( 'NONE', #1640 ) ;
#2019 = CARTESIAN_POINT ( 'NONE',  ( -16.62970566684895246, 20.84076922787790309, 18.66690210479825041 ) ) ;
#2020 = CARTESIAN_POINT ( 'NONE',  ( 3.061616970775897547E-15, 22.09999999999999787, 25.00000000000000000 ) ) ;
#2021 = CARTESIAN_POINT ( 'NONE',  ( -1.258405499818964435, 21.37656689739758420, 22.46484353829184144 ) ) ;
#2022 = CARTESIAN_POINT ( 'NONE',  ( 1.412357178447563255, 21.02934200036963475, -24.96017946814422928 ) ) ;
#2023 = CARTESIAN_POINT ( 'NONE',  ( 1.153140547130624194, 19.76582648283019594, -24.97344686066921682 ) ) ;
#2024 = CARTESIAN_POINT ( 'NONE',  ( 2.755455271706670665E-15, 22.09999999999999787, 22.50000000000000355 ) ) ;
#2025 = CARTESIAN_POINT ( 'NONE',  ( -0.4676381402573420720, 22.02580982159877721, -22.49531131318942201 ) ) ;
#2026 = CARTESIAN_POINT ( 'NONE',  ( -1.449999999999999956, 20.64999999999999858, -25.00000000000000355 ) ) ;
#2027 = ORIENTED_EDGE ( 'NONE', *, *, #262, .T. ) ;
#2028 = EDGE_CURVE ( 'NONE', #1724, #1237, #801, .T. ) ;
#2029 = VERTEX_POINT ( 'NONE', #583 ) ;
#2030 = ADVANCED_FACE ( 'NONE', ( #889 ), #1083, .F. ) ;
#2031 = CARTESIAN_POINT ( 'NONE',  ( -18.67321547392663561, 20.64999999999999858, 16.62260580848583658 ) ) ;
#2032 = DIRECTION ( 'NONE',  ( -0.6123724356957974679, -0.7071067811865436870, 0.3535533905932765064 ) ) ;
#2033 = LINE ( 'NONE', #913, #633 ) ;
#2034 = CARTESIAN_POINT ( 'NONE',  ( -24.96212893586396575, 21.11700723971260629, 1.376025777367768210 ) ) ;
#2035 = VECTOR ( 'NONE', #787, 1000.000000000000000 ) ;
#2036 = CARTESIAN_POINT ( 'NONE',  ( 16.87130727909757155, 21.02662389163469214, 14.88654882039487859 ) ) ;
#2037 = CARTESIAN_POINT ( 'NONE',  ( -16.65108426711837097, 20.27000066408748324, 18.64796567370379776 ) ) ;
#2038 = LINE ( 'NONE', #2026, #226 ) ;
#2039 = VERTEX_POINT ( 'NONE', #251 ) ;
#2040 = CARTESIAN_POINT ( 'NONE',  ( -24.95791457634231847, 20.64999999999999858, -1.449999999999912692 ) ) ;
#2041 = ORIENTED_EDGE ( 'NONE', *, *, #915, .T. ) ;
#2042 = CARTESIAN_POINT ( 'NONE',  ( -18.57505306457322547, 21.29311942374651423, 16.73226621045698082 ) ) ;
#2043 = EDGE_CURVE ( 'NONE', #1849, #835, #572, .T. ) ;
#2044 = CARTESIAN_POINT ( 'NONE',  ( -1.258413883282513135, 21.37655257189002356, 24.96836343417739812 ) ) ;
#2045 = PLANE ( 'NONE',  #522 ) ;
#2046 = DIRECTION ( 'NONE',  ( -0.4999999999999950040, 0.000000000000000000, 0.8660254037844415942 ) ) ;
#2047 = CARTESIAN_POINT ( 'NONE',  ( -24.95847070821353952, 20.84076922787791020, 1.440515415882981598 ) ) ;
#2048 = B_SPLINE_CURVE_WITH_KNOTS ( 'NONE', 3,
 ( #4, #1929, #487, #1448, #623, #1782, #1607, #646, #1763, #178, #1148, #1742, #797, #991, #19, #823, #1129, #495, #1307, #1623, #169, #338, #1139, #975, #953, #814, #478, #834 ),
 .UNSPECIFIED., .F., .F.,
 ( 4, 2, 2, 2, 2, 2, 2, 2, 2, 2, 2, 2, 2, 4 ),
 ( 0.000000000000000000, 0.0002834084802660886385, 0.0005668169605321772770, 0.0008502254407982658612, 0.001133633921064354554, 0.001700450881596524350, 0.002267267842128694363, 0.002550676322394779261, 0.002834084802660864592, 0.003117493282926949490, 0.003400901763193034822, 0.003967718723725189439, 0.004251127203991261760, 0.004534535684257333214 ),
 .UNSPECIFIED. ) ;
#2049 = CARTESIAN_POINT ( 'NONE',  ( 0.7273481085529737156, 21.90792946667901120, 22.48837785730465910 ) ) ;
#2050 = CARTESIAN_POINT ( 'NONE',  ( -18.47809816598657306, 19.75767522203641491, 16.83976975305893475 ) ) ;
#2051 = CARTESIAN_POINT ( 'NONE',  ( 0.000000000000000000, 0.000000000000000000, 0.000000000000000000 ) ) ;
#2052 = ORIENTED_EDGE ( 'NONE', *, *, #2004, .F. ) ;
#2053 = EDGE_CURVE ( 'NONE', #1181, #875, #102, .T. ) ;
#2054 = EDGE_LOOP ( 'NONE', ( #874, #754 ) ) ;
#2055 = CARTESIAN_POINT ( 'NONE',  ( 2.755455297896063857E-15, 19.19999999999999929, 22.50000000000000355 ) ) ;
#2056 = LINE ( 'NONE', #1756, #57 ) ;
#2057 = DIRECTION ( 'NONE',  ( 0.000000000000000000, 0.000000000000000000, -1.000000000000000000 ) ) ;
#2058 = EDGE_CURVE ( 'NONE', #1948, #393, #1993, .T. ) ;
#2059 = LINE ( 'NONE', #1739, #973 ) ;
#2060 =( BOUNDED_CURVE ( )  B_SPLINE_CURVE ( 3, ( #154, #1778, #164, #1127 ),
 .UNSPECIFIED., .F., .T. ) 
 B_SPLINE_CURVE_WITH_KNOTS ( ( 4, 4 ),
 ( 5.759586531581286195, 6.283185307179586232 ),
 .UNSPECIFIED. ) 
 CURVE ( )  GEOMETRIC_REPRESENTATION_ITEM ( )  RATIONAL_B_SPLINE_CURVE ( ( 1.000000000000000000, 0.9772838841927120601, 0.9772838841927120601, 1.000000000000000000 ) ) 
 REPRESENTATION_ITEM ( '' )  );
#2061 = CARTESIAN_POINT ( 'NONE',  ( 16.83893382464927413, 19.75917930020669289, -18.47885767715918703 ) ) ;
#2062 = DIRECTION ( 'NONE',  ( -0.000000000000000000, -1.000000000000000000, -0.000000000000000000 ) ) ;
#2063 = FACE_BOUND ( 'NONE', #1154, .T. ) ;
#2064 = ORIENTED_EDGE ( 'NONE', *, *, #106, .T. ) ;
#2065 = ORIENTED_EDGE ( 'NONE', *, *, #1350, .F. ) ;
#2066 = CARTESIAN_POINT ( 'NONE',  ( 0.8912183263668623789, 19.49068823876377010, -22.48274148493140245 ) ) ;
#2067 = PLANE ( 'NONE',  #1904 ) ;
#2068 = CARTESIAN_POINT ( 'NONE',  ( -22.45322916642504296, 20.64999999999999858, -1.449999999999921352 ) ) ;
#2069 = CARTESIAN_POINT ( 'NONE',  ( 4.413917820073346654, 36.65063509461109703, -25.00000000000000355 ) ) ;
#2070 = AXIS2_PLACEMENT_3D ( 'NONE', #346, #982, #195 ) ;
#2071 = APPLICATION_CONTEXT ( 'automotive_design' ) ;
#2072 = CARTESIAN_POINT ( 'NONE',  ( -24.97344986746140094, 19.75917930020669644, 1.159601276739106845 ) ) ;
#2073 = VECTOR ( 'NONE', #214, 1000.000000000000000 ) ;
#2074 = CARTESIAN_POINT ( 'NONE',  ( -16.83976975305888146, 19.75767522203642201, -18.47809816598663701 ) ) ;
#2075 = EDGE_CURVE ( 'NONE', #1520, #192, #1593, .T. ) ;
#2076 = CARTESIAN_POINT ( 'NONE',  ( 1.449999999999999956, 20.64999999999999858, 24.95791457634231492 ) ) ;
#2077 = DIRECTION ( 'NONE',  ( -0.000000000000000000, -1.000000000000000000, -0.000000000000000000 ) ) ;
#2078 = ORIENTED_EDGE ( 'NONE', *, *, #1511, .F. ) ;
#2079 = CARTESIAN_POINT ( 'NONE',  ( -1.411510902610181306, 20.26820939600234794, 22.45579871630673452 ) ) ;
#2080 = CARTESIAN_POINT ( 'NONE',  ( -12.49999999999979750, 110.0000000000000000, 21.65063509461107927 ) ) ;
#2081 = CARTESIAN_POINT ( 'NONE',  ( 17.81232401220667327, 19.20953018485652564, 17.54222626511428373 ) ) ;
ENDSEC;
END-ISO-10303-21;
