ISO-10303-21;
HEADER;
FILE_DESCRIPTION (( 'STEP AP214' ),
    '1' );
FILE_NAME ('New Mount Base.STEP',
    '2024-10-21T13:33:25',
    ( '' ),
    ( '' ),
    'SwSTEP 2.0',
    'SolidWorks 2023',
    '' );
FILE_SCHEMA (( 'AUTOMOTIVE_DESIGN' ));
ENDSEC;

DATA;
#1 = ORIENTED_EDGE ( 'NONE', *, *, #10, .F. ) ;
#2 = CARTESIAN_POINT ( 'NONE',  ( -27.37302674728911001, 21.63884233849247707, -2.646073919728857859 ) ) ;
#3 = EDGE_CURVE ( 'NONE', #1138, #1697, #1628, .T. ) ;
#4 = CARTESIAN_POINT ( 'NONE',  ( 1.312190389406076907, 23.64373265550628034, -24.96561153732943694 ) ) ;
#5 = VECTOR ( 'NONE', #1439, 1000.000000000000000 ) ;
#6 = CARTESIAN_POINT ( 'NONE',  ( 3.793556523076945908, 23.35499166862273057, 27.23727400871806026 ) ) ;
#7 = B_SPLINE_CURVE_WITH_KNOTS ( 'NONE', 3,
 ( #291, #1538, #731, #1863, #1524, #1392, #1072, #2000, #143, #2030, #1706, #766, #920, #1873, #1402, #108, #1369, #596, #1729, #1250, #439, #606, #912, #1036 ),
 .UNSPECIFIED., .F., .F.,
 ( 4, 2, 2, 2, 2, 2, 2, 2, 2, 2, 2, 4 ),
 ( 0.005160054191564306808, 0.005804912903240627871, 0.006449771614916949801, 0.006772200970755106429, 0.007094630326593263057, 0.007417059682431420553, 0.007739489038269577181, 0.008384347749945890438, 0.008706777105784047066, 0.009029206461622200225, 0.009674065173298511747, 0.01031892388497482153 ),
 .UNSPECIFIED. ) ;
#8 = CYLINDRICAL_SURFACE ( 'NONE', #1850, 27.50000000000000000 ) ;
#9 = VERTEX_POINT ( 'NONE', #58 ) ;
#10 = EDGE_CURVE ( 'NONE', #2025, #1466, #318, .T. ) ;
#11 = UNCERTAINTY_MEASURE_WITH_UNIT (LENGTH_MEASURE( 1.000000000000000082E-05 ), #1174, 'distance_accuracy_value', 'NONE');
#12 = FACE_BOUND ( 'NONE', #1267, .T. ) ;
#13 = ORIENTED_EDGE ( 'NONE', *, *, #1782, .F. ) ;
#14 = CARTESIAN_POINT ( 'NONE',  ( -27.31594399857963396, 22.20893675556260760, -3.179748901111169257 ) ) ;
#15 = CARTESIAN_POINT ( 'NONE',  ( 1.432060271907012572, 23.82321558380884596, -24.95902254553474720 ) ) ;
#16 = DIRECTION ( 'NONE',  ( 0.000000000000000000, 0.000000000000000000, 1.000000000000000000 ) ) ;
#17 = CARTESIAN_POINT ( 'NONE',  ( 1.290074007264879974, 20.85457081173781191, 27.47079148881728372 ) ) ;
#18 = FACE_BOUND ( 'NONE', #1065, .T. ) ;
#19 = VERTEX_POINT ( 'NONE', #282 ) ;
#20 = ORIENTED_EDGE ( 'NONE', *, *, #97, .T. ) ;
#21 = CIRCLE ( 'NONE', #281, 3.000000000001147527 ) ;
#22 = CARTESIAN_POINT ( 'NONE',  ( -1.311962197415877274, 23.64348143766983767, -24.96562305207491761 ) ) ;
#23 = ORIENTED_EDGE ( 'NONE', *, *, #49, .T. ) ;
#24 = CARTESIAN_POINT ( 'NONE',  ( -27.50002539469187468, 20.64969031946206712, 0.2617174318174833036 ) ) ;
#25 = EDGE_CURVE ( 'NONE', #41, #1331, #1416, .T. ) ;
#26 = VECTOR ( 'NONE', #257, 1000.000000000000000 ) ;
#27 = CARTESIAN_POINT ( 'NONE',  ( -24.94620516983284730, 24.86613890996300569, 1.639295325624246624 ) ) ;
#28 = DIRECTION ( 'NONE',  ( 0.000000000000000000, 0.000000000000000000, 1.000000000000000000 ) ) ;
#29 = CARTESIAN_POINT ( 'NONE',  ( -3.794958506861934922, 25.94100589841764659, -27.23708094988075246 ) ) ;
#30 = EDGE_CURVE ( 'NONE', #1152, #1331, #86, .T. ) ;
#31 = DIRECTION ( 'NONE',  ( 0.000000000000000000, 1.000000000000000000, 0.000000000000000000 ) ) ;
#32 = ORIENTED_EDGE ( 'NONE', *, *, #1738, .T. ) ;
#33 = LINE ( 'NONE', #654, #1608 ) ;
#34 = ORIENTED_EDGE ( 'NONE', *, *, #968, .T. ) ;
#35 = CARTESIAN_POINT ( 'NONE',  ( -27.23729800128123202, 23.35447165166520023, 3.793386423250292072 ) ) ;
#36 = CARTESIAN_POINT ( 'NONE',  ( 24.95096343139777773, 24.11783862177199822, 1.565613670716228034 ) ) ;
#37 = DIRECTION ( 'NONE',  ( 1.000000000000000000, 0.000000000000000000, 0.000000000000000000 ) ) ;
#38 = EDGE_CURVE ( 'NONE', #1805, #956, #1481, .T. ) ;
#39 = CARTESIAN_POINT ( 'NONE',  ( 1.565574871652877675, 24.11771965865859002, 24.95096589596254688 ) ) ;
#40 = AXIS2_PLACEMENT_3D ( 'NONE', #1716, #289, #1522 ) ;
#41 = VERTEX_POINT ( 'NONE', #389 ) ;
#42 = CARTESIAN_POINT ( 'NONE',  ( -1.290835340684628463, 20.85478759249504677, 27.47076039739004827 ) ) ;
#43 = FACE_BOUND ( 'NONE', #1724, .T. ) ;
#44 = EDGE_LOOP ( 'NONE', ( #1288, #1430, #621, #632 ) ) ;
#45 = PRODUCT ( 'New Mount Base', 'New Mount Base', '', ( #705 ) ) ;
#46 = CARTESIAN_POINT ( 'NONE',  ( 24.94549057445053819, 24.54216274457139235, -1.650000000000000355 ) ) ;
#47 = CARTESIAN_POINT ( 'NONE',  ( 0.000000000000000000, 4.000000000000000000, -20.00000000000000000 ) ) ;
#48 = CARTESIAN_POINT ( 'NONE',  ( 0.000000000000000000, 4.000000000000000000, 0.000000000000000000 ) ) ;
#49 = EDGE_CURVE ( 'NONE', #468, #504, #1122, .T. ) ;
#50 = ORIENTED_EDGE ( 'NONE', *, *, #200, .T. ) ;
#51 = EDGE_CURVE ( 'NONE', #1302, #1138, #59, .T. ) ;
#52 = CARTESIAN_POINT ( 'NONE',  ( 27.44391238858002069, 21.05428634472735894, -1.772125222266937916 ) ) ;
#53 = ORIENTED_EDGE ( 'NONE', *, *, #1202, .F. ) ;
#54 = CARTESIAN_POINT ( 'NONE',  ( -37.49999999999999289, 4.000000000000000000, -37.49999999999999289 ) ) ;
#55 = CARTESIAN_POINT ( 'NONE',  ( 45.00000000000000000, 4.000000000000000000, 45.00000000000000000 ) ) ;
#56 = AXIS2_PLACEMENT_3D ( 'NONE', #279, #1872, #2019 ) ;
#57 = CARTESIAN_POINT ( 'NONE',  ( -2.441693616874978101, 27.82906834548370867, -27.39226670982850109 ) ) ;
#58 = CARTESIAN_POINT ( 'NONE',  ( -37.49999999999787548, 0.000000000000000000, 34.49999999999887734 ) ) ;
#59 = CIRCLE ( 'NONE', #1313, 10.00000000000000178 ) ;
#60 = CARTESIAN_POINT ( 'NONE',  ( 27.20753572082558591, 24.38869099885116043, 3.999999999999999112 ) ) ;
#61 = ORIENTED_EDGE ( 'NONE', *, *, #391, .F. ) ;
#62 = CARTESIAN_POINT ( 'NONE',  ( -24.96921496718919187, 25.74072332084188730, 1.242622016726667056 ) ) ;
#63 = CYLINDRICAL_SURFACE ( 'NONE', #1105, 25.00000000000000000 ) ;
#64 = ADVANCED_FACE ( 'NONE', ( #913 ), #1370, .F. ) ;
#65 = LINE ( 'NONE', #1665, #622 ) ;
#66 = CARTESIAN_POINT ( 'NONE',  ( 1.482691503205309624, 23.91786138924632965, 24.95602832436604146 ) ) ;
#67 = ORIENTED_EDGE ( 'NONE', *, *, #449, .F. ) ;
#68 = VECTOR ( 'NONE', #616, 1000.000000000000000 ) ;
#69 = AXIS2_PLACEMENT_3D ( 'NONE', #1241, #153, #320 ) ;
#70 = DIRECTION ( 'NONE',  ( 1.000000000000000000, 0.000000000000000000, 0.000000000000000000 ) ) ;
#71 = EDGE_LOOP ( 'NONE', ( #1980, #93, #1516, #1630 ) ) ;
#72 = DIRECTION ( 'NONE',  ( -0.000000000000000000, 1.000000000000000000, -0.000000000000000000 ) ) ;
#73 = DIRECTION ( 'NONE',  ( -1.000000000000000000, 0.000000000000000000, 0.000000000000000000 ) ) ;
#74 = PLANE ( 'NONE',  #953 ) ;
#75 = DIRECTION ( 'NONE',  ( 1.047444401652940007E-14, 0.000000000000000000, 1.000000000000000000 ) ) ;
#76 = CARTESIAN_POINT ( 'NONE',  ( -45.00099999999999767, 24.64986490800644958, -4.000000000000000000 ) ) ;
#77 = EDGE_LOOP ( 'NONE', ( #653, #1090, #1950, #893 ) ) ;
#78 = CARTESIAN_POINT ( 'NONE',  ( 27.49612742234231888, 20.67625479890167384, 0.5276415906501646935 ) ) ;
#79 = ORIENTED_EDGE ( 'NONE', *, *, #1323, .F. ) ;
#80 =( NAMED_UNIT ( * ) SI_UNIT ( $, .STERADIAN. ) SOLID_ANGLE_UNIT ( ) );
#81 = CARTESIAN_POINT ( 'NONE',  ( 3.179089268562175441, 22.20806684006472764, -27.31602137102627736 ) ) ;
#82 = CARTESIAN_POINT ( 'NONE',  ( -45.00000000000000000, 4.000000000000000000, 45.00000000000000000 ) ) ;
#83 = CIRCLE ( 'NONE', #245, 25.00000000000000000 ) ;
#84 = CARTESIAN_POINT ( 'NONE',  ( -27.33489598773965312, 27.29200814915085260, -3.014729455339396402 ) ) ;
#85 = CARTESIAN_POINT ( 'NONE',  ( 1.649999999999999689, 24.64986490800644958, 24.94549057445053108 ) ) ;
#86 = LINE ( 'NONE', #1539, #1675 ) ;
#87 = AXIS2_PLACEMENT_3D ( 'NONE', #1652, #1303, #1936 ) ;
#88 = EDGE_CURVE ( 'NONE', #186, #411, #1825, .T. ) ;
#89 = CARTESIAN_POINT ( 'NONE',  ( 27.22619520950401650, 25.68983242020402002, 3.871301597210458745 ) ) ;
#90 = ORIENTED_EDGE ( 'NONE', *, *, #1738, .F. ) ;
#91 = EDGE_CURVE ( 'NONE', #1129, #1610, #1220, .T. ) ;
#92 = B_SPLINE_CURVE_WITH_KNOTS ( 'NONE', 3,
 ( #911, #1548, #463, #783, #129, #1411, #754, #1390, #438, #1071, #1717, #290, #142, #604, #1238, #451, #1566, #532 ),
 .UNSPECIFIED., .F., .F.,
 ( 4, 2, 2, 2, 2, 2, 2, 2, 4 ),
 ( 0.002580616982220794269, 0.002903046633388733661, 0.003225476284556673054, 0.003547905935724612013, 0.003870335586892551406, 0.004192765238060490798, 0.004515194889228429757, 0.004837624540396368716, 0.005160054191564308543 ),
 .UNSPECIFIED. ) ;
#93 = ORIENTED_EDGE ( 'NONE', *, *, #514, .T. ) ;
#94 = DIRECTION ( 'NONE',  ( -0.000000000000000000, -0.000000000000000000, 1.000000000000000000 ) ) ;
#95 = CARTESIAN_POINT ( 'NONE',  ( -45.00000000000000000, 0.000000000000000000, -45.00000000000000000 ) ) ;
#96 = CARTESIAN_POINT ( 'NONE',  ( -27.21139541981181154, 25.17470600344799792, 3.973991200173233374 ) ) ;
#97 = EDGE_CURVE ( 'NONE', #1385, #41, #1707, .T. ) ;
#98 = DIRECTION ( 'NONE',  ( 0.000000000000000000, 1.000000000000000000, 0.000000000000000000 ) ) ;
#99 = DIRECTION ( 'NONE',  ( 0.000000000000000000, 0.000000000000000000, 1.000000000000000000 ) ) ;
#100 = CARTESIAN_POINT ( 'NONE',  ( 27.31591576521104869, 27.09031556716120193, 3.179940728149474261 ) ) ;
#101 = VERTEX_POINT ( 'NONE', #1855 ) ;
#102 = AXIS2_PLACEMENT_3D ( 'NONE', #1518, #1563, #148 ) ;
#103 = ORIENTED_EDGE ( 'NONE', *, *, #113, .F. ) ;
#104 = CARTESIAN_POINT ( 'NONE',  ( -1.649999999999999689, 24.64986490800644958, 24.94549057445052753 ) ) ;
#105 = B_SPLINE_CURVE_WITH_KNOTS ( 'NONE', 3,
 ( #334, #1291, #1420, #1723, #1562, #925, #2024, #22, #1879, #945, #645, #1279, #489, #1077, #1120, #1761, #1571, #1406 ),
 .UNSPECIFIED., .F., .F.,
 ( 4, 2, 2, 2, 2, 2, 2, 2, 4 ),
 ( 0.002580617150450427617, 0.002903046805027409590, 0.003225476459604391562, 0.003547906114181373534, 0.003870335768758355506, 0.004192765423335336611, 0.004515195077912318583, 0.004837624732489300555, 0.005160054387066281660 ),
 .UNSPECIFIED. ) ;
#106 = CARTESIAN_POINT ( 'NONE',  ( -3.469780041010691374, 26.65695668820180941, 27.28061371967424265 ) ) ;
#107 = CARTESIAN_POINT ( 'NONE',  ( -27.20753572082558236, 24.64986490800644958, -4.000000000000000000 ) ) ;
#108 = CARTESIAN_POINT ( 'NONE',  ( 24.98952037637376122, 26.13321708095500640, 0.7306717134327500585 ) ) ;
#109 = DIRECTION ( 'NONE',  ( 0.000000000000000000, -1.000000000000000000, 0.000000000000000000 ) ) ;
#110 = EDGE_CURVE ( 'NONE', #1331, #41, #221, .T. ) ;
#111 = CARTESIAN_POINT ( 'NONE',  ( 27.23706715867969308, 25.94070646051791584, -3.795056265606357115 ) ) ;
#112 = VERTEX_POINT ( 'NONE', #431 ) ;
#113 = EDGE_CURVE ( 'NONE', #956, #1805, #1383, .T. ) ;
#114 = CARTESIAN_POINT ( 'NONE',  ( -3.999999999999714895, 24.38858171089137272, 27.20753572082562499 ) ) ;
#115 = ORIENTED_EDGE ( 'NONE', *, *, #401, .T. ) ;
#116 = CARTESIAN_POINT ( 'NONE',  ( -0.5321456386164512553, 26.21543429626351340, 24.99453538891983229 ) ) ;
#117 = CARTESIAN_POINT ( 'NONE',  ( -3.180313851148426352, 27.08982284930740292, 27.31587198431103403 ) ) ;
#118 = CARTESIAN_POINT ( 'NONE',  ( 3.469780041010849914, 26.65695668820186270, -27.28061371967421422 ) ) ;
#119 = DIRECTION ( 'NONE',  ( 0.000000000000000000, 1.000000000000000000, 0.000000000000000000 ) ) ;
#120 = CARTESIAN_POINT ( 'NONE',  ( 1.312744774078687948, 25.65524936996388305, -24.96558199782544918 ) ) ;
#121 = CIRCLE ( 'NONE', #972, 10.00000000000000178 ) ;
#122 = CARTESIAN_POINT ( 'NONE',  ( 45.00000000000000000, 24.64986490800644958, 0.000000000000000000 ) ) ;
#123 = EDGE_LOOP ( 'NONE', ( #305, #1837 ) ) ;
#124 = DIRECTION ( 'NONE',  ( 0.000000000000000000, -1.000000000000000000, 0.000000000000000000 ) ) ;
#125 = ORIENTED_EDGE ( 'NONE', *, *, #1577, .F. ) ;
#126 = DIRECTION ( 'NONE',  ( -0.000000000000000000, -1.000000000000000000, -0.000000000000000000 ) ) ;
#127 = CLOSED_SHELL ( 'NONE', ( #879, #1160, #1752, #512, #726, #787, #1626, #274, #277, #1992, #64, #1636, #1649, #1269, #545, #1979, #1432, #1315, #1115, #300, #1145, #836, #1045, #1535, #155, #1442, #640, #1722, #1774, #695, #1932, #1937, #1284, #1831, #1005, #1379, #1206, #986, #1157, #1748, #1247, #2007, #187, #530, #916, #1833, #901, #1096 ) ) ;
#128 = CARTESIAN_POINT ( 'NONE',  ( -4.000000000000095923, 24.38537253226066426, -27.20753572082557170 ) ) ;
#129 = CARTESIAN_POINT ( 'NONE',  ( -0.5313737286151359873, 23.08403381542137112, 24.99455186863669098 ) ) ;
#130 = CARTESIAN_POINT ( 'NONE',  ( -45.00099999999999767, 24.64986490800644958, 4.000000000000000000 ) ) ;
#131 = EDGE_CURVE ( 'NONE', #504, #537, #1149, .T. ) ;
#132 = CARTESIAN_POINT ( 'NONE',  ( 0.000000000000000000, 13.99999999999999822, 0.000000000000000000 ) ) ;
#133 = VECTOR ( 'NONE', #1776, 1000.000000000000000 ) ;
#134 = CARTESIAN_POINT ( 'NONE',  ( -45.00099999999999767, 24.64986490800644958, 0.000000000000000000 ) ) ;
#135 = ORIENTED_EDGE ( 'NONE', *, *, #1680, .F. ) ;
#136 = EDGE_CURVE ( 'NONE', #508, #906, #2028, .T. ) ;
#137 = EDGE_LOOP ( 'NONE', ( #447, #1404, #1962, #1905, #1201 ) ) ;
#138 = EDGE_LOOP ( 'NONE', ( #1686, #981 ) ) ;
#139 = CARTESIAN_POINT ( 'NONE',  ( -1.606717751103021730, 25.08252040635910163, 24.94845188544420367 ) ) ;
#140 = AXIS2_PLACEMENT_3D ( 'NONE', #1828, #1673, #1226 ) ;
#141 = CARTESIAN_POINT ( 'NONE',  ( 3.061616998047607902E-15, 26.29986490800644816, 25.00000000000000000 ) ) ;
#142 = CARTESIAN_POINT ( 'NONE',  ( -1.483077100953495098, 23.91864368878578517, 24.95600532173763142 ) ) ;
#143 = CARTESIAN_POINT ( 'NONE',  ( 24.98945997917519080, 26.13220132611168722, -0.7327016905624784693 ) ) ;
#144 = CARTESIAN_POINT ( 'NONE',  ( -1.649999999999999689, 24.64986490800644958, -45.00000000000000000 ) ) ;
#145 = DIRECTION ( 'NONE',  ( 0.000000000000000000, 0.000000000000000000, 1.000000000000000000 ) ) ;
#146 = VERTEX_POINT ( 'NONE', #1106 ) ;
#147 = ORIENTED_EDGE ( 'NONE', *, *, #1690, .F. ) ;
#148 = DIRECTION ( 'NONE',  ( 0.000000000000000000, 0.000000000000000000, 1.000000000000000000 ) ) ;
#149 = CARTESIAN_POINT ( 'NONE',  ( -2.643318451916854883, 21.63645623581711774, -27.37329237201583254 ) ) ;
#150 = CARTESIAN_POINT ( 'NONE',  ( 45.00000000000000000, 24.64986490800644958, -1.649999999999999689 ) ) ;
#151 = DIRECTION ( 'NONE',  ( 0.000000000000000000, 0.000000000000000000, 1.000000000000000000 ) ) ;
#152 = DIRECTION ( 'NONE',  ( -0.000000000000000000, -0.000000000000000000, 1.000000000000000000 ) ) ;
#153 = DIRECTION ( 'NONE',  ( -0.000000000000000000, -1.000000000000000000, 0.000000000000000000 ) ) ;
#154 = ORIENTED_EDGE ( 'NONE', *, *, #136, .F. ) ;
#155 = ADVANCED_FACE ( 'NONE', ( #1273 ), #1425, .F. ) ;
#156 = EDGE_LOOP ( 'NONE', ( #1461, #1078, #567, #1397 ) ) ;
#157 = CARTESIAN_POINT ( 'NONE',  ( 3.470965975204273413, 26.65503694627769704, 27.28046553325405199 ) ) ;
#158 = CARTESIAN_POINT ( 'NONE',  ( 1.649999999999999689, 24.64986490800644958, 24.94549057445053108 ) ) ;
#159 = DIRECTION ( 'NONE',  ( -1.000000000000000000, 0.000000000000000000, 0.000000000000000000 ) ) ;
#160 = AXIS2_PLACEMENT_3D ( 'NONE', #1190, #900, #99 ) ;
#161 = EDGE_CURVE ( 'NONE', #19, #537, #638, .T. ) ;
#162 = DIRECTION ( 'NONE',  ( 0.000000000000000000, 1.000000000000000000, 0.000000000000000000 ) ) ;
#163 = AXIS2_PLACEMENT_3D ( 'NONE', #1894, #1874, #921 ) ;
#164 = EDGE_LOOP ( 'NONE', ( #1712, #799, #1421, #850 ) ) ;
#165 = ORIENTED_EDGE ( 'NONE', *, *, #49, .F. ) ;
#166 = CARTESIAN_POINT ( 'NONE',  ( -27.26407848094599373, 22.87850016894854122, -3.595851390237629008 ) ) ;
#167 = CIRCLE ( 'NONE', #1911, 20.00000000000000000 ) ;
#168 = CARTESIAN_POINT ( 'NONE',  ( 1.014145110657830973, 23.33064831081536639, -24.97988661705915447 ) ) ;
#169 =( NAMED_UNIT ( * ) PLANE_ANGLE_UNIT ( ) SI_UNIT ( $, .RADIAN. ) );
#170 = VECTOR ( 'NONE', #1856, 1000.000000000000000 ) ;
#171 = CARTESIAN_POINT ( 'NONE',  ( 1.035726634197535745, 20.77749067191644983, 27.48168024577345037 ) ) ;
#172 = EDGE_CURVE ( 'NONE', #1152, #749, #1520, .T. ) ;
#173 = CARTESIAN_POINT ( 'NONE',  ( 34.99999999999999289, 4.000000000000000000, -34.99999999999999289 ) ) ;
#174 = ORIENTED_EDGE ( 'NONE', *, *, #1808, .F. ) ;
#175 = PRODUCT_DEFINITION_CONTEXT ( 'detailed design', #1275, 'design' ) ;
#176 = VERTEX_POINT ( 'NONE', #292 ) ;
#177 = CARTESIAN_POINT ( 'NONE',  ( 3.367778737957741569E-15, 28.64986490800644958, 27.50000000000000000 ) ) ;
#178 = CARTESIAN_POINT ( 'NONE',  ( 0.7315097329315105590, 26.13279936961988525, 24.98949552515186667 ) ) ;
#179 = CARTESIAN_POINT ( 'NONE',  ( -1.649999999999999689, 24.64986490800644958, -24.94549057445052753 ) ) ;
#180 = CARTESIAN_POINT ( 'NONE',  ( 1.649999999999999689, 24.64986490800644958, -45.00000000000000000 ) ) ;
#181 = DIRECTION ( 'NONE',  ( 0.000000000000000000, 1.000000000000000000, 0.000000000000000000 ) ) ;
#182 = EDGE_LOOP ( 'NONE', ( #196, #303 ) ) ;
#183 = CARTESIAN_POINT ( 'NONE',  ( 27.20753572082558236, 24.64986490800644958, 4.000000000000000000 ) ) ;
#184 = AXIS2_PLACEMENT_3D ( 'NONE', #328, #1632, #844 ) ;
#185 = CARTESIAN_POINT ( 'NONE',  ( 34.99999999999996447, 0.000000000000000000, 45.00000000000000000 ) ) ;
#186 = VERTEX_POINT ( 'NONE', #1073 ) ;
#187 = ADVANCED_FACE ( 'NONE', ( #950 ), #330, .T. ) ;
#188 = CARTESIAN_POINT ( 'NONE',  ( -27.21139555373523322, 24.12377102592230926, 3.974000397071562496 ) ) ;
#189 = AXIS2_PLACEMENT_3D ( 'NONE', #1933, #363, #992 ) ;
#190 = CARTESIAN_POINT ( 'NONE',  ( 24.94621111148546788, 24.43277386876540191, -1.639206558480926779 ) ) ;
#191 = DIRECTION ( 'NONE',  ( 0.000000000000000000, 0.000000000000000000, 1.000000000000000000 ) ) ;
#192 = CARTESIAN_POINT ( 'NONE',  ( 0.000000000000000000, 13.99999999999999822, 0.000000000000000000 ) ) ;
#193 = ORIENTED_EDGE ( 'NONE', *, *, #360, .F. ) ;
#194 = CARTESIAN_POINT ( 'NONE',  ( -4.713604551878445413E-13, 24.64986490800644958, -45.00100000000047373 ) ) ;
#195 = FACE_OUTER_BOUND ( 'NONE', #589, .T. ) ;
#196 = ORIENTED_EDGE ( 'NONE', *, *, #1715, .T. ) ;
#197 = CARTESIAN_POINT ( 'NONE',  ( -27.49624148834070070, 20.67546979691066156, 0.5217757037801058484 ) ) ;
#198 = CARTESIAN_POINT ( 'NONE',  ( 1.606200110207676168, 25.08432315034608706, 24.94848557131141575 ) ) ;
#199 = CYLINDRICAL_SURFACE ( 'NONE', #1929, 3.000000000001147527 ) ;
#200 = EDGE_CURVE ( 'NONE', #1531, #895, #516, .T. ) ;
#201 = CARTESIAN_POINT ( 'NONE',  ( -1.290496255276724957, 28.44492832023017215, -27.47076152214422606 ) ) ;
#202 = AXIS2_PLACEMENT_3D ( 'NONE', #523, #31, #1829 ) ;
#203 = ORIENTED_EDGE ( 'NONE', *, *, #1684, .F. ) ;
#204 = DIRECTION ( 'NONE',  ( -1.000000000000000000, 0.000000000000000000, 0.000000000000000000 ) ) ;
#205 = CARTESIAN_POINT ( 'NONE',  ( 27.21129733346314339, 24.12886934013619467, 3.974668314912867206 ) ) ;
#206 = VERTEX_POINT ( 'NONE', #485 ) ;
#207 = DIRECTION ( 'NONE',  ( -1.000000000000000000, 0.000000000000000000, 0.000000000000000000 ) ) ;
#208 = DIRECTION ( 'NONE',  ( -0.000000000000000000, -0.000000000000000000, 1.000000000000000000 ) ) ;
#209 = DIRECTION ( 'NONE',  ( 1.047444401652940007E-14, 0.000000000000000000, 1.000000000000000000 ) ) ;
#210 = CARTESIAN_POINT ( 'NONE',  ( -1.037898796770232446, 28.52183367544873605, -27.48162223722395581 ) ) ;
#211 = DIRECTION ( 'NONE',  ( -0.000000000000000000, 1.000000000000000000, -0.000000000000000000 ) ) ;
#212 = EDGE_LOOP ( 'NONE', ( #962, #50, #715, #165, #147, #1299, #1529, #993, #193, #135 ) ) ;
#213 = EDGE_CURVE ( 'NONE', #1880, #468, #629, .T. ) ;
#214 = CIRCLE ( 'NONE', #1503, 1.649999999999999467 ) ;
#215 = FACE_OUTER_BOUND ( 'NONE', #681, .T. ) ;
#216 = CARTESIAN_POINT ( 'NONE',  ( 3.999999999999529265, 24.64986490800644958, -45.00100000000051637 ) ) ;
#217 = AXIS2_PLACEMENT_3D ( 'NONE', #861, #665, #70 ) ;
#218 = LINE ( 'NONE', #1023, #493 ) ;
#219 = CARTESIAN_POINT ( 'NONE',  ( 1.649999999999999689, 24.64986490800644958, 24.94549057445053108 ) ) ;
#220 = ORIENTED_EDGE ( 'NONE', *, *, #672, .T. ) ;
#221 = CIRCLE ( 'NONE', #748, 27.50000000000000000 ) ;
#222 = FACE_BOUND ( 'NONE', #1225, .T. ) ;
#223 = EDGE_LOOP ( 'NONE', ( #1760, #490 ) ) ;
#224 = CARTESIAN_POINT ( 'NONE',  ( 28.00000000000000000, 24.64986490800644958, 0.000000000000000000 ) ) ;
#225 = CARTESIAN_POINT ( 'NONE',  ( -24.94621111148546433, 24.86695594724750435, -1.639206558480926335 ) ) ;
#226 = DIRECTION ( 'NONE',  ( 0.000000000000000000, 0.000000000000000000, 1.000000000000000000 ) ) ;
#227 = CARTESIAN_POINT ( 'NONE',  ( 0.000000000000000000, 34.00000000000000000, 0.000000000000000000 ) ) ;
#228 = CARTESIAN_POINT ( 'NONE',  ( 0.2612259060915679831, 28.64986490800644603, -27.50000000000000000 ) ) ;
#229 = ORIENTED_EDGE ( 'NONE', *, *, #682, .F. ) ;
#230 = AXIS2_PLACEMENT_3D ( 'NONE', #1246, #936, #1123 ) ;
#231 = AXIS2_PLACEMENT_3D ( 'NONE', #1887, #465, #1097 ) ;
#232 = FACE_BOUND ( 'NONE', #884, .T. ) ;
#233 = ORIENTED_EDGE ( 'NONE', *, *, #1973, .T. ) ;
#234 = DIRECTION ( 'NONE',  ( 0.000000000000000000, 1.000000000000000000, 0.000000000000000000 ) ) ;
#235 = CARTESIAN_POINT ( 'NONE',  ( 0.000000000000000000, 34.00000000000000000, 0.000000000000000000 ) ) ;
#236 = CARTESIAN_POINT ( 'NONE',  ( 1.289176209825795061, 28.44549563754618049, -27.47083748011353777 ) ) ;
#237 = EDGE_CURVE ( 'NONE', #1495, #445, #609, .T. ) ;
#238 = FACE_OUTER_BOUND ( 'NONE', #1322, .T. ) ;
#239 = CARTESIAN_POINT ( 'NONE',  ( 0.000000000000000000, 34.00000000000000000, -27.50000000000000000 ) ) ;
#240 = CARTESIAN_POINT ( 'NONE',  ( 27.28064530209956118, 26.65738911125551169, 3.469534410793735812 ) ) ;
#241 = VERTEX_POINT ( 'NONE', #1885 ) ;
#242 = EDGE_CURVE ( 'NONE', #434, #871, #849, .T. ) ;
#243 = CARTESIAN_POINT ( 'NONE',  ( -24.97990672618732688, 25.96203753613360377, -1.006111800410516510 ) ) ;
#244 = LINE ( 'NONE', #95, #68 ) ;
#245 = AXIS2_PLACEMENT_3D ( 'NONE', #930, #2010, #765 ) ;
#246 = CARTESIAN_POINT ( 'NONE',  ( -27.22619520950401650, 25.68983242020402002, -3.871301597210458745 ) ) ;
#247 = CARTESIAN_POINT ( 'NONE',  ( -1.775601258638435320, 21.05596620634679184, 27.44369094815592902 ) ) ;
#248 = DIRECTION ( 'NONE',  ( 0.000000000000000000, 0.000000000000000000, -1.000000000000000000 ) ) ;
#249 = VERTEX_POINT ( 'NONE', #1263 ) ;
#250 = VERTEX_POINT ( 'NONE', #1403 ) ;
#251 = CARTESIAN_POINT ( 'NONE',  ( -37.49999999999787548, 0.000000000000000000, 40.50000000000117240 ) ) ;
#252 = EDGE_CURVE ( 'NONE', #497, #1292, #2021, .T. ) ;
#253 = AXIS2_PLACEMENT_3D ( 'NONE', #960, #1739, #2031 ) ;
#254 = CARTESIAN_POINT ( 'NONE',  ( 37.50000000000000711, 0.000000000000000000, -37.50000000000213163 ) ) ;
#255 = CARTESIAN_POINT ( 'NONE',  ( 3.795654836594636095, 25.93890645140891138, -27.23698300401954597 ) ) ;
#256 = EDGE_CURVE ( 'NONE', #1450, #592, #1318, .T. ) ;
#257 = DIRECTION ( 'NONE',  ( 1.000000000000000000, 0.000000000000000000, 0.000000000000000000 ) ) ;
#258 = CARTESIAN_POINT ( 'NONE',  ( -1.606723771991949157, 25.08248141961190925, -24.94845142674718019 ) ) ;
#259 = VECTOR ( 'NONE', #864, 1000.000000000000000 ) ;
#260 = CARTESIAN_POINT ( 'NONE',  ( 27.21142226809497799, 25.17648497312180567, 3.973811745667950035 ) ) ;
#261 = ORIENTED_EDGE ( 'NONE', *, *, #1564, .T. ) ;
#262 = CARTESIAN_POINT ( 'NONE',  ( 37.50000000000214584, 0.000000000000000000, 40.50000000000088818 ) ) ;
#263 = AXIS2_PLACEMENT_3D ( 'NONE', #122, #1970, #557 ) ;
#264 = ORIENTED_EDGE ( 'NONE', *, *, #1596, .T. ) ;
#265 = ORIENTED_EDGE ( 'NONE', *, *, #1951, .F. ) ;
#266 = CARTESIAN_POINT ( 'NONE',  ( 34.99999999999999289, 4.000000000000000000, 34.99999999999999289 ) ) ;
#267 = CARTESIAN_POINT ( 'NONE',  ( -3.011587213966632426, 22.00447141808046680, -27.33522654332274726 ) ) ;
#268 = LINE ( 'NONE', #857, #1335 ) ;
#269 = CARTESIAN_POINT ( 'NONE',  ( 0.4344582917843436976, 26.25606502787244523, -24.99701218638365319 ) ) ;
#270 = CARTESIAN_POINT ( 'NONE',  ( 27.48157546180237887, 28.52150264390099821, -1.039120144066085993 ) ) ;
#271 = ORIENTED_EDGE ( 'NONE', *, *, #3, .T. ) ;
#272 = DIRECTION ( 'NONE',  ( 1.000000000000000000, 0.000000000000000000, 0.000000000000000000 ) ) ;
#273 = ORIENTED_EDGE ( 'NONE', *, *, #576, .F. ) ;
#274 = ADVANCED_FACE ( 'NONE', ( #1568 ), #1251, .F. ) ;
#275 = ORIENTED_EDGE ( 'NONE', *, *, #110, .F. ) ;
#276 = CARTESIAN_POINT ( 'NONE',  ( -0.8266497388041429417, 26.08192494507911618, 24.98649064155918609 ) ) ;
#277 = ADVANCED_FACE ( 'NONE', ( #940 ), #1214, .F. ) ;
#278 = CARTESIAN_POINT ( 'NONE',  ( -0.2642325432165099075, 20.64986490800644248, -27.49999999999999645 ) ) ;
#279 = CARTESIAN_POINT ( 'NONE',  ( -45.00099999999999767, 24.64986490800644958, 0.000000000000000000 ) ) ;
#280 = DIRECTION ( 'NONE',  ( -1.000000000000000000, 0.000000000000000000, 0.000000000000000000 ) ) ;
#281 = AXIS2_PLACEMENT_3D ( 'NONE', #1698, #894, #226 ) ;
#282 = CARTESIAN_POINT ( 'NONE',  ( -1.650000000000097167, 24.64986490800644958, -27.99999999999999289 ) ) ;
#283 = AXIS2_PLACEMENT_3D ( 'NONE', #955, #1099, #467 ) ;
#284 = CARTESIAN_POINT ( 'NONE',  ( 27.42756008437185500, 28.11997892876166816, 2.006521732490303300 ) ) ;
#285 = ORIENTED_EDGE ( 'NONE', *, *, #1579, .T. ) ;
#286 = ORIENTED_EDGE ( 'NONE', *, *, #424, .F. ) ;
#287 = ORIENTED_EDGE ( 'NONE', *, *, #600, .T. ) ;
#288 = CARTESIAN_POINT ( 'NONE',  ( 2.439355319955047285, 21.46903096384189169, -27.39246203764299281 ) ) ;
#289 = DIRECTION ( 'NONE',  ( -0.000000000000000000, 1.000000000000000000, -0.000000000000000000 ) ) ;
#290 = CARTESIAN_POINT ( 'NONE',  ( -1.431442217750249046, 23.82220533091885173, 24.95905748311509242 ) ) ;
#291 = CARTESIAN_POINT ( 'NONE',  ( 24.94549057445052753, 24.64986490800644958, -1.649999999999999689 ) ) ;
#292 = CARTESIAN_POINT ( 'NONE',  ( -45.00000000000000000, 0.000000000000000000, -34.99999999999996447 ) ) ;
#293 = DIRECTION ( 'NONE',  ( 0.000000000000000000, 0.000000000000000000, -1.000000000000000000 ) ) ;
#294 = ORIENTED_EDGE ( 'NONE', *, *, #989, .F. ) ;
#295 = EDGE_LOOP ( 'NONE', ( #614, #1308, #1827, #499 ) ) ;
#296 = CARTESIAN_POINT ( 'NONE',  ( 0.5252611939317203271, 20.67593246463001933, -27.49617423503632097 ) ) ;
#297 = CARTESIAN_POINT ( 'NONE',  ( -4.000000000000095923, 24.64986490800644958, -27.20753572082556815 ) ) ;
#298 = PRESENTATION_STYLE_ASSIGNMENT (( #309 ) ) ;
#299 = DIRECTION ( 'NONE',  ( 0.000000000000000000, 0.000000000000000000, 1.000000000000000000 ) ) ;
#300 = ADVANCED_FACE ( 'NONE', ( #846, #1298, #662, #524, #1941, #1910 ), #496, .F. ) ;
#301 = CARTESIAN_POINT ( 'NONE',  ( 37.50000000000000711, 4.000000000000000000, -37.50000000000213163 ) ) ;
#302 = FACE_OUTER_BOUND ( 'NONE', #212, .T. ) ;
#303 = ORIENTED_EDGE ( 'NONE', *, *, #1527, .T. ) ;
#304 = VERTEX_POINT ( 'NONE', #1796 ) ;
#305 = ORIENTED_EDGE ( 'NONE', *, *, #1532, .T. ) ;
#306 = CARTESIAN_POINT ( 'NONE',  ( 0.000000000000000000, 34.00000000000000000, -27.50000000000000000 ) ) ;
#307 = EDGE_CURVE ( 'NONE', #1276, #2005, #1042, .T. ) ;
#308 = CARTESIAN_POINT ( 'NONE',  ( 1.649999999999999467, 24.86780566759759381, 24.94549057445051687 ) ) ;
#309 = SURFACE_STYLE_USAGE ( .BOTH. , #919 ) ;
#310 = DIRECTION ( 'NONE',  ( 0.000000000000000000, 0.000000000000000000, 1.000000000000000000 ) ) ;
#311 = CARTESIAN_POINT ( 'NONE',  ( 0.000000000000000000, 4.000000000000000000, -25.00000000000000000 ) ) ;
#312 = EDGE_LOOP ( 'NONE', ( #413, #1734 ) ) ;
#313 =( GEOMETRIC_REPRESENTATION_CONTEXT ( 3 ) GLOBAL_UNCERTAINTY_ASSIGNED_CONTEXT ( ( #11 ) ) GLOBAL_UNIT_ASSIGNED_CONTEXT ( ( #1174, #1662, #80 ) ) REPRESENTATION_CONTEXT ( 'NONE', 'WORKASPACE' ) );
#314 = ORIENTED_EDGE ( 'NONE', *, *, #943, .F. ) ;
#315 = CARTESIAN_POINT ( 'NONE',  ( -27.42754951161468568, 21.17982027304411830, -2.006712797452554042 ) ) ;
#316 = CARTESIAN_POINT ( 'NONE',  ( 1.649999999999999689, 24.64986490800644958, -24.94549057445053108 ) ) ;
#317 = EDGE_CURVE ( 'NONE', #569, #1671, #752, .T. ) ;
#318 = CIRCLE ( 'NONE', #847, 3.000000000002202238 ) ;
#319 = CARTESIAN_POINT ( 'NONE',  ( 4.000000000000285105, 24.64986490800644958, 27.20753572082553973 ) ) ;
#320 = DIRECTION ( 'NONE',  ( 0.000000000000000000, 0.000000000000000000, -1.000000000000000000 ) ) ;
#321 = ORIENTED_EDGE ( 'NONE', *, *, #88, .T. ) ;
#322 = VERTEX_POINT ( 'NONE', #1465 ) ;
#323 = DIRECTION ( 'NONE',  ( -3.491481338843133355E-15, 0.000000000000000000, -1.000000000000000000 ) ) ;
#324 = ORIENTED_EDGE ( 'NONE', *, *, #1579, .F. ) ;
#325 = CARTESIAN_POINT ( 'NONE',  ( 0.2613499796666327590, 28.64986490800646735, 27.50000000000000711 ) ) ;
#326 = AXIS2_PLACEMENT_3D ( 'NONE', #254, #428, #1704 ) ;
#327 = CARTESIAN_POINT ( 'NONE',  ( 0.8299696156637299538, 23.20768488956025166, -24.98700942935396796 ) ) ;
#328 = CARTESIAN_POINT ( 'NONE',  ( -9.776147748760773395E-14, 24.64986490800644958, -28.00000000000000000 ) ) ;
#329 = AXIS2_PLACEMENT_3D ( 'NONE', #2032, #598, #620 ) ;
#330 = CYLINDRICAL_SURFACE ( 'NONE', #253, 4.000000000000000000 ) ;
#331 = EDGE_CURVE ( 'NONE', #631, #1697, #1136, .T. ) ;
#332 = CARTESIAN_POINT ( 'NONE',  ( -27.20753572082558236, 24.64986490800644958, 4.000000000000000000 ) ) ;
#333 = ORIENTED_EDGE ( 'NONE', *, *, #1031, .F. ) ;
#334 = CARTESIAN_POINT ( 'NONE',  ( -1.649999999999999689, 24.64986490800644958, -24.94549057445052753 ) ) ;
#335 = VERTEX_POINT ( 'NONE', #671 ) ;
#336 = CARTESIAN_POINT ( 'NONE',  ( -27.22629235454842700, 23.60692571214375945, 3.870624208370607278 ) ) ;
#337 = CARTESIAN_POINT ( 'NONE',  ( -24.95602384639273552, 25.38171327755960860, 1.482766367018203857 ) ) ;
#338 = DIRECTION ( 'NONE',  ( 0.000000000000000000, -1.000000000000000000, 0.000000000000000000 ) ) ;
#339 = PRODUCT_DEFINITION ( 'UNKNOWN', '', #1413, #175 ) ;
#340 = DIRECTION ( 'NONE',  ( 0.000000000000000000, 0.000000000000000000, -1.000000000000000000 ) ) ;
#341 = VERTEX_POINT ( 'NONE', #1484 ) ;
#342 = CARTESIAN_POINT ( 'NONE',  ( -3.595519916796551474, 22.87781140251786027, 27.26412249855099645 ) ) ;
#343 = STYLED_ITEM ( 'NONE', ( #298 ), #436 ) ;
#344 = CARTESIAN_POINT ( 'NONE',  ( 27.31632954113364420, 22.20459536591161864, -3.176463647404097479 ) ) ;
#345 = ORIENTED_EDGE ( 'NONE', *, *, #51, .F. ) ;
#346 = CARTESIAN_POINT ( 'NONE',  ( 3.593930684392630859, 26.42536972684143493, 27.26433477961533214 ) ) ;
#347 = AXIS2_PLACEMENT_3D ( 'NONE', #575, #119, #299 ) ;
#348 = CARTESIAN_POINT ( 'NONE',  ( 7.145896509944535439E-24, 22.99986490800645100, -25.00000000000000000 ) ) ;
#349 = CARTESIAN_POINT ( 'NONE',  ( -37.49999999999999289, 0.000000000000000000, -37.49999999999999289 ) ) ;
#350 = CARTESIAN_POINT ( 'NONE',  ( 1.312160800043677522, 23.64370039747296204, 24.96561302695054252 ) ) ;
#351 = ORIENTED_EDGE ( 'NONE', *, *, #1025, .F. ) ;
#352 = CARTESIAN_POINT ( 'NONE',  ( 0.000000000000000000, 0.000000000000000000, -20.00000000000000000 ) ) ;
#353 = VECTOR ( 'NONE', #152, 1000.000000000000000 ) ;
#354 = ORIENTED_EDGE ( 'NONE', *, *, #519, .T. ) ;
#355 = LINE ( 'NONE', #382, #1819 ) ;
#356 = CARTESIAN_POINT ( 'NONE',  ( -24.99655910254390179, 26.24702149553072417, -0.4280583472818361157 ) ) ;
#357 = FACE_BOUND ( 'NONE', #138, .T. ) ;
#358 = CARTESIAN_POINT ( 'NONE',  ( 1.014019094586301684, 23.33054245502828650, 24.97989203208631537 ) ) ;
#359 = AXIS2_PLACEMENT_3D ( 'NONE', #1205, #1388, #1725 ) ;
#360 = EDGE_CURVE ( 'NONE', #954, #1333, #1699, .T. ) ;
#361 = EDGE_LOOP ( 'NONE', ( #1923, #174, #321, #32 ) ) ;
#362 = EDGE_CURVE ( 'NONE', #613, #1193, #1285, .T. ) ;
#363 = DIRECTION ( 'NONE',  ( -3.491481338843133355E-15, 0.000000000000000000, -1.000000000000000000 ) ) ;
#364 = ORIENTED_EDGE ( 'NONE', *, *, #38, .F. ) ;
#365 = CARTESIAN_POINT ( 'NONE',  ( 1.571201517292803189E-13, 24.64986490800644958, 45.00100000000015399 ) ) ;
#366 = FACE_OUTER_BOUND ( 'NONE', #1365, .T. ) ;
#367 = EDGE_CURVE ( 'NONE', #1610, #411, #860, .T. ) ;
#368 = CARTESIAN_POINT ( 'NONE',  ( -24.96568626180985717, 23.63444285042978521, 1.318244028979201010 ) ) ;
#369 = CARTESIAN_POINT ( 'NONE',  ( -2.642956507897484375, 27.66361825071489022, -27.37332889355418075 ) ) ;
#370 = DIRECTION ( 'NONE',  ( 0.000000000000000000, 0.000000000000000000, 1.000000000000000000 ) ) ;
#371 = CARTESIAN_POINT ( 'NONE',  ( 27.49624148834070070, 20.67546979691066156, -0.5217757037801058484 ) ) ;
#372 = VERTEX_POINT ( 'NONE', #1009 ) ;
#373 = CIRCLE ( 'NONE', #908, 10.00000000000000178 ) ;
#374 = DIRECTION ( 'NONE',  ( -1.000000000000000000, 0.000000000000000000, 3.469446951953614189E-15 ) ) ;
#375 = CARTESIAN_POINT ( 'NONE',  ( -37.49999999999787548, 0.000000000000000000, 34.49999999999887734 ) ) ;
#376 = AXIS2_PLACEMENT_3D ( 'NONE', #1556, #1412, #1059 ) ;
#377 = CARTESIAN_POINT ( 'NONE',  ( 37.50000000000214584, 4.000000000000000000, 37.49999999999788258 ) ) ;
#378 = DIRECTION ( 'NONE',  ( 0.000000000000000000, 0.000000000000000000, 1.000000000000000000 ) ) ;
#379 = ORIENTED_EDGE ( 'NONE', *, *, #623, .T. ) ;
#380 = CARTESIAN_POINT ( 'NONE',  ( 27.22609833526377798, 23.61199961180678031, 3.871984016270874296 ) ) ;
#381 = ORIENTED_EDGE ( 'NONE', *, *, #419, .T. ) ;
#382 = CARTESIAN_POINT ( 'NONE',  ( 45.00000000000000000, 24.64986490800644958, 1.649999999999999689 ) ) ;
#383 = EDGE_CURVE ( 'NONE', #2005, #1232, #1934, .T. ) ;
#384 = CARTESIAN_POINT ( 'NONE',  ( 3.795079546693824746, 23.35939664700092777, -27.23706133785988825 ) ) ;
#385 = VECTOR ( 'NONE', #1730, 1000.000000000000000 ) ;
#386 = CARTESIAN_POINT ( 'NONE',  ( -28.00000000000000000, 24.64986490800644958, 4.000000000000000000 ) ) ;
#387 = CARTESIAN_POINT ( 'NONE',  ( 0.5266011573639793886, 28.62367179839725750, -27.49615556116912884 ) ) ;
#388 = DIRECTION ( 'NONE',  ( 0.000000000000000000, 1.000000000000000000, 0.000000000000000000 ) ) ;
#389 = CARTESIAN_POINT ( 'NONE',  ( 0.000000000000000000, 13.99999999999999822, -27.50000000000000000 ) ) ;
#390 = AXIS2_PLACEMENT_3D ( 'NONE', #1818, #1143, #529 ) ;
#391 = EDGE_CURVE ( 'NONE', #828, #599, #429, .T. ) ;
#392 = CARTESIAN_POINT ( 'NONE',  ( 27.48158222836517695, 28.52154739677503414, 1.038537939529734500 ) ) ;
#393 = ORIENTED_EDGE ( 'NONE', *, *, #1162, .F. ) ;
#394 = CARTESIAN_POINT ( 'NONE',  ( -24.94894784363136608, 25.07844186113825202, -1.597012353092454706 ) ) ;
#395 = CARTESIAN_POINT ( 'NONE',  ( 4.000000000000293099, 24.64986490800644958, 27.99999999999995737 ) ) ;
#396 = CARTESIAN_POINT ( 'NONE',  ( -4.000000000000470735, 24.64986490800644958, -45.00100000000043110 ) ) ;
#397 = FACE_OUTER_BOUND ( 'NONE', #1583, .T. ) ;
#398 = DIRECTION ( 'NONE',  ( -0.000000000000000000, 1.000000000000000000, -0.000000000000000000 ) ) ;
#399 = FACE_OUTER_BOUND ( 'NONE', #1310, .T. ) ;
#400 = ORIENTED_EDGE ( 'NONE', *, *, #213, .F. ) ;
#401 = EDGE_CURVE ( 'NONE', #954, #1613, #741, .T. ) ;
#402 = EDGE_LOOP ( 'NONE', ( #261, #579 ) ) ;
#403 = LINE ( 'NONE', #414, #556 ) ;
#404 = EDGE_CURVE ( 'NONE', #1302, #1194, #1178, .T. ) ;
#405 = B_SPLINE_CURVE_WITH_KNOTS ( 'NONE', 3,
 ( #141, #1726, #1400, #178, #1737, #1270, #669, #1899, #1891, #198, #308, #158 ),
 .UNSPECIFIED., .F., .F.,
 ( 4, 2, 2, 2, 2, 4 ),
 ( 0.007740809689826778570, 0.008385338238613787576, 0.008707602513007291212, 0.009029866787400796582, 0.009674395336187812527, 0.01031892388497483021 ),
 .UNSPECIFIED. ) ;
#406 = CARTESIAN_POINT ( 'NONE',  ( -24.94549057445053108, 24.43451002752157564, -1.649999999999999689 ) ) ;
#407 = VECTOR ( 'NONE', #1606, 1000.000000000000000 ) ;
#408 = CARTESIAN_POINT ( 'NONE',  ( -27.31591576521104869, 27.09031556716120193, -3.179940728149474261 ) ) ;
#409 = CARTESIAN_POINT ( 'NONE',  ( 0.000000000000000000, 26.29986490800644816, -25.00000000000000000 ) ) ;
#410 = CARTESIAN_POINT ( 'NONE',  ( 27.33489598773965312, 27.29200814915085260, 3.014729455339396402 ) ) ;
#411 = VERTEX_POINT ( 'NONE', #1657 ) ;
#412 = DIRECTION ( 'NONE',  ( -1.224646799147352961E-16, 0.000000000000000000, -1.000000000000000000 ) ) ;
#413 = ORIENTED_EDGE ( 'NONE', *, *, #1864, .T. ) ;
#414 = CARTESIAN_POINT ( 'NONE',  ( 37.50000000000214584, 0.000000000000000000, 34.49999999999487699 ) ) ;
#415 = CARTESIAN_POINT ( 'NONE',  ( -2.003329131444950395, 21.17783928565549090, -27.42780020738818791 ) ) ;
#416 = CARTESIAN_POINT ( 'NONE',  ( 2.007379005267512007, 28.11947832738411535, -27.42749667378113543 ) ) ;
#417 = CARTESIAN_POINT ( 'NONE',  ( -45.00000000000000000, 4.000000000000000000, -45.00000000000000000 ) ) ;
#418 = DIRECTION ( 'NONE',  ( 0.000000000000000000, 0.000000000000000000, 1.000000000000000000 ) ) ;
#419 = EDGE_CURVE ( 'NONE', #1194, #250, #268, .T. ) ;
#420 = VECTOR ( 'NONE', #958, 1000.000000000000000 ) ;
#421 = FACE_OUTER_BOUND ( 'NONE', #1278, .T. ) ;
#422 = ORIENTED_EDGE ( 'NONE', *, *, #401, .F. ) ;
#423 = CARTESIAN_POINT ( 'NONE',  ( -45.00000000000000000, 4.000000000000000000, -34.99999999999996447 ) ) ;
#424 = EDGE_CURVE ( 'NONE', #1345, #1495, #928, .T. ) ;
#425 = VECTOR ( 'NONE', #1181, 1000.000000000000000 ) ;
#426 = LINE ( 'NONE', #1546, #788 ) ;
#427 = VECTOR ( 'NONE', #1058, 1000.000000000000000 ) ;
#428 = DIRECTION ( 'NONE',  ( -0.000000000000000000, 1.000000000000000000, -0.000000000000000000 ) ) ;
#429 = LINE ( 'NONE', #396, #1295 ) ;
#430 = CARTESIAN_POINT ( 'NONE',  ( 37.50000000000000711, 0.000000000000000000, -40.50000000000433431 ) ) ;
#431 = CARTESIAN_POINT ( 'NONE',  ( 3.061616998047607902E-15, 26.29986490800644816, 25.00000000000000000 ) ) ;
#432 = CYLINDRICAL_SURFACE ( 'NONE', #2008, 20.00000000000000000 ) ;
#433 = ORIENTED_EDGE ( 'NONE', *, *, #1128, .T. ) ;
#434 = VERTEX_POINT ( 'NONE', #1197 ) ;
#435 = FACE_OUTER_BOUND ( 'NONE', #402, .T. ) ;
#436 = MANIFOLD_SOLID_BREP ( 'CirPattern2', #127 ) ;
#437 = FACE_OUTER_BOUND ( 'NONE', #1372, .T. ) ;
#438 = CARTESIAN_POINT ( 'NONE',  ( -1.089685969973894997, 23.40610232068346619, 24.97635938580919657 ) ) ;
#439 = CARTESIAN_POINT ( 'NONE',  ( 24.95855871270292425, 25.48143483528905406, 1.441239622572067836 ) ) ;
#440 = VECTOR ( 'NONE', #1130, 1000.000000000000000 ) ;
#441 = CARTESIAN_POINT ( 'NONE',  ( 0.5241560242993071883, 20.67578987759870657, 27.49619499592464322 ) ) ;
#442 = AXIS2_PLACEMENT_3D ( 'NONE', #194, #720, #505 ) ;
#443 = DIRECTION ( 'NONE',  ( 0.000000000000000000, 0.000000000000000000, -1.000000000000000000 ) ) ;
#444 = ORIENTED_EDGE ( 'NONE', *, *, #668, .F. ) ;
#445 = VERTEX_POINT ( 'NONE', #1586 ) ;
#446 = DIRECTION ( 'NONE',  ( 1.047444401652940007E-14, 0.000000000000000000, 1.000000000000000000 ) ) ;
#447 = ORIENTED_EDGE ( 'NONE', *, *, #383, .T. ) ;
#448 = DIRECTION ( 'NONE',  ( 1.000000000000000000, 0.000000000000000000, 0.000000000000000000 ) ) ;
#449 = EDGE_CURVE ( 'NONE', #663, #341, #1081, .T. ) ;
#450 = CARTESIAN_POINT ( 'NONE',  ( 1.650000000000293010, 24.64986490800644958, 27.99999999999998224 ) ) ;
#451 = CARTESIAN_POINT ( 'NONE',  ( -1.639211541292634688, 24.43282354909865717, 24.94621077601238923 ) ) ;
#452 = FACE_OUTER_BOUND ( 'NONE', #701, .T. ) ;
#453 = CARTESIAN_POINT ( 'NONE',  ( 3.593725468351937291, 22.87422275431380214, 27.26435958862570885 ) ) ;
#454 = CARTESIAN_POINT ( 'NONE',  ( -4.000000000000095923, 24.64986490800644958, -27.20753572082556815 ) ) ;
#455 = ORIENTED_EDGE ( 'NONE', *, *, #1068, .T. ) ;
#456 = EDGE_CURVE ( 'NONE', #322, #1292, #83, .T. ) ;
#457 = ORIENTED_EDGE ( 'NONE', *, *, #1471, .F. ) ;
#458 = CARTESIAN_POINT ( 'NONE',  ( 0.000000000000000000, 4.000000000000000000, 0.000000000000000000 ) ) ;
#459 = VERTEX_POINT ( 'NONE', #1249 ) ;
#460 = CARTESIAN_POINT ( 'NONE',  ( 3.973978966614485131, 25.17482956751047141, 27.21139725232855255 ) ) ;
#461 = CIRCLE ( 'NONE', #1787, 4.000000000000000000 ) ;
#462 = CARTESIAN_POINT ( 'NONE',  ( -3.973824342017148847, 25.17635958814146235, 27.21142038265071150 ) ) ;
#463 = CARTESIAN_POINT ( 'NONE',  ( -0.2169489910638646435, 23.01063634447865525, 24.99928252804180673 ) ) ;
#464 = CARTESIAN_POINT ( 'NONE',  ( 45.00000000000000000, 24.64986490800644958, 0.000000000000000000 ) ) ;
#465 = DIRECTION ( 'NONE',  ( 0.000000000000000000, 1.000000000000000000, 0.000000000000000000 ) ) ;
#466 = EDGE_LOOP ( 'NONE', ( #229, #1709 ) ) ;
#467 = DIRECTION ( 'NONE',  ( 1.000000000000000000, 0.000000000000000000, -1.047444401652940007E-14 ) ) ;
#468 = VERTEX_POINT ( 'NONE', #1883 ) ;
#469 = CARTESIAN_POINT ( 'NONE',  ( 0.000000000000000000, 13.99999999999999822, 0.000000000000000000 ) ) ;
#470 = EDGE_CURVE ( 'NONE', #798, #1603, #475, .T. ) ;
#471 = CARTESIAN_POINT ( 'NONE',  ( 1.565569451220265584, 24.11771947245855685, -24.95096617897414149 ) ) ;
#472 = DIRECTION ( 'NONE',  ( 0.000000000000000000, 1.000000000000000000, 0.000000000000000000 ) ) ;
#473 = EDGE_CURVE ( 'NONE', #1193, #613, #1137, .T. ) ;
#474 = DIRECTION ( 'NONE',  ( -1.000000000000000000, 0.000000000000000000, 0.000000000000000000 ) ) ;
#475 = CIRCLE ( 'NONE', #1986, 4.000000000000000000 ) ;
#476 = CYLINDRICAL_SURFACE ( 'NONE', #69, 10.00000000000000178 ) ;
#477 = ORIENTED_EDGE ( 'NONE', *, *, #317, .F. ) ;
#478 = AXIS2_PLACEMENT_3D ( 'NONE', #458, #1089, #633 ) ;
#479 = CARTESIAN_POINT ( 'NONE',  ( -3.999999999999843237, 24.64986490800644958, 45.00100000000016820 ) ) ;
#480 = ORIENTED_EDGE ( 'NONE', *, *, #1320, .F. ) ;
#481 = CARTESIAN_POINT ( 'NONE',  ( 2.004298466206221985, 28.12146250477934828, 27.42774017084582994 ) ) ;
#482 = CARTESIAN_POINT ( 'NONE',  ( 1.649999999999999689, 24.54091668448093344, -24.94549057445051687 ) ) ;
#483 = CARTESIAN_POINT ( 'NONE',  ( 4.592425496802574367E-15, 3.999999999999999112, 37.50000000000000000 ) ) ;
#484 = AXIS2_PLACEMENT_3D ( 'NONE', #1679, #1987, #1695 ) ;
#485 = CARTESIAN_POINT ( 'NONE',  ( 3.367778737957741569E-15, 28.64986490800644958, 27.50000000000000000 ) ) ;
#486 = DIRECTION ( 'NONE',  ( 0.000000000000000000, -1.000000000000000000, 0.000000000000000000 ) ) ;
#487 = AXIS2_PLACEMENT_3D ( 'NONE', #192, #503, #340 ) ;
#488 = ORIENTED_EDGE ( 'NONE', *, *, #1577, .T. ) ;
#489 = CARTESIAN_POINT ( 'NONE',  ( -0.7312215195087052866, 23.16678794899130267, -24.98950401114214515 ) ) ;
#490 = ORIENTED_EDGE ( 'NONE', *, *, #1046, .T. ) ;
#491 = CARTESIAN_POINT ( 'NONE',  ( -27.31632954113364420, 22.20459536591161864, 3.176463647404097479 ) ) ;
#492 = EDGE_CURVE ( 'NONE', #1531, #112, #1900, .T. ) ;
#493 = VECTOR ( 'NONE', #1483, 1000.000000000000000 ) ;
#494 = CARTESIAN_POINT ( 'NONE',  ( 24.95906313540707089, 23.82203359304747536, -1.431344723186062540 ) ) ;
#495 = CARTESIAN_POINT ( 'NONE',  ( 37.50000000000000711, 4.000000000000000000, -40.50000000000433431 ) ) ;
#496 = PLANE ( 'NONE',  #1647 ) ;
#497 = VERTEX_POINT ( 'NONE', #1862 ) ;
#498 = DIRECTION ( 'NONE',  ( 0.000000000000000000, 0.000000000000000000, 1.000000000000000000 ) ) ;
#499 = ORIENTED_EDGE ( 'NONE', *, *, #816, .T. ) ;
#500 = DIRECTION ( 'NONE',  ( 0.000000000000000000, 0.000000000000000000, 1.000000000000000000 ) ) ;
#501 = CARTESIAN_POINT ( 'NONE',  ( 24.94892562250860379, 24.22265092650139096, 1.597357762851641327 ) ) ;
#502 = DIRECTION ( 'NONE',  ( 0.000000000000000000, 0.000000000000000000, -1.000000000000000000 ) ) ;
#503 = DIRECTION ( 'NONE',  ( 0.000000000000000000, -1.000000000000000000, 0.000000000000000000 ) ) ;
#504 = VERTEX_POINT ( 'NONE', #1093 ) ;
#505 = DIRECTION ( 'NONE',  ( 1.000000000000000000, 0.000000000000000000, -1.040834085586084257E-14 ) ) ;
#506 = AXIS2_PLACEMENT_3D ( 'NONE', #1542, #746, #272 ) ;
#507 = CARTESIAN_POINT ( 'NONE',  ( 27.21139555373523322, 24.12377102592230926, -3.974000397071562496 ) ) ;
#508 = VERTEX_POINT ( 'NONE', #483 ) ;
#509 = FACE_BOUND ( 'NONE', #1817, .T. ) ;
#510 = CARTESIAN_POINT ( 'NONE',  ( -24.99456138973592445, 26.21584748140328358, -0.5309315299064250038 ) ) ;
#511 = CARTESIAN_POINT ( 'NONE',  ( 28.00000000000000000, 24.64986490800644958, 0.000000000000000000 ) ) ;
#512 = ADVANCED_FACE ( 'NONE', ( #1401 ), #1727, .T. ) ;
#513 = CARTESIAN_POINT ( 'NONE',  ( -3.180507987739397802, 27.08967814758343451, -27.31585205429283292 ) ) ;
#514 = EDGE_CURVE ( 'NONE', #249, #1805, #1576, .T. ) ;
#515 = ORIENTED_EDGE ( 'NONE', *, *, #1202, .T. ) ;
#516 = CIRCLE ( 'NONE', #617, 25.00000000000000000 ) ;
#517 = CARTESIAN_POINT ( 'NONE',  ( 27.20753572082558591, 24.38526180935996734, -4.000000000000000888 ) ) ;
#518 = ORIENTED_EDGE ( 'NONE', *, *, #88, .F. ) ;
#519 = EDGE_CURVE ( 'NONE', #1333, #1570, #92, .T. ) ;
#520 = CARTESIAN_POINT ( 'NONE',  ( -24.98951788988726719, 26.13317429040124296, -0.7307413945650785836 ) ) ;
#521 = DIRECTION ( 'NONE',  ( -0.000000000000000000, 1.000000000000000000, -0.000000000000000000 ) ) ;
#522 = AXIS2_PLACEMENT_3D ( 'NONE', #469, #812, #1890 ) ;
#523 = CARTESIAN_POINT ( 'NONE',  ( -37.49999999999787548, 0.000000000000000000, 37.50000000000002842 ) ) ;
#524 = FACE_BOUND ( 'NONE', #903, .T. ) ;
#525 = CIRCLE ( 'NONE', #1427, 10.00000000000000178 ) ;
#526 = ORIENTED_EDGE ( 'NONE', *, *, #1471, .T. ) ;
#527 = CARTESIAN_POINT ( 'NONE',  ( 27.33531398232015874, 22.00356675073394896, -3.010802069631642208 ) ) ;
#528 = EDGE_LOOP ( 'NONE', ( #646, #1245 ) ) ;
#529 = DIRECTION ( 'NONE',  ( 0.000000000000000000, 0.000000000000000000, -1.000000000000000000 ) ) ;
#530 = ADVANCED_FACE ( 'NONE', ( #357, #834 ), #1909, .T. ) ;
#531 = CARTESIAN_POINT ( 'NONE',  ( -24.96562878549158526, 25.65638999152701771, -1.311853520353249092 ) ) ;
#532 = CARTESIAN_POINT ( 'NONE',  ( -1.649999999999999689, 24.64986490800644958, 24.94549057445052753 ) ) ;
#533 = CARTESIAN_POINT ( 'NONE',  ( -25.00001161818193651, 22.99968887488918767, 0.2164181582811059712 ) ) ;
#534 = CARTESIAN_POINT ( 'NONE',  ( 0.000000000000000000, 4.000000000000000000, 0.000000000000000000 ) ) ;
#535 = ORIENTED_EDGE ( 'NONE', *, *, #792, .T. ) ;
#536 = CARTESIAN_POINT ( 'NONE',  ( 27.47088613921635769, 20.85388765748913542, -1.288087621888279077 ) ) ;
#537 = VERTEX_POINT ( 'NONE', #179 ) ;
#538 = CARTESIAN_POINT ( 'NONE',  ( -4.030448136955193516E-23, 28.64986490800644958, -27.50000000000000000 ) ) ;
#539 = AXIS2_PLACEMENT_3D ( 'NONE', #1968, #1289, #498 ) ;
#540 = CARTESIAN_POINT ( 'NONE',  ( 3.999999999999904521, 24.38858171089135496, -27.20753572082559657 ) ) ;
#541 = DIRECTION ( 'NONE',  ( -0.000000000000000000, 1.000000000000000000, -0.000000000000000000 ) ) ;
#542 = AXIS2_PLACEMENT_3D ( 'NONE', #899, #280, #1380 ) ;
#543 = DIRECTION ( 'NONE',  ( 0.000000000000000000, 0.000000000000000000, 1.000000000000000000 ) ) ;
#544 = CARTESIAN_POINT ( 'NONE',  ( -27.47089041773295648, 28.44587752256913404, -1.288062323566011136 ) ) ;
#545 = ADVANCED_FACE ( 'NONE', ( #670, #814 ), #63, .F. ) ;
#546 = CARTESIAN_POINT ( 'NONE',  ( -3.999999999999714895, 24.64986490800644958, 27.20753572082562499 ) ) ;
#547 = CARTESIAN_POINT ( 'NONE',  ( -0.2163230506579533197, 26.28915538597444623, -24.99928669033050710 ) ) ;
#548 = CARTESIAN_POINT ( 'NONE',  ( 27.23699649162158565, 25.93920082024157381, 3.795559323552634368 ) ) ;
#549 = ORIENTED_EDGE ( 'NONE', *, *, #172, .T. ) ;
#550 = DIRECTION ( 'NONE',  ( 0.000000000000000000, 0.000000000000000000, 1.000000000000000000 ) ) ;
#551 = CARTESIAN_POINT ( 'NONE',  ( -24.99928736685714625, 26.28916690849489868, -0.2164071739671152850 ) ) ;
#552 = CARTESIAN_POINT ( 'NONE',  ( -24.95855871270292425, 23.81829498072384155, 1.441239622572065615 ) ) ;
#553 = CARTESIAN_POINT ( 'NONE',  ( -27.26420280193497803, 26.42332582807524233, -3.594926151977990703 ) ) ;
#554 = CARTESIAN_POINT ( 'NONE',  ( -3.179089268562032000, 22.20806684006478093, 27.31602137102628802 ) ) ;
#555 = DIRECTION ( 'NONE',  ( 0.000000000000000000, 0.000000000000000000, -1.000000000000000000 ) ) ;
#556 = VECTOR ( 'NONE', #1996, 1000.000000000000000 ) ;
#557 = DIRECTION ( 'NONE',  ( 0.000000000000000000, 0.000000000000000000, 1.000000000000000000 ) ) ;
#558 = ORIENTED_EDGE ( 'NONE', *, *, #360, .T. ) ;
#559 = VERTEX_POINT ( 'NONE', #1147 ) ;
#560 = ORIENTED_EDGE ( 'NONE', *, *, #1777, .T. ) ;
#561 = CARTESIAN_POINT ( 'NONE',  ( -0.7318645576264420916, 26.13261935815535253, 24.98948483978720958 ) ) ;
#562 = CARTESIAN_POINT ( 'NONE',  ( -24.94844874605687934, 24.21742944126343033, -1.606762301170410190 ) ) ;
#563 = CARTESIAN_POINT ( 'NONE',  ( -27.20753572082557525, 24.91110266461675948, -3.999999999999999112 ) ) ;
#564 = DIRECTION ( 'NONE',  ( -0.000000000000000000, -1.000000000000000000, -0.000000000000000000 ) ) ;
#565 = CARTESIAN_POINT ( 'NONE',  ( 0.8311799891418869546, 26.09131301945818748, -24.98696684432032100 ) ) ;
#566 = CARTESIAN_POINT ( 'NONE',  ( 27.26420280193497803, 26.42332582807524233, 3.594926151977990703 ) ) ;
#567 = ORIENTED_EDGE ( 'NONE', *, *, #976, .T. ) ;
#568 = ORIENTED_EDGE ( 'NONE', *, *, #682, .T. ) ;
#569 = VERTEX_POINT ( 'NONE', #1595 ) ;
#570 = CARTESIAN_POINT ( 'NONE',  ( -1.649999999999999689, 24.86533004859679608, 24.94549057445052753 ) ) ;
#571 = FACE_OUTER_BOUND ( 'NONE', #1506, .T. ) ;
#572 = AXIS2_PLACEMENT_3D ( 'NONE', #1473, #1297, #1455 ) ;
#573 = CARTESIAN_POINT ( 'NONE',  ( 1.039732688171233654, 28.52122202382548011, -27.48153626273642658 ) ) ;
#574 = EDGE_CURVE ( 'NONE', #1544, #599, #1067, .T. ) ;
#575 = CARTESIAN_POINT ( 'NONE',  ( 0.000000000000000000, 0.000000000000000000, 0.000000000000000000 ) ) ;
#576 = EDGE_CURVE ( 'NONE', #749, #1544, #1793, .T. ) ;
#577 = CARTESIAN_POINT ( 'NONE',  ( 34.99999999999999289, 0.000000000000000000, 34.99999999999999289 ) ) ;
#578 = CARTESIAN_POINT ( 'NONE',  ( 0.000000000000000000, 34.00000000000000000, -27.50000000000000000 ) ) ;
#579 = ORIENTED_EDGE ( 'NONE', *, *, #1405, .T. ) ;
#580 = DIRECTION ( 'NONE',  ( -0.000000000000000000, 1.000000000000000000, -0.000000000000000000 ) ) ;
#581 = VECTOR ( 'NONE', #1019, 1000.000000000000000 ) ;
#582 = EDGE_LOOP ( 'NONE', ( #905, #433, #1169, #23, #999 ) ) ;
#583 = CARTESIAN_POINT ( 'NONE',  ( 3.786532345060856666E-26, 20.64986490800644958, -27.50000000000000000 ) ) ;
#584 = CYLINDRICAL_SURFACE ( 'NONE', #1325, 1.649999999999999689 ) ;
#585 = CARTESIAN_POINT ( 'NONE',  ( -27.20753572082557881, 24.91453269241918278, 4.000000000000000888 ) ) ;
#586 = DIRECTION ( 'NONE',  ( -0.000000000000000000, -1.000000000000000000, -0.000000000000000000 ) ) ;
#587 = CARTESIAN_POINT ( 'NONE',  ( -37.49999999999999289, 0.000000000000000000, -34.49999999999998579 ) ) ;
#588 = CARTESIAN_POINT ( 'NONE',  ( 2.449293598294706513E-15, 4.000000000000000000, 20.00000000000000000 ) ) ;
#589 = EDGE_LOOP ( 'NONE', ( #1064, #1265, #1121, #457 ) ) ;
#590 = DIRECTION ( 'NONE',  ( -0.000000000000000000, 1.000000000000000000, -0.000000000000000000 ) ) ;
#591 = AXIS2_PLACEMENT_3D ( 'NONE', #1117, #162, #145 ) ;
#592 = VERTEX_POINT ( 'NONE', #495 ) ;
#593 = CARTESIAN_POINT ( 'NONE',  ( -34.99999999999999289, 4.000000000000000000, 45.00000000000000000 ) ) ;
#594 = CARTESIAN_POINT ( 'NONE',  ( -3.469909701664673829, 22.64264333789327566, -27.28060620688860638 ) ) ;
#595 = CARTESIAN_POINT ( 'NONE',  ( 3.061616997868383043E-15, 34.00000000000000000, 25.00000000000000000 ) ) ;
#596 = CARTESIAN_POINT ( 'NONE',  ( 24.97996171758997619, 25.96308506633466706, 1.004768926237699533 ) ) ;
#597 = CARTESIAN_POINT ( 'NONE',  ( 2.438032455883951233, 21.46799638853317660, 27.39258201720596730 ) ) ;
#598 = DIRECTION ( 'NONE',  ( 0.000000000000000000, -1.000000000000000000, 0.000000000000000000 ) ) ;
#599 = VERTEX_POINT ( 'NONE', #1328 ) ;
#600 = EDGE_CURVE ( 'NONE', #1880, #19, #214, .T. ) ;
#601 = ORIENTED_EDGE ( 'NONE', *, *, #968, .F. ) ;
#602 = DIRECTION ( 'NONE',  ( 0.000000000000000000, -1.000000000000000000, 0.000000000000000000 ) ) ;
#603 = CARTESIAN_POINT ( 'NONE',  ( 45.00000000000000000, 4.000000000000000000, 35.00000000000000000 ) ) ;
#604 = CARTESIAN_POINT ( 'NONE',  ( -1.565851805405952257, 24.11853611872613357, 24.95094842745414709 ) ) ;
#605 = B_SPLINE_CURVE_WITH_KNOTS ( 'NONE', 3,
 ( #348, #1927, #937, #327, #168, #978, #4, #15, #1261, #471, #1103, #1134, #482, #316 ),
 .UNSPECIFIED., .F., .F.,
 ( 4, 2, 2, 2, 2, 2, 4 ),
 ( 0.005160054387066281660, 0.005805243322647861415, 0.006450432258229442037, 0.006773026726020232348, 0.007095621193811022659, 0.007418215661601812970, 0.007740810129392603281 ),
 .UNSPECIFIED. ) ;
#606 = CARTESIAN_POINT ( 'NONE',  ( 24.94848871350629338, 25.08454250861690937, 1.606155527077002487 ) ) ;
#607 = VECTOR ( 'NONE', #1947, 1000.000000000000000 ) ;
#608 = EDGE_CURVE ( 'NONE', #1671, #569, #738, .T. ) ;
#609 = LINE ( 'NONE', #1719, #1043 ) ;
#610 = CIRCLE ( 'NONE', #1775, 4.000000000000000000 ) ;
#611 = DIRECTION ( 'NONE',  ( 0.000000000000000000, 0.000000000000000000, 1.000000000000000000 ) ) ;
#612 = ORIENTED_EDGE ( 'NONE', *, *, #404, .T. ) ;
#613 = VERTEX_POINT ( 'NONE', #47 ) ;
#614 = ORIENTED_EDGE ( 'NONE', *, *, #733, .F. ) ;
#615 = CARTESIAN_POINT ( 'NONE',  ( -27.33490444592685265, 22.00777015681579130, -3.014514791558087214 ) ) ;
#616 = DIRECTION ( 'NONE',  ( -1.000000000000000000, -0.000000000000000000, -0.000000000000000000 ) ) ;
#617 = AXIS2_PLACEMENT_3D ( 'NONE', #1438, #1240, #1901 ) ;
#618 = DIRECTION ( 'NONE',  ( 0.000000000000000000, 1.000000000000000000, 0.000000000000000000 ) ) ;
#619 = EDGE_CURVE ( 'NONE', #1232, #1603, #1305, .T. ) ;
#620 = DIRECTION ( 'NONE',  ( 0.000000000000000000, 0.000000000000000000, -1.000000000000000000 ) ) ;
#621 = ORIENTED_EDGE ( 'NONE', *, *, #1864, .F. ) ;
#622 = VECTOR ( 'NONE', #875, 1000.000000000000000 ) ;
#623 = EDGE_CURVE ( 'NONE', #663, #1363, #1000, .T. ) ;
#624 = ORIENTED_EDGE ( 'NONE', *, *, #1102, .F. ) ;
#625 = CARTESIAN_POINT ( 'NONE',  ( -27.44358212763200555, 21.05679530292081836, -1.777259796424637717 ) ) ;
#626 = AXIS2_PLACEMENT_3D ( 'NONE', #1192, #734, #880 ) ;
#627 = CARTESIAN_POINT ( 'NONE',  ( 24.99703748314716378, 23.04327595754298486, 0.4330926391671359177 ) ) ;
#628 =( LENGTH_UNIT ( ) NAMED_UNIT ( * ) SI_UNIT ( .MILLI., .METRE. ) );
#629 = LINE ( 'NONE', #180, #1813 ) ;
#630 = CARTESIAN_POINT ( 'NONE',  ( 0.000000000000000000, 34.00000000000000000, 0.000000000000000000 ) ) ;
#631 = VERTEX_POINT ( 'NONE', #1445 ) ;
#632 = ORIENTED_EDGE ( 'NONE', *, *, #838, .F. ) ;
#633 = DIRECTION ( 'NONE',  ( 0.000000000000000000, -0.000000000000000000, -1.000000000000000000 ) ) ;
#634 = EDGE_LOOP ( 'NONE', ( #125, #1485, #1164, #1747, #601, #1888, #759, #1622 ) ) ;
#635 = CARTESIAN_POINT ( 'NONE',  ( -27.33531398232015874, 22.00356675073394896, 3.010802069631642208 ) ) ;
#636 = CARTESIAN_POINT ( 'NONE',  ( -45.00000000000000000, 4.000000000000000000, 34.99999999999999289 ) ) ;
#637 = EDGE_CURVE ( 'NONE', #1292, #322, #1446, .T. ) ;
#638 = LINE ( 'NONE', #144, #353 ) ;
#639 = CIRCLE ( 'NONE', #1802, 10.00000000000000178 ) ;
#640 = ADVANCED_FACE ( 'NONE', ( #650 ), #1126, .F. ) ;
#641 = CARTESIAN_POINT ( 'NONE',  ( 3.061617027674462488E-15, 22.99986490800645100, 25.00000000000000000 ) ) ;
#642 = EDGE_LOOP ( 'NONE', ( #103, #364 ) ) ;
#643 = CIRCLE ( 'NONE', #347, 20.00000000000000000 ) ;
#644 = ORIENTED_EDGE ( 'NONE', *, *, #1782, .T. ) ;
#645 = CARTESIAN_POINT ( 'NONE',  ( -1.006329565082231925, 23.33786337653864607, -24.97989776328635614 ) ) ;
#646 = ORIENTED_EDGE ( 'NONE', *, *, #816, .F. ) ;
#647 = CARTESIAN_POINT ( 'NONE',  ( -27.47088613921635769, 20.85388765748913542, 1.288087621888279077 ) ) ;
#648 = B_SPLINE_CURVE_WITH_KNOTS ( 'NONE', 3,
 ( #1906, #1614, #1771, #1133, #957, #166, #1091, #14, #615, #2, #1593, #315, #625, #1259, #1917, #1443, #801, #24, #197, #1408, #647, #1898, #2026, #1281, #947, #635, #491, #1763, #1453, #35, #336, #188, #863, #667 ),
 .UNSPECIFIED., .F., .F.,
 ( 4, 2, 2, 2, 2, 2, 2, 2, 2, 2, 2, 2, 2, 2, 2, 2, 4 ),
 ( 0.01252242282928650932, 0.01330488297327013514, 0.01408734311725376095, 0.01486980326123738851, 0.01565226340522101606, 0.01643472354920463840, 0.01721718369318826769, 0.01799964383717189351, 0.01878210398115551932, 0.01956456412513914514, 0.02034702426912277096, 0.02112948441310640024, 0.02191194455709002259, 0.02269440470107365188, 0.02347686484505727769, 0.02425932498904090351, 0.02504178513302452933 ),
 .UNSPECIFIED. ) ;
#649 = CARTESIAN_POINT ( 'NONE',  ( 24.96560509741986067, 23.64389836446656901, 1.312310452529683591 ) ) ;
#650 = FACE_OUTER_BOUND ( 'NONE', #361, .T. ) ;
#651 = CARTESIAN_POINT ( 'NONE',  ( -45.00000000000000000, 4.000000000000000000, 45.00000000000000000 ) ) ;
#652 = DIRECTION ( 'NONE',  ( 0.000000000000000000, 0.000000000000000000, 1.000000000000000000 ) ) ;
#653 = ORIENTED_EDGE ( 'NONE', *, *, #1060, .F. ) ;
#654 = CARTESIAN_POINT ( 'NONE',  ( -45.00000000000000000, 0.000000000000000000, 45.00000000000000000 ) ) ;
#655 = VERTEX_POINT ( 'NONE', #1314 ) ;
#656 = LINE ( 'NONE', #479, #1171 ) ;
#657 = ORIENTED_EDGE ( 'NONE', *, *, #1405, .F. ) ;
#658 = CARTESIAN_POINT ( 'NONE',  ( 4.000000000000285105, 24.91459553167203822, 27.20753572082553973 ) ) ;
#659 = AXIS2_PLACEMENT_3D ( 'NONE', #1799, #208, #995 ) ;
#660 = CARTESIAN_POINT ( 'NONE',  ( 24.97636997161007955, 23.40588968178711937, -1.089445378451908919 ) ) ;
#661 = DIRECTION ( 'NONE',  ( 0.000000000000000000, 1.000000000000000000, 0.000000000000000000 ) ) ;
#662 = FACE_BOUND ( 'NONE', #1994, .T. ) ;
#663 = VERTEX_POINT ( 'NONE', #1920 ) ;
#664 = CARTESIAN_POINT ( 'NONE',  ( -0.2644537714735309963, 20.64986490800646379, 27.50000000000000000 ) ) ;
#665 = DIRECTION ( 'NONE',  ( -0.000000000000000000, -0.000000000000000000, 1.000000000000000000 ) ) ;
#666 = EDGE_LOOP ( 'NONE', ( #883, #1916, #1517, #692 ) ) ;
#667 = CARTESIAN_POINT ( 'NONE',  ( -27.20753572082558236, 24.64986490800644958, 4.000000000000000000 ) ) ;
#668 = EDGE_CURVE ( 'NONE', #176, #1003, #1170, .T. ) ;
#669 = CARTESIAN_POINT ( 'NONE',  ( 1.090274419262317940, 25.89299665839981657, 24.97633090066340245 ) ) ;
#670 = FACE_BOUND ( 'NONE', #182, .T. ) ;
#671 = CARTESIAN_POINT ( 'NONE',  ( -45.00000000000000000, 4.000000000000000000, 35.00000000000000000 ) ) ;
#672 = EDGE_CURVE ( 'NONE', #1599, #250, #967, .T. ) ;
#673 = ORIENTED_EDGE ( 'NONE', *, *, #1532, .F. ) ;
#674 = CIRCLE ( 'NONE', #1835, 3.000000000001147527 ) ;
#675 = CARTESIAN_POINT ( 'NONE',  ( 27.39269192330283076, 21.46705189361559007, -2.436810010836894858 ) ) ;
#676 = ORIENTED_EDGE ( 'NONE', *, *, #576, .T. ) ;
#677 = DIRECTION ( 'NONE',  ( 0.000000000000000000, 0.000000000000000000, -1.000000000000000000 ) ) ;
#678 = CARTESIAN_POINT ( 'NONE',  ( -24.97636997161008310, 25.89384013422577269, -1.089445378451909363 ) ) ;
#679 = CARTESIAN_POINT ( 'NONE',  ( -37.49999999999787548, 0.000000000000000000, 37.50000000000002842 ) ) ;
#680 = CARTESIAN_POINT ( 'NONE',  ( -4.030448136955193516E-23, 28.64986490800644958, -27.50000000000000000 ) ) ;
#681 = EDGE_LOOP ( 'NONE', ( #727, #2003, #837, #971 ) ) ;
#682 = EDGE_CURVE ( 'NONE', #895, #1531, #1669, .T. ) ;
#683 = CARTESIAN_POINT ( 'NONE',  ( 27.33490444592685265, 22.00777015681579130, 3.014514791558087214 ) ) ;
#684 = ORIENTED_EDGE ( 'NONE', *, *, #1343, .T. ) ;
#685 = CYLINDRICAL_SURFACE ( 'NONE', #390, 27.50000000000000000 ) ;
#686 = CARTESIAN_POINT ( 'NONE',  ( -25.00000253668203953, 26.29990334258530282, -0.1070607196357569735 ) ) ;
#687 = CARTESIAN_POINT ( 'NONE',  ( -9.776147748760773395E-14, 24.64986490800644958, -28.00000000000000000 ) ) ;
#688 = AXIS2_PLACEMENT_3D ( 'NONE', #1801, #806, #718 ) ;
#689 = CARTESIAN_POINT ( 'NONE',  ( 37.50000000000000711, 4.000000000000000000, -34.49999999999992895 ) ) ;
#690 = CARTESIAN_POINT ( 'NONE',  ( 1.597333843117976881, 24.22255527955964283, 24.94892716200986627 ) ) ;
#691 = CIRCLE ( 'NONE', #1689, 3.000000000002202238 ) ;
#692 = ORIENTED_EDGE ( 'NONE', *, *, #773, .F. ) ;
#693 = CARTESIAN_POINT ( 'NONE',  ( 27.31594399857963396, 22.20893675556260760, 3.179748901111169257 ) ) ;
#694 = ORIENTED_EDGE ( 'NONE', *, *, #1364, .F. ) ;
#695 = ADVANCED_FACE ( 'NONE', ( #1616 ), #199, .F. ) ;
#696 = DIRECTION ( 'NONE',  ( 0.000000000000000000, 0.000000000000000000, 1.000000000000000000 ) ) ;
#697 = CARTESIAN_POINT ( 'NONE',  ( 0.000000000000000000, 24.64986490800644958, -45.00000000000000000 ) ) ;
#698 = DIRECTION ( 'NONE',  ( -1.000000000000000000, 0.000000000000000000, 0.000000000000000000 ) ) ;
#699 = CARTESIAN_POINT ( 'NONE',  ( -27.22607386668195417, 25.68645338765047370, 3.872150379103047602 ) ) ;
#700 = CARTESIAN_POINT ( 'NONE',  ( -0.5252611939317000100, 20.67593246463004064, 27.49617423503632807 ) ) ;
#701 = EDGE_LOOP ( 'NONE', ( #694, #560, #488, #264 ) ) ;
#702 = PRODUCT_RELATED_PRODUCT_CATEGORY ( 'part', '', ( #45 ) ) ;
#703 = DIRECTION ( 'NONE',  ( 0.000000000000000000, -0.000000000000000000, -1.000000000000000000 ) ) ;
#704 = ORIENTED_EDGE ( 'NONE', *, *, #1224, .T. ) ;
#705 = PRODUCT_CONTEXT ( 'NONE', #1017, 'mechanical' ) ;
#706 = B_SPLINE_CURVE_WITH_KNOTS ( 'NONE', 3,
 ( #909, #739, #1565, #1367, #1998, #1047, #1882, #1536, #1871, #1057, #117, #106, #2009, #1080, #1547, #462, #1983, #1553 ),
 .UNSPECIFIED., .F., .F.,
 ( 4, 2, 2, 2, 2, 2, 2, 2, 4 ),
 ( 0.006262697994689614758, 0.007045163599014226362, 0.007827629203338837965, 0.008610094807663450436, 0.009392560411988062907, 0.01017502601631267364, 0.01095749162063728611, 0.01173995722496189859, 0.01252242282928650932 ),
 .UNSPECIFIED. ) ;
#707 = VECTOR ( 'NONE', #541, 1000.000000000000000 ) ;
#708 = CARTESIAN_POINT ( 'NONE',  ( 3.013730890687542185, 22.00686473038475910, -27.33499184221144063 ) ) ;
#709 = AXIS2_PLACEMENT_3D ( 'NONE', #1467, #388, #1018 ) ;
#710 = CARTESIAN_POINT ( 'NONE',  ( -24.94549057445052753, 24.64986490800644958, -1.649999999999999689 ) ) ;
#711 = CARTESIAN_POINT ( 'NONE',  ( -27.28043416268932120, 26.65460649221445166, 3.471209713208728953 ) ) ;
#712 = CARTESIAN_POINT ( 'NONE',  ( -3.795079546693645778, 23.35939664700096330, 27.23706133785991312 ) ) ;
#713 = DIRECTION ( 'NONE',  ( -0.000000000000000000, -1.000000000000000000, -0.000000000000000000 ) ) ;
#714 = CARTESIAN_POINT ( 'NONE',  ( 27.20753572082558236, 24.64986490800644958, 4.000000000000000000 ) ) ;
#715 = ORIENTED_EDGE ( 'NONE', *, *, #1877, .T. ) ;
#716 = ORIENTED_EDGE ( 'NONE', *, *, #1497, .F. ) ;
#717 = DIRECTION ( 'NONE',  ( -3.491481338843133355E-15, 0.000000000000000000, -1.000000000000000000 ) ) ;
#718 = DIRECTION ( 'NONE',  ( 0.000000000000000000, 0.000000000000000000, -1.000000000000000000 ) ) ;
#719 = CARTESIAN_POINT ( 'NONE',  ( -27.23706715867969308, 25.94070646051791584, 3.795056265606357115 ) ) ;
#720 = DIRECTION ( 'NONE',  ( 1.047444401652940007E-14, 0.000000000000000000, 1.000000000000000000 ) ) ;
#721 = DIRECTION ( 'NONE',  ( 0.000000000000000000, -1.000000000000000000, 0.000000000000000000 ) ) ;
#722 = CIRCLE ( 'NONE', #1884, 27.50000000000000000 ) ;
#723 = DIRECTION ( 'NONE',  ( 0.000000000000000000, 0.000000000000000000, -1.000000000000000000 ) ) ;
#724 = ORIENTED_EDGE ( 'NONE', *, *, #826, .T. ) ;
#725 = ORIENTED_EDGE ( 'NONE', *, *, #383, .F. ) ;
#726 = ADVANCED_FACE ( 'NONE', ( #366 ), #996, .F. ) ;
#727 = ORIENTED_EDGE ( 'NONE', *, *, #1068, .F. ) ;
#728 = CARTESIAN_POINT ( 'NONE',  ( -0.1089482450613953740, 26.29986490800645527, 25.00000000000000000 ) ) ;
#729 = CARTESIAN_POINT ( 'NONE',  ( 3.786532345060856666E-26, 20.64986490800644958, -27.50000000000000000 ) ) ;
#730 = CARTESIAN_POINT ( 'NONE',  ( 1.649999999999999689, 24.64986490800644958, -45.00000000000000000 ) ) ;
#731 = CARTESIAN_POINT ( 'NONE',  ( 24.94844874605687934, 25.08230037474946172, -1.606762301170410412 ) ) ;
#732 = CARTESIAN_POINT ( 'NONE',  ( 1.243132110672393154, 25.74013891366397289, -24.96918939618915445 ) ) ;
#733 = EDGE_CURVE ( 'NONE', #9, #146, #853, .T. ) ;
#734 = DIRECTION ( 'NONE',  ( 1.047444401652940007E-14, 0.000000000000000000, 1.000000000000000000 ) ) ;
#735 = ORIENTED_EDGE ( 'NONE', *, *, #1025, .T. ) ;
#736 = CARTESIAN_POINT ( 'NONE',  ( -34.99999999999999289, 4.000000000000000000, -34.99999999999999289 ) ) ;
#737 = CARTESIAN_POINT ( 'NONE',  ( -0.2161497568622012533, 26.28917990028657670, 24.99928830171067062 ) ) ;
#738 = CIRCLE ( 'NONE', #1271, 3.000000000003007372 ) ;
#739 = CARTESIAN_POINT ( 'NONE',  ( -0.2612259060915574360, 28.64986490800642116, 27.49999999999998934 ) ) ;
#740 = AXIS2_PLACEMENT_3D ( 'NONE', #840, #1486, #703 ) ;
#741 = LINE ( 'NONE', #730, #427 ) ;
#742 = CARTESIAN_POINT ( 'NONE',  ( 2.449293598294706513E-15, 4.000000000000000000, 20.00000000000000000 ) ) ;
#743 = CARTESIAN_POINT ( 'NONE',  ( 1.650000000000000355, 24.86753832722179425, -24.94549057445053108 ) ) ;
#744 = CYLINDRICAL_SURFACE ( 'NONE', #263, 1.649999999999999689 ) ;
#745 = ORIENTED_EDGE ( 'NONE', *, *, #1680, .T. ) ;
#746 = DIRECTION ( 'NONE',  ( -0.000000000000000000, -0.000000000000000000, 1.000000000000000000 ) ) ;
#747 = EDGE_CURVE ( 'NONE', #1466, #1450, #1166, .T. ) ;
#748 = AXIS2_PLACEMENT_3D ( 'NONE', #132, #756, #248 ) ;
#749 = VERTEX_POINT ( 'NONE', #2004 ) ;
#750 = ORIENTED_EDGE ( 'NONE', *, *, #473, .F. ) ;
#751 = CARTESIAN_POINT ( 'NONE',  ( 1.649999999999901767, 24.64986490800644958, -28.00000000000000711 ) ) ;
#752 = CIRCLE ( 'NONE', #1011, 3.000000000003007372 ) ;
#753 = CARTESIAN_POINT ( 'NONE',  ( -1.290074007264833345, 20.85457081173786875, -27.47079148881729438 ) ) ;
#754 = CARTESIAN_POINT ( 'NONE',  ( -0.8276764021747029521, 23.21843056211609024, 24.98645526329942612 ) ) ;
#755 = DIRECTION ( 'NONE',  ( -0.000000000000000000, 1.000000000000000000, -0.000000000000000000 ) ) ;
#756 = DIRECTION ( 'NONE',  ( -0.000000000000000000, 1.000000000000000000, -0.000000000000000000 ) ) ;
#757 = CIRCLE ( 'NONE', #359, 1.649999999999999467 ) ;
#758 = FACE_OUTER_BOUND ( 'NONE', #2015, .T. ) ;
#759 = ORIENTED_EDGE ( 'NONE', *, *, #1736, .F. ) ;
#760 = AXIS2_PLACEMENT_3D ( 'NONE', #173, #486, #1590 ) ;
#761 = EDGE_LOOP ( 'NONE', ( #90, #1971 ) ) ;
#762 = CARTESIAN_POINT ( 'NONE',  ( -1.442180192933653959, 25.47983418639822872, 24.95850375529638043 ) ) ;
#763 = EDGE_CURVE ( 'NONE', #1751, #800, #373, .T. ) ;
#764 = CYLINDRICAL_SURFACE ( 'NONE', #40, 3.000000000000002665 ) ;
#765 = DIRECTION ( 'NONE',  ( 0.000000000000000000, 0.000000000000000000, 1.000000000000000000 ) ) ;
#766 = CARTESIAN_POINT ( 'NONE',  ( 24.99927761807874305, 26.28901778124446054, -0.2173498029415946997 ) ) ;
#767 = CARTESIAN_POINT ( 'NONE',  ( 3.469909701664837254, 22.64264333789323302, 27.28060620688859572 ) ) ;
#768 = DIRECTION ( 'NONE',  ( -1.000000000000000000, -0.000000000000000000, -0.000000000000000000 ) ) ;
#769 = EDGE_LOOP ( 'NONE', ( #1021, #477, #942, #1701 ) ) ;
#770 = FACE_OUTER_BOUND ( 'NONE', #1173, .T. ) ;
#771 = FACE_BOUND ( 'NONE', #642, .T. ) ;
#772 = DIRECTION ( 'NONE',  ( -0.000000000000000000, 1.000000000000000000, -0.000000000000000000 ) ) ;
#773 = EDGE_CURVE ( 'NONE', #569, #984, #1991, .T. ) ;
#774 = CARTESIAN_POINT ( 'NONE',  ( -34.99999999999999289, 4.000000000000000000, 34.99999999999999289 ) ) ;
#775 = VECTOR ( 'NONE', #590, 1000.000000000000000 ) ;
#776 = CARTESIAN_POINT ( 'NONE',  ( 2.643318451916973011, 21.63645623581705379, 27.37329237201581478 ) ) ;
#777 = EDGE_CURVE ( 'NONE', #1363, #459, #1490, .T. ) ;
#778 = DIRECTION ( 'NONE',  ( -1.000000000000000000, 0.000000000000000000, 0.000000000000000000 ) ) ;
#779 = ORIENTED_EDGE ( 'NONE', *, *, #574, .F. ) ;
#780 = ORIENTED_EDGE ( 'NONE', *, *, #826, .F. ) ;
#781 = DIRECTION ( 'NONE',  ( 0.000000000000000000, 1.000000000000000000, 0.000000000000000000 ) ) ;
#782 = CARTESIAN_POINT ( 'NONE',  ( 24.95902168431071289, 23.82324876716612749, 1.432073031043632261 ) ) ;
#783 = CARTESIAN_POINT ( 'NONE',  ( -0.4285326959097323085, 23.05283739517350838, 24.99655083226716101 ) ) ;
#784 = DIRECTION ( 'NONE',  ( 0.000000000000000000, 0.000000000000000000, -1.000000000000000000 ) ) ;
#785 = DIRECTION ( 'NONE',  ( 0.000000000000000000, 0.000000000000000000, -1.000000000000000000 ) ) ;
#786 = ORIENTED_EDGE ( 'NONE', *, *, #307, .F. ) ;
#787 = ADVANCED_FACE ( 'NONE', ( #1800 ), #1176, .F. ) ;
#788 = VECTOR ( 'NONE', #126, 1000.000000000000000 ) ;
#789 = EDGE_LOOP ( 'NONE', ( #1545, #1648, #265, #1142, #1375, #1054, #1945, #13, #725, #53 ) ) ;
#790 = PLANE ( 'NONE',  #230 ) ;
#791 = AXIS2_PLACEMENT_3D ( 'NONE', #1417, #2014, #293 ) ;
#792 = EDGE_CURVE ( 'NONE', #508, #1331, #639, .T. ) ;
#793 = CARTESIAN_POINT ( 'NONE',  ( 24.99655910254389823, 23.05270832048217144, -0.4280583472818355606 ) ) ;
#794 = FILL_AREA_STYLE ('',( #1104 ) ) ;
#795 = EDGE_CURVE ( 'NONE', #1599, #1302, #1213, .T. ) ;
#796 = CARTESIAN_POINT ( 'NONE',  ( 1.773784177210200319, 21.05511346818880014, 27.44380377533288495 ) ) ;
#797 = CARTESIAN_POINT ( 'NONE',  ( 3.367778697655221307E-15, 13.99999999999999822, 27.50000000000000000 ) ) ;
#798 = VERTEX_POINT ( 'NONE', #1848 ) ;
#799 = ORIENTED_EDGE ( 'NONE', *, *, #419, .F. ) ;
#800 = VERTEX_POINT ( 'NONE', #423 ) ;
#801 = CARTESIAN_POINT ( 'NONE',  ( -27.49997434900205207, 20.65004125865527840, -0.2670272028173517054 ) ) ;
#802 = CARTESIAN_POINT ( 'NONE',  ( 25.00000253668205019, 22.99982647342759279, -0.1070607196357565710 ) ) ;
#803 = CARTESIAN_POINT ( 'NONE',  ( 37.50000000000214584, 0.000000000000000000, 37.49999999999788258 ) ) ;
#804 = DIRECTION ( 'NONE',  ( -0.000000000000000000, -0.000000000000000000, 1.000000000000000000 ) ) ;
#805 = AXIS2_PLACEMENT_3D ( 'NONE', #938, #472, #16 ) ;
#806 = DIRECTION ( 'NONE',  ( -0.000000000000000000, -1.000000000000000000, -0.000000000000000000 ) ) ;
#807 = ORIENTED_EDGE ( 'NONE', *, *, #331, .T. ) ;
#808 = AXIS2_PLACEMENT_3D ( 'NONE', #1110, #1733, #1750 ) ;
#809 = LINE ( 'NONE', #1179, #1868 ) ;
#810 = CARTESIAN_POINT ( 'NONE',  ( 2.932844324628232018E-13, 24.64986490800644958, 28.00000000000000000 ) ) ;
#811 = ORIENTED_EDGE ( 'NONE', *, *, #1139, .T. ) ;
#812 = DIRECTION ( 'NONE',  ( 0.000000000000000000, -1.000000000000000000, 0.000000000000000000 ) ) ;
#813 = CARTESIAN_POINT ( 'NONE',  ( 24.94549057445053819, 24.54081367472928221, 1.649999999999999467 ) ) ;
#814 = FACE_OUTER_BOUND ( 'NONE', #2033, .T. ) ;
#815 = CARTESIAN_POINT ( 'NONE',  ( 1.649999999999999689, 24.54078874171841207, 24.94549057445052043 ) ) ;
#816 = EDGE_CURVE ( 'NONE', #1592, #146, #21, .T. ) ;
#817 = B_SPLINE_CURVE_WITH_KNOTS ( 'NONE', 3,
 ( #104, #570, #139, #762, #1033, #2017, #1399, #276, #561, #116, #1974, #737, #728, #1079 ),
 .UNSPECIFIED., .F., .F.,
 ( 4, 2, 2, 2, 2, 2, 4 ),
 ( 0.005160054191564308543, 0.005805243066129922580, 0.006450431940695536617, 0.006773026377978347973, 0.007095620815261157593, 0.007418215252543968949, 0.007740809689826778570 ),
 .UNSPECIFIED. ) ;
#818 = EDGE_LOOP ( 'NONE', ( #1075, #1767, #1533, #518 ) ) ;
#819 = FACE_OUTER_BOUND ( 'NONE', #991, .T. ) ;
#820 = CARTESIAN_POINT ( 'NONE',  ( 27.20753572082558236, 24.64986490800644958, 4.000000000000000000 ) ) ;
#821 = ORIENTED_EDGE ( 'NONE', *, *, #1893, .T. ) ;
#822 = CYLINDRICAL_SURFACE ( 'NONE', #922, 3.000000000001147527 ) ;
#823 = AXIS2_PLACEMENT_3D ( 'NONE', #266, #602, #1376 ) ;
#824 = CARTESIAN_POINT ( 'NONE',  ( -24.94549057445052398, 24.75891614128361340, 1.649999999999999689 ) ) ;
#825 = DIRECTION ( 'NONE',  ( -0.000000000000000000, -1.000000000000000000, -0.000000000000000000 ) ) ;
#826 = EDGE_CURVE ( 'NONE', #828, #1152, #1644, .T. ) ;
#827 = CARTESIAN_POINT ( 'NONE',  ( -0.2613499796666210462, 28.64986490800644603, -27.49999999999999645 ) ) ;
#828 = VERTEX_POINT ( 'NONE', #546 ) ;
#829 = DIRECTION ( 'NONE',  ( 1.000000000000000000, 0.000000000000000000, 0.000000000000000000 ) ) ;
#830 = CARTESIAN_POINT ( 'NONE',  ( 27.28039762929439505, 22.64551251277612209, 3.471527732172834835 ) ) ;
#831 = ORIENTED_EDGE ( 'NONE', *, *, #1715, .F. ) ;
#832 = CARTESIAN_POINT ( 'NONE',  ( -37.49999999999787548, 0.000000000000000000, 37.50000000000002842 ) ) ;
#833 = CARTESIAN_POINT ( 'NONE',  ( -24.95906313540707444, 25.47769622296543091, -1.431344723186062984 ) ) ;
#834 = FACE_OUTER_BOUND ( 'NONE', #1972, .T. ) ;
#835 = DIRECTION ( 'NONE',  ( 0.000000000000000000, -1.000000000000000000, 0.000000000000000000 ) ) ;
#836 = ADVANCED_FACE ( 'NONE', ( #819 ), #1459, .F. ) ;
#837 = ORIENTED_EDGE ( 'NONE', *, *, #747, .T. ) ;
#838 = EDGE_CURVE ( 'NONE', #1759, #871, #1961, .T. ) ;
#839 = AXIS2_PLACEMENT_3D ( 'NONE', #349, #521, #1625 ) ;
#840 = CARTESIAN_POINT ( 'NONE',  ( 0.000000000000000000, 0.000000000000000000, 0.000000000000000000 ) ) ;
#841 = EDGE_LOOP ( 'NONE', ( #294, #1088 ) ) ;
#842 = AXIS2_PLACEMENT_3D ( 'NONE', #224, #1462, #677 ) ;
#843 = CARTESIAN_POINT ( 'NONE',  ( -24.97988072843577356, 25.96897263805538358, 1.014288425328753629 ) ) ;
#844 = DIRECTION ( 'NONE',  ( -1.000000000000000000, 0.000000000000000000, 3.491481338843133355E-15 ) ) ;
#845 = CARTESIAN_POINT ( 'NONE',  ( 37.50000000000000711, 0.000000000000000000, -34.49999999999992895 ) ) ;
#846 = FACE_BOUND ( 'NONE', #1477, .T. ) ;
#847 = AXIS2_PLACEMENT_3D ( 'NONE', #1319, #1942, #370 ) ;
#848 = ORIENTED_EDGE ( 'NONE', *, *, #1320, .T. ) ;
#849 = CIRCLE ( 'NONE', #163, 4.000000000000000000 ) ;
#850 = ORIENTED_EDGE ( 'NONE', *, *, #1777, .F. ) ;
#851 = PLANE ( 'NONE',  #842 ) ;
#852 = CYLINDRICAL_SURFACE ( 'NONE', #659, 1.649999999999999689 ) ;
#853 = LINE ( 'NONE', #375, #707 ) ;
#854 = AXIS2_PLACEMENT_3D ( 'NONE', #1022, #1624, #1327 ) ;
#855 = COLOUR_RGB ( '',0.7921568627450980005, 0.8196078431372548767, 0.9333333333333333481 ) ;
#856 = CARTESIAN_POINT ( 'NONE',  ( -24.98646520388722436, 23.21824805995542818, -0.8274104621026137085 ) ) ;
#857 = CARTESIAN_POINT ( 'NONE',  ( 45.00000000000000000, 4.000000000000000000, -34.99999999999999289 ) ) ;
#858 = CIRCLE ( 'NONE', #1588, 37.50000000000000000 ) ;
#859 = ORIENTED_EDGE ( 'NONE', *, *, #747, .F. ) ;
#860 = CIRCLE ( 'NONE', #1431, 3.000000000000002665 ) ;
#861 = CARTESIAN_POINT ( 'NONE',  ( 0.000000000000000000, 24.64986490800644958, -45.00000000000000000 ) ) ;
#862 = VERTEX_POINT ( 'NONE', #183 ) ;
#863 = CARTESIAN_POINT ( 'NONE',  ( -27.20753572082558591, 24.38526180935996734, 4.000000000000000888 ) ) ;
#864 = DIRECTION ( 'NONE',  ( 0.000000000000000000, -1.000000000000000000, 0.000000000000000000 ) ) ;
#865 = B_SPLINE_CURVE_WITH_KNOTS ( 'NONE', 3,
 ( #820, #60, #205, #380, #1780, #1789, #830, #693, #683, #1915, #1332, #974, #1301, #1131, #1650, #78, #1952, #1769, #371, #1321, #536, #52, #1639, #675, #1925, #527, #344, #1163, #1172, #1309, #1612, #507, #517, #1141 ),
 .UNSPECIFIED., .F., .F.,
 ( 4, 2, 2, 2, 2, 2, 2, 2, 2, 2, 2, 2, 2, 2, 2, 2, 4 ),
 ( 0.01252242282928650932, 0.01330488297327013514, 0.01408734311725376095, 0.01486980326123738851, 0.01565226340522101606, 0.01643472354920463840, 0.01721718369318826769, 0.01799964383717189351, 0.01878210398115551932, 0.01956456412513914514, 0.02034702426912277096, 0.02112948441310640024, 0.02191194455709002259, 0.02269440470107365188, 0.02347686484505727769, 0.02425932498904090351, 0.02504178513302452933 ),
 .UNSPECIFIED. ) ;
#866 = CARTESIAN_POINT ( 'NONE',  ( -1.649999999999999689, 24.64986490800644958, 24.94549057445052753 ) ) ;
#867 = CARTESIAN_POINT ( 'NONE',  ( -27.42756008437185500, 28.11997892876166816, -2.006521732490303300 ) ) ;
#868 = CYLINDRICAL_SURFACE ( 'NONE', #542, 1.649999999999999689 ) ;
#869 = CARTESIAN_POINT ( 'NONE',  ( -0.8267875926860774882, 26.08184091218132750, -24.98648589058950620 ) ) ;
#870 = CARTESIAN_POINT ( 'NONE',  ( 27.26430975866836093, 26.42497930541322759, -3.594119203494437809 ) ) ;
#871 = VERTEX_POINT ( 'NONE', #1189 ) ;
#872 = AXIS2_PLACEMENT_3D ( 'NONE', #1765, #338, #988 ) ;
#873 = CARTESIAN_POINT ( 'NONE',  ( -45.00000000000000000, 0.000000000000000000, 45.00000000000000000 ) ) ;
#874 = AXIS2_PLACEMENT_3D ( 'NONE', #1944, #1478, #1494 ) ;
#875 = DIRECTION ( 'NONE',  ( -0.000000000000000000, 1.000000000000000000, -0.000000000000000000 ) ) ;
#876 = CARTESIAN_POINT ( 'NONE',  ( -27.21142226809497799, 25.17648497312180567, -3.973811745667950035 ) ) ;
#877 = CARTESIAN_POINT ( 'NONE',  ( 3.367778697618550319E-15, 20.64986490800644958, 27.50000000000000000 ) ) ;
#878 = DIRECTION ( 'NONE',  ( -1.000000000000000000, 0.000000000000000000, 0.000000000000000000 ) ) ;
#879 = ADVANCED_FACE ( 'NONE', ( #1832 ), #1300, .T. ) ;
#880 = DIRECTION ( 'NONE',  ( 1.000000000000000000, 0.000000000000000000, -1.051347561198065283E-14 ) ) ;
#881 = ORIENTED_EDGE ( 'NONE', *, *, #792, .F. ) ;
#882 = EDGE_CURVE ( 'NONE', #613, #915, #982, .T. ) ;
#883 = ORIENTED_EDGE ( 'NONE', *, *, #608, .F. ) ;
#884 = EDGE_LOOP ( 'NONE', ( #1995, #1778 ) ) ;
#885 = CARTESIAN_POINT ( 'NONE',  ( 1.290835340684677757, 20.85478759249498637, -27.47076039739003761 ) ) ;
#886 = CARTESIAN_POINT ( 'NONE',  ( -0.5241560242992832075, 20.67578987759874565, -27.49619499592465033 ) ) ;
#887 = CARTESIAN_POINT ( 'NONE',  ( -27.48158222836517695, 28.52154739677503414, -1.038537939529734500 ) ) ;
#888 = EDGE_CURVE ( 'NONE', #9, #1867, #674, .T. ) ;
#889 = CIRCLE ( 'NONE', #1653, 3.000000000000002665 ) ;
#890 = FACE_OUTER_BOUND ( 'NONE', #1889, .T. ) ;
#891 = CARTESIAN_POINT ( 'NONE',  ( -1.649999999999999689, 24.64986490800644958, -24.94549057445052753 ) ) ;
#892 = CARTESIAN_POINT ( 'NONE',  ( 27.20753572082557881, 24.91453269241918278, -4.000000000000000888 ) ) ;
#893 = ORIENTED_EDGE ( 'NONE', *, *, #1046, .F. ) ;
#894 = DIRECTION ( 'NONE',  ( 0.000000000000000000, 1.000000000000000000, 0.000000000000000000 ) ) ;
#895 = VERTEX_POINT ( 'NONE', #973 ) ;
#896 = DIRECTION ( 'NONE',  ( -1.000000000000000000, 0.000000000000000000, 0.000000000000000000 ) ) ;
#897 = CARTESIAN_POINT ( 'NONE',  ( 3.999999999999901856, 24.64986490800644958, -28.00000000000001421 ) ) ;
#898 = CARTESIAN_POINT ( 'NONE',  ( 2.642460943716298249, 27.66430971409993234, -27.37339037513502404 ) ) ;
#899 = CARTESIAN_POINT ( 'NONE',  ( 45.00000000000000000, 24.64986490800644958, 0.000000000000000000 ) ) ;
#900 = DIRECTION ( 'NONE',  ( -1.000000000000000000, 0.000000000000000000, 0.000000000000000000 ) ) ;
#901 = ADVANCED_FACE ( 'NONE', ( #397 ), #1611, .T. ) ;
#902 = CARTESIAN_POINT ( 'NONE',  ( 27.50001410567492144, 28.64996188452808923, 0.2597933767714171172 ) ) ;
#903 = EDGE_LOOP ( 'NONE', ( #1551, #480 ) ) ;
#904 = DIRECTION ( 'NONE',  ( -6.938893903907227392E-16, 0.000000000000000000, -1.000000000000000000 ) ) ;
#905 = ORIENTED_EDGE ( 'NONE', *, *, #161, .F. ) ;
#906 = VERTEX_POINT ( 'NONE', #1779 ) ;
#907 = CARTESIAN_POINT ( 'NONE',  ( 1.036901876938302935, 20.77780177784287474, -27.48163625737971927 ) ) ;
#908 = AXIS2_PLACEMENT_3D ( 'NONE', #736, #1838, #904 ) ;
#909 = CARTESIAN_POINT ( 'NONE',  ( 3.367778737957741569E-15, 28.64986490800644958, 27.50000000000000000 ) ) ;
#910 = VECTOR ( 'NONE', #1718, 1000.000000000000000 ) ;
#911 = CARTESIAN_POINT ( 'NONE',  ( 3.061617027674462488E-15, 22.99986490800645100, 25.00000000000000000 ) ) ;
#912 = CARTESIAN_POINT ( 'NONE',  ( 24.94549057445053464, 24.86791730881352436, 1.649999999999999467 ) ) ;
#913 = FACE_OUTER_BOUND ( 'NONE', #666, .T. ) ;
#914 = CARTESIAN_POINT ( 'NONE',  ( 27.39244222500792247, 27.83051424196500534, 2.439526715243513610 ) ) ;
#915 = VERTEX_POINT ( 'NONE', #352 ) ;
#916 = ADVANCED_FACE ( 'NONE', ( #1359 ), #1977, .T. ) ;
#917 = CARTESIAN_POINT ( 'NONE',  ( 1.775601258638508817, 21.05596620634673144, -27.44369094815591836 ) ) ;
#918 = CARTESIAN_POINT ( 'NONE',  ( 37.50000000000214584, 0.000000000000000000, 34.49999999999487699 ) ) ;
#919 = SURFACE_SIDE_STYLE ('',( #2029 ) ) ;
#920 = CARTESIAN_POINT ( 'NONE',  ( 24.99999413720469477, 26.29977607774549497, -0.1102160235513109376 ) ) ;
#921 = DIRECTION ( 'NONE',  ( 0.000000000000000000, 0.000000000000000000, -1.000000000000000000 ) ) ;
#922 = AXIS2_PLACEMENT_3D ( 'NONE', #832, #1954, #550 ) ;
#923 = DIRECTION ( 'NONE',  ( 0.000000000000000000, 0.000000000000000000, 1.000000000000000000 ) ) ;
#924 = ORIENTED_EDGE ( 'NONE', *, *, #519, .F. ) ;
#925 = CARTESIAN_POINT ( 'NONE',  ( -1.483120626332183889, 23.91874368575216891, -24.95600268167423863 ) ) ;
#926 = EDGE_LOOP ( 'NONE', ( #1258, #935, #79, #1896 ) ) ;
#927 = CARTESIAN_POINT ( 'NONE',  ( 0.2644537714735402112, 20.64986490800645313, -27.50000000000000000 ) ) ;
#928 = B_SPLINE_CURVE_WITH_KNOTS ( 'NONE', 3,
 ( #1976, #585, #96, #699, #719, #1511, #711, #1984, #1348, #1811, #1677, #1339, #1830, #1523, #1666, #1218, #1705, #1960, #1823, #887, #544, #1016, #867, #1500, #1188, #84, #408, #1035, #553, #1358, #246, #876, #563, #107 ),
 .UNSPECIFIED., .F., .F.,
 ( 4, 2, 2, 2, 2, 2, 2, 2, 2, 2, 2, 2, 2, 2, 2, 2, 4 ),
 ( 0.000000000000000000, 0.0007826514268304070494, 0.001565302853660814099, 0.002347954280491221148, 0.003130605707321628198, 0.003913257134152034813, 0.004695908560982442297, 0.005478559987812848912, 0.006261211414643254661, 0.007043862841473661277, 0.007826514268304067892, 0.008609165695134474508, 0.009391817121964882858, 0.01017446854879528947, 0.01095711997562569782, 0.01173977140245610444, 0.01252242282928650932 ),
 .UNSPECIFIED. ) ;
#929 = CARTESIAN_POINT ( 'NONE',  ( -37.49999999999999289, 4.000000000000000000, -40.49999999999999289 ) ) ;
#930 = CARTESIAN_POINT ( 'NONE',  ( 0.000000000000000000, 4.000000000000000000, 0.000000000000000000 ) ) ;
#931 = CARTESIAN_POINT ( 'NONE',  ( 0.000000000000000000, 13.99999999999999822, -37.50000000000000000 ) ) ;
#932 = DIRECTION ( 'NONE',  ( 0.000000000000000000, 0.000000000000000000, 1.000000000000000000 ) ) ;
#933 = CARTESIAN_POINT ( 'NONE',  ( 0.000000000000000000, 4.000000000000000000, 0.000000000000000000 ) ) ;
#934 = ORIENTED_EDGE ( 'NONE', *, *, #1364, .T. ) ;
#935 = ORIENTED_EDGE ( 'NONE', *, *, #1693, .T. ) ;
#936 = DIRECTION ( 'NONE',  ( 0.000000000000000000, 1.000000000000000000, 0.000000000000000000 ) ) ;
#937 = CARTESIAN_POINT ( 'NONE',  ( 0.4326556171802496964, 23.04314717129820878, -24.99704580350389804 ) ) ;
#938 = CARTESIAN_POINT ( 'NONE',  ( 0.000000000000000000, 4.000000000000000000, 0.000000000000000000 ) ) ;
#939 = AXIS2_PLACEMENT_3D ( 'NONE', #697, #1041, #1007 ) ;
#940 = FACE_OUTER_BOUND ( 'NONE', #1223, .T. ) ;
#941 = DIRECTION ( 'NONE',  ( 0.000000000000000000, -1.000000000000000000, 0.000000000000000000 ) ) ;
#942 = ORIENTED_EDGE ( 'NONE', *, *, #773, .T. ) ;
#943 = EDGE_CURVE ( 'NONE', #1118, #206, #809, .T. ) ;
#944 = ORIENTED_EDGE ( 'NONE', *, *, #1349, .T. ) ;
#945 = CARTESIAN_POINT ( 'NONE',  ( -1.089748065982505842, 23.40615672419091098, -24.97635666477536631 ) ) ;
#946 = EDGE_LOOP ( 'NONE', ( #1234, #233, #526, #657 ) ) ;
#947 = CARTESIAN_POINT ( 'NONE',  ( -27.37339615736591725, 21.63551247120502907, 2.642253285820892916 ) ) ;
#948 = LINE ( 'NONE', #636, #420 ) ;
#949 =( NAMED_UNIT ( * ) SI_UNIT ( $, .STERADIAN. ) SOLID_ANGLE_UNIT ( ) );
#950 = FACE_OUTER_BOUND ( 'NONE', #1981, .T. ) ;
#951 = FACE_OUTER_BOUND ( 'NONE', #1100, .T. ) ;
#952 = VERTEX_POINT ( 'NONE', #1198 ) ;
#953 = AXIS2_PLACEMENT_3D ( 'NONE', #82, #1499, #1510 ) ;
#954 = VERTEX_POINT ( 'NONE', #85 ) ;
#955 = CARTESIAN_POINT ( 'NONE',  ( 2.932844324628232018E-13, 24.64986490800644958, 28.00000000000000000 ) ) ;
#956 = VERTEX_POINT ( 'NONE', #963 ) ;
#957 = CARTESIAN_POINT ( 'NONE',  ( -27.23703745265381215, 23.35991652886041692, -3.795248797982828659 ) ) ;
#958 = DIRECTION ( 'NONE',  ( 0.000000000000000000, 1.000000000000000000, -0.000000000000000000 ) ) ;
#959 = DIRECTION ( 'NONE',  ( 0.000000000000000000, 0.000000000000000000, 1.000000000000000000 ) ) ;
#960 = CARTESIAN_POINT ( 'NONE',  ( 1.571201517292803189E-13, 24.64986490800644958, 45.00100000000015399 ) ) ;
#961 = CARTESIAN_POINT ( 'NONE',  ( 28.00000000000000000, 24.64986490800644958, -1.649999999999999467 ) ) ;
#962 = ORIENTED_EDGE ( 'NONE', *, *, #492, .F. ) ;
#963 = CARTESIAN_POINT ( 'NONE',  ( -28.00000000000000000, 24.64986490800644958, 1.649999999999999467 ) ) ;
#964 = ORIENTED_EDGE ( 'NONE', *, *, #1004, .F. ) ;
#965 = CARTESIAN_POINT ( 'NONE',  ( 3.180507987739536802, 27.08967814758350201, 27.31585205429282226 ) ) ;
#966 = CARTESIAN_POINT ( 'NONE',  ( -24.95902168431071999, 25.47648104884676812, 1.432073031043632927 ) ) ;
#967 = LINE ( 'NONE', #55, #407 ) ;
#968 = EDGE_CURVE ( 'NONE', #101, #1138, #33, .T. ) ;
#969 = CARTESIAN_POINT ( 'NONE',  ( -3.470965975204115317, 26.65503694627764020, -27.28046553325406975 ) ) ;
#970 = PRESENTATION_LAYER_ASSIGNMENT (  '', '', ( #343 ) ) ;
#971 = ORIENTED_EDGE ( 'NONE', *, *, #256, .T. ) ;
#972 = AXIS2_PLACEMENT_3D ( 'NONE', #931, #1051, #2020 ) ;
#973 = CARTESIAN_POINT ( 'NONE',  ( 0.000000000000000000, 34.00000000000000000, -25.00000000000000000 ) ) ;
#974 = CARTESIAN_POINT ( 'NONE',  ( 27.42754951161468568, 21.17982027304411830, 2.006712797452554042 ) ) ;
#975 = ORIENTED_EDGE ( 'NONE', *, *, #252, .F. ) ;
#976 = EDGE_CURVE ( 'NONE', #146, #1592, #1001, .T. ) ;
#977 = CARTESIAN_POINT ( 'NONE',  ( 1.037898796770269527, 28.52183367544878934, 27.48162223722396291 ) ) ;
#978 = CARTESIAN_POINT ( 'NONE',  ( 1.242495915369395076, 23.55886326537052611, -24.96922125992200847 ) ) ;
#979 = DIRECTION ( 'NONE',  ( 0.000000000000000000, 1.000000000000000000, 0.000000000000000000 ) ) ;
#980 = CARTESIAN_POINT ( 'NONE',  ( -3.872090064899357031, 25.68669432991183754, -27.22608249051698692 ) ) ;
#981 = ORIENTED_EDGE ( 'NONE', *, *, #1128, .F. ) ;
#982 = LINE ( 'NONE', #1513, #1307 ) ;
#983 = PLANE ( 'NONE',  #740 ) ;
#984 = VERTEX_POINT ( 'NONE', #1658 ) ;
#985 = VECTOR ( 'NONE', #94, 1000.000000000000000 ) ;
#986 = ADVANCED_FACE ( 'NONE', ( #238 ), #868, .F. ) ;
#987 = LINE ( 'NONE', #1336, #259 ) ;
#988 = DIRECTION ( 'NONE',  ( 0.000000000000000000, 0.000000000000000000, -1.000000000000000000 ) ) ;
#989 = EDGE_CURVE ( 'NONE', #1613, #655, #1804, .T. ) ;
#990 = CARTESIAN_POINT ( 'NONE',  ( 0.2153562536982850661, 22.99986490800645100, 24.99999999999999289 ) ) ;
#991 = EDGE_LOOP ( 'NONE', ( #612, #381, #1256, #1935 ) ) ;
#992 = DIRECTION ( 'NONE',  ( -1.000000000000000000, 0.000000000000000000, 3.469446951953614189E-15 ) ) ;
#993 = ORIENTED_EDGE ( 'NONE', *, *, #1812, .F. ) ;
#994 = CARTESIAN_POINT ( 'NONE',  ( 37.50000000000000711, 0.000000000000000000, -40.50000000000433431 ) ) ;
#995 = DIRECTION ( 'NONE',  ( 1.000000000000000000, 0.000000000000000000, 0.000000000000000000 ) ) ;
#996 = CYLINDRICAL_SURFACE ( 'NONE', #506, 1.649999999999999689 ) ;
#997 = CARTESIAN_POINT ( 'NONE',  ( -24.99999413720469832, 22.99995373826741130, -0.1102160235513089948 ) ) ;
#998 = CARTESIAN_POINT ( 'NONE',  ( -0.5212131015016709945, 28.62449859568239319, -27.49627486778239671 ) ) ;
#999 = ORIENTED_EDGE ( 'NONE', *, *, #131, .T. ) ;
#1000 = CIRCLE ( 'NONE', #1374, 1.649999999999999467 ) ;
#1001 = CIRCLE ( 'NONE', #709, 3.000000000001147527 ) ;
#1002 = CYLINDRICAL_SURFACE ( 'NONE', #874, 4.000000000000000000 ) ;
#1003 = VERTEX_POINT ( 'NONE', #2012 ) ;
#1004 = EDGE_CURVE ( 'NONE', #906, #41, #121, .T. ) ;
#1005 = ADVANCED_FACE ( 'NONE', ( #890 ), #1082, .T. ) ;
#1006 = FACE_OUTER_BOUND ( 'NONE', #769, .T. ) ;
#1007 = DIRECTION ( 'NONE',  ( 1.000000000000000000, 0.000000000000000000, 0.000000000000000000 ) ) ;
#1008 = CARTESIAN_POINT ( 'NONE',  ( -24.97627532104024084, 23.40784697278589022, -1.091540112749436631 ) ) ;
#1009 = CARTESIAN_POINT ( 'NONE',  ( 34.99999999999996447, 4.000000000000000000, -45.00000000000000000 ) ) ;
#1010 = ORIENTED_EDGE ( 'NONE', *, *, #1094, .T. ) ;
#1011 = AXIS2_PLACEMENT_3D ( 'NONE', #1635, #1766, #1609 ) ;
#1012 = FACE_OUTER_BOUND ( 'NONE', #634, .T. ) ;
#1013 = ORIENTED_EDGE ( 'NONE', *, *, #1808, .T. ) ;
#1014 = CARTESIAN_POINT ( 'NONE',  ( 3.595519916796717119, 22.87781140251779988, -27.26412249855097869 ) ) ;
#1015 = DIRECTION ( 'NONE',  ( 0.000000000000000000, 0.000000000000000000, 1.000000000000000000 ) ) ;
#1016 = CARTESIAN_POINT ( 'NONE',  ( -27.44387197283021251, 28.24513962462031103, -1.772798925819388360 ) ) ;
#1017 = APPLICATION_CONTEXT ( 'automotive_design' ) ;
#1018 = DIRECTION ( 'NONE',  ( 0.000000000000000000, 0.000000000000000000, 1.000000000000000000 ) ) ;
#1019 = DIRECTION ( 'NONE',  ( -0.000000000000000000, 1.000000000000000000, -0.000000000000000000 ) ) ;
#1020 = CARTESIAN_POINT ( 'NONE',  ( 27.44385326580892936, 28.24498079697731967, -1.772849721437254500 ) ) ;
#1021 = ORIENTED_EDGE ( 'NONE', *, *, #1794, .F. ) ;
#1022 = CARTESIAN_POINT ( 'NONE',  ( 37.50000000000000711, 0.000000000000000000, -37.50000000000213163 ) ) ;
#1023 = CARTESIAN_POINT ( 'NONE',  ( 45.00099999999999767, 24.64986490800644958, 4.000000000000000000 ) ) ;
#1024 = CARTESIAN_POINT ( 'NONE',  ( 1.773756562787528912, 28.24466331556356025, -27.44380940785661949 ) ) ;
#1025 = EDGE_CURVE ( 'NONE', #459, #341, #7, .T. ) ;
#1026 = CARTESIAN_POINT ( 'NONE',  ( -2.645007413735365187, 21.63789551877344408, 27.37313077958995677 ) ) ;
#1027 = CARTESIAN_POINT ( 'NONE',  ( -37.49999999999999289, 0.000000000000000000, -40.49999999999999289 ) ) ;
#1028 = CARTESIAN_POINT ( 'NONE',  ( 27.37327031688807821, 27.66308571821431173, -2.643557779689368115 ) ) ;
#1029 = ORIENTED_EDGE ( 'NONE', *, *, #1922, .F. ) ;
#1030 = VECTOR ( 'NONE', #124, 1000.000000000000000 ) ;
#1031 = EDGE_CURVE ( 'NONE', #1570, #655, #1567, .T. ) ;
#1032 = ORIENTED_EDGE ( 'NONE', *, *, #1184, .T. ) ;
#1033 = CARTESIAN_POINT ( 'NONE',  ( -1.319217004117842151, 25.66400948946929716, 24.96563367146729107 ) ) ;
#1034 = CARTESIAN_POINT ( 'NONE',  ( -24.94549057445052398, 24.64986490800644958, 1.649999999999999689 ) ) ;
#1035 = CARTESIAN_POINT ( 'NONE',  ( -27.28064530209956118, 26.65738911125551169, -3.469534410793735812 ) ) ;
#1036 = CARTESIAN_POINT ( 'NONE',  ( 24.94549057445053819, 24.64986490800644958, 1.649999999999999689 ) ) ;
#1037 = CARTESIAN_POINT ( 'NONE',  ( -1.442229097578333841, 25.47974053464944078, -24.95850085847196098 ) ) ;
#1038 = VECTOR ( 'NONE', #211, 1000.000000000000000 ) ;
#1039 = CARTESIAN_POINT ( 'NONE',  ( 27.31580783215316544, 27.08918002453955509, -3.180884696869807016 ) ) ;
#1040 = ORIENTED_EDGE ( 'NONE', *, *, #1918, .T. ) ;
#1041 = DIRECTION ( 'NONE',  ( -0.000000000000000000, -0.000000000000000000, 1.000000000000000000 ) ) ;
#1042 = B_SPLINE_CURVE_WITH_KNOTS ( 'NONE', 3,
 ( #1316, #1921, #1127, #980, #29, #1949, #969, #513, #1474, #369, #57, #1785, #1803, #201, #210, #998, #827, #680 ),
 .UNSPECIFIED., .F., .F.,
 ( 4, 2, 2, 2, 2, 2, 2, 2, 4 ),
 ( 0.000000000000000000, 0.0007828372493361779923, 0.001565674498672355985, 0.002348511748008533760, 0.003131348997344711969, 0.003914186246680890179, 0.004697023496017067520, 0.005479860745353246597, 0.006262697994689425673 ),
 .UNSPECIFIED. ) ;
#1043 = VECTOR ( 'NONE', #2013, 1000.000000000000000 ) ;
#1044 = CARTESIAN_POINT ( 'NONE',  ( 2.005207311656686642, 21.17894246654782009, -27.42766075512062329 ) ) ;
#1045 = ADVANCED_FACE ( 'NONE', ( #452 ), #1209, .F. ) ;
#1046 = EDGE_CURVE ( 'NONE', #952, #915, #643, .T. ) ;
#1047 = CARTESIAN_POINT ( 'NONE',  ( -1.773756562787458302, 28.24466331556350696, 27.44380940785663370 ) ) ;
#1048 = CARTESIAN_POINT ( 'NONE',  ( 45.00000000000000000, 0.000000000000000000, 45.00000000000000000 ) ) ;
#1049 = CIRCLE ( 'NONE', #1252, 4.000000000000000000 ) ;
#1050 = EDGE_CURVE ( 'NONE', #862, #434, #1678, .T. ) ;
#1051 = DIRECTION ( 'NONE',  ( -1.000000000000000000, -0.000000000000000000, -0.000000000000000000 ) ) ;
#1052 = CARTESIAN_POINT ( 'NONE',  ( 1.649999999999999689, 24.64986490800644958, -24.94549057445053108 ) ) ;
#1053 = DIRECTION ( 'NONE',  ( -0.000000000000000000, -1.000000000000000000, -0.000000000000000000 ) ) ;
#1054 = ORIENTED_EDGE ( 'NONE', *, *, #110, .T. ) ;
#1055 = CARTESIAN_POINT ( 'NONE',  ( 45.00000000000000000, 24.64986490800644958, -1.649999999999999689 ) ) ;
#1056 = CARTESIAN_POINT ( 'NONE',  ( -28.00000000000000000, 24.64986490800644958, -1.649999999999999467 ) ) ;
#1057 = CARTESIAN_POINT ( 'NONE',  ( -3.015175607514100076, 27.29149194146533475, 27.33484619536852378 ) ) ;
#1058 = DIRECTION ( 'NONE',  ( -0.000000000000000000, -0.000000000000000000, 1.000000000000000000 ) ) ;
#1059 = DIRECTION ( 'NONE',  ( 1.000000000000000000, 0.000000000000000000, -1.051347561198065283E-14 ) ) ;
#1060 = EDGE_CURVE ( 'NONE', #1193, #952, #1844, .T. ) ;
#1061 = CARTESIAN_POINT ( 'NONE',  ( -0.1090761579997532454, 26.29986490800644461, -25.00000000000000000 ) ) ;
#1062 = CARTESIAN_POINT ( 'NONE',  ( 27.37345042752427204, 27.66485587885673780, 2.641844817794420486 ) ) ;
#1063 = ORIENTED_EDGE ( 'NONE', *, *, #637, .F. ) ;
#1064 = ORIENTED_EDGE ( 'NONE', *, *, #424, .T. ) ;
#1065 = EDGE_LOOP ( 'NONE', ( #1742, #735 ) ) ;
#1066 = PLANE ( 'NONE',  #1119 ) ;
#1067 = CIRCLE ( 'NONE', #572, 4.000000000000000000 ) ;
#1068 = EDGE_CURVE ( 'NONE', #2025, #592, #1854, .T. ) ;
#1069 = FACE_OUTER_BOUND ( 'NONE', #818, .T. ) ;
#1070 = CIRCLE ( 'NONE', #189, 4.000000000000000000 ) ;
#1071 = CARTESIAN_POINT ( 'NONE',  ( -1.243708534026528367, 23.56011724493399129, 24.96916363766809255 ) ) ;
#1072 = CARTESIAN_POINT ( 'NONE',  ( 24.97988204306890481, 25.96157764339948670, -1.006749508183696795 ) ) ;
#1073 = CARTESIAN_POINT ( 'NONE',  ( -37.49999999999999289, 0.000000000000000000, -34.49999999999998579 ) ) ;
#1074 = CARTESIAN_POINT ( 'NONE',  ( -45.00000000000000000, 4.000000000000000000, 45.00000000000000000 ) ) ;
#1075 = ORIENTED_EDGE ( 'NONE', *, *, #1343, .F. ) ;
#1076 = EDGE_LOOP ( 'NONE', ( #34, #271, #1150, #1040 ) ) ;
#1077 = CARTESIAN_POINT ( 'NONE',  ( -0.5313289470471753706, 23.08401315034100421, -24.99455311029808868 ) ) ;
#1078 = ORIENTED_EDGE ( 'NONE', *, *, #733, .T. ) ;
#1079 = CARTESIAN_POINT ( 'NONE',  ( 3.061616998047607902E-15, 26.29986490800644816, 25.00000000000000000 ) ) ;
#1080 = CARTESIAN_POINT ( 'NONE',  ( -3.795654836594458015, 25.93890645140887941, 27.23698300401958150 ) ) ;
#1081 = LINE ( 'NONE', #1437, #1634 ) ;
#1082 = CYLINDRICAL_SURFACE ( 'NONE', #1272, 10.00000000000000178 ) ;
#1083 = CARTESIAN_POINT ( 'NONE',  ( 0.000000000000000000, 34.00000000000000000, -25.00000000000000000 ) ) ;
#1084 = AXIS2_PLACEMENT_3D ( 'NONE', #1860, #1235, #1841 ) ;
#1085 = LINE ( 'NONE', #1074, #5 ) ;
#1086 = ORIENTED_EDGE ( 'NONE', *, *, #795, .F. ) ;
#1087 = B_SPLINE_CURVE_WITH_KNOTS ( 'NONE', 3,
 ( #1101, #658, #460, #1743, #1573, #346, #157, #965, #1435, #1422, #1881, #481, #1604, #1268, #977, #1735, #325, #177 ),
 .UNSPECIFIED., .F., .F.,
 ( 4, 2, 2, 2, 2, 2, 2, 2, 4 ),
 ( 0.000000000000000000, 0.0007828372493362021700, 0.001565674498672404123, 0.002348511748008606185, 0.003131348997344808247, 0.003914186246681009874, 0.004697023496017212370, 0.005479860745353413998, 0.006262697994689614758 ),
 .UNSPECIFIED. ) ;
#1088 = ORIENTED_EDGE ( 'NONE', *, *, #1224, .F. ) ;
#1089 = DIRECTION ( 'NONE',  ( 0.000000000000000000, -1.000000000000000000, 0.000000000000000000 ) ) ;
#1090 = ORIENTED_EDGE ( 'NONE', *, *, #473, .T. ) ;
#1091 = CARTESIAN_POINT ( 'NONE',  ( -27.28039762929439505, 22.64551251277612209, -3.471527732172834835 ) ) ;
#1092 = CARTESIAN_POINT ( 'NONE',  ( 24.99999490569913974, 22.99994209438824910, 0.2158935900107487593 ) ) ;
#1093 = CARTESIAN_POINT ( 'NONE',  ( 0.000000000000000000, 26.29986490800644816, -25.00000000000000000 ) ) ;
#1094 = EDGE_CURVE ( 'NONE', #1276, #798, #656, .T. ) ;
#1095 = CARTESIAN_POINT ( 'NONE',  ( 2.003329131445036992, 21.17783928565542340, 27.42780020738817370 ) ) ;
#1096 = ADVANCED_FACE ( 'NONE', ( #1244, #1582 ), #1257, .T. ) ;
#1097 = DIRECTION ( 'NONE',  ( 0.000000000000000000, 0.000000000000000000, 1.000000000000000000 ) ) ;
#1098 = ORIENTED_EDGE ( 'NONE', *, *, #1918, .F. ) ;
#1099 = DIRECTION ( 'NONE',  ( 1.047444401652940007E-14, 0.000000000000000000, 1.000000000000000000 ) ) ;
#1100 = EDGE_LOOP ( 'NONE', ( #314, #673, #515, #786, #324, #20, #1487, #1242, #780, #1233 ) ) ;
#1101 = CARTESIAN_POINT ( 'NONE',  ( 4.000000000000285105, 24.64986490800644958, 27.20753572082553973 ) ) ;
#1102 = EDGE_CURVE ( 'NONE', #537, #497, #105, .T. ) ;
#1103 = CARTESIAN_POINT ( 'NONE',  ( 1.597367655882930615, 24.22267534476599593, -24.94892499323178114 ) ) ;
#1104 = FILL_AREA_STYLE_COLOUR ( '', #855 ) ;
#1105 = AXIS2_PLACEMENT_3D ( 'NONE', #1482, #825, #502 ) ;
#1106 = CARTESIAN_POINT ( 'NONE',  ( -37.49999999999787548, 4.000000000000000000, 34.49999999999887734 ) ) ;
#1107 = CARTESIAN_POINT ( 'NONE',  ( 3.786532345060856666E-26, 20.64986490800644958, -27.50000000000000000 ) ) ;
#1108 = ORIENTED_EDGE ( 'NONE', *, *, #492, .T. ) ;
#1109 = B_SPLINE_CURVE_WITH_KNOTS ( 'NONE', 3,
 ( #1816, #892, #2002, #1708, #111, #870, #1344, #1039, #1371, #1028, #1681, #1362, #1020, #1826, #270, #1660, #1505, #902, #1528, #392, #1540, #1846, #284, #914, #1062, #410, #100, #240, #566, #548, #89, #260, #1670, #714 ),
 .UNSPECIFIED., .F., .F.,
 ( 4, 2, 2, 2, 2, 2, 2, 2, 2, 2, 2, 2, 2, 2, 2, 2, 4 ),
 ( 0.000000000000000000, 0.0007826514268304070494, 0.001565302853660814099, 0.002347954280491221148, 0.003130605707321628198, 0.003913257134152034813, 0.004695908560982442297, 0.005478559987812848912, 0.006261211414643254661, 0.007043862841473661277, 0.007826514268304067892, 0.008609165695134474508, 0.009391817121964882858, 0.01017446854879528947, 0.01095711997562569782, 0.01173977140245610444, 0.01252242282928650932 ),
 .UNSPECIFIED. ) ;
#1110 = CARTESIAN_POINT ( 'NONE',  ( -9.776147748760773395E-14, 24.64986490800644958, -28.00000000000000000 ) ) ;
#1111 = ORIENTED_EDGE ( 'NONE', *, *, #1993, .T. ) ;
#1112 = FACE_OUTER_BOUND ( 'NONE', #1640, .T. ) ;
#1113 = VECTOR ( 'NONE', #1668, 1000.000000000000000 ) ;
#1114 = CARTESIAN_POINT ( 'NONE',  ( 24.98951788988727074, 23.16655552561165266, -0.7307413945650779175 ) ) ;
#1115 = ADVANCED_FACE ( 'NONE', ( #12, #770 ), #1602, .F. ) ;
#1116 = DIRECTION ( 'NONE',  ( 0.000000000000000000, 0.000000000000000000, -1.000000000000000000 ) ) ;
#1117 = CARTESIAN_POINT ( 'NONE',  ( 37.50000000000000711, 0.000000000000000000, -37.50000000000213163 ) ) ;
#1118 = VERTEX_POINT ( 'NONE', #1266 ) ;
#1119 = AXIS2_PLACEMENT_3D ( 'NONE', #1870, #896, #1552 ) ;
#1120 = CARTESIAN_POINT ( 'NONE',  ( -0.4284816563040447224, 23.05282861817219597, -24.99655140386740015 ) ) ;
#1121 = ORIENTED_EDGE ( 'NONE', *, *, #1564, .F. ) ;
#1122 = B_SPLINE_CURVE_WITH_KNOTS ( 'NONE', 3,
 ( #1052, #743, #1351, #1549, #1969, #120, #732, #1845, #565, #269, #1382, #409 ),
 .UNSPECIFIED., .F., .F.,
 ( 4, 2, 2, 2, 2, 4 ),
 ( 0.007740810129392603281, 0.008385338682054410339, 0.008707602958385313868, 0.009029867234716217397, 0.009674395787378015782, 0.01031892434003981417 ),
 .UNSPECIFIED. ) ;
#1123 = DIRECTION ( 'NONE',  ( 0.000000000000000000, -0.000000000000000000, 1.000000000000000000 ) ) ;
#1124 = CIRCLE ( 'NONE', #1757, 4.000000000000000000 ) ;
#1125 = CARTESIAN_POINT ( 'NONE',  ( 24.99928736685714625, 23.01056290751800049, -0.2164071739671147021 ) ) ;
#1126 = CYLINDRICAL_SURFACE ( 'NONE', #839, 3.000000000000002665 ) ;
#1127 = CARTESIAN_POINT ( 'NONE',  ( -3.973978966614296837, 25.17482956751045009, -27.21139725232857742 ) ) ;
#1128 = EDGE_CURVE ( 'NONE', #19, #1880, #1447, .T. ) ;
#1129 = VERTEX_POINT ( 'NONE', #1904 ) ;
#1130 = DIRECTION ( 'NONE',  ( 1.000000000000000000, 0.000000000000000000, 0.000000000000000000 ) ) ;
#1131 = CARTESIAN_POINT ( 'NONE',  ( 27.47066531947548995, 20.85547401017563729, 1.292826084760161809 ) ) ;
#1132 = ORIENTED_EDGE ( 'NONE', *, *, #1031, .T. ) ;
#1133 = CARTESIAN_POINT ( 'NONE',  ( -27.22609833526377798, 23.61199961180678031, -3.871984016270874296 ) ) ;
#1134 = CARTESIAN_POINT ( 'NONE',  ( 1.639314996859438489, 24.43371520970862676, -24.94620388129300537 ) ) ;
#1135 = CARTESIAN_POINT ( 'NONE',  ( 0.000000000000000000, 34.00000000000000000, 0.000000000000000000 ) ) ;
#1136 = LINE ( 'NONE', #651, #133 ) ;
#1137 = CIRCLE ( 'NONE', #805, 20.00000000000000000 ) ;
#1138 = VERTEX_POINT ( 'NONE', #185 ) ;
#1139 = EDGE_CURVE ( 'NONE', #599, #1544, #610, .T. ) ;
#1140 = CARTESIAN_POINT ( 'NONE',  ( -3.471088328978430670, 22.64473842957187344, 27.28045413720748869 ) ) ;
#1141 = CARTESIAN_POINT ( 'NONE',  ( 27.20753572082558236, 24.64986490800644958, -4.000000000000000000 ) ) ;
#1142 = ORIENTED_EDGE ( 'NONE', *, *, #172, .F. ) ;
#1143 = DIRECTION ( 'NONE',  ( -0.000000000000000000, -1.000000000000000000, -0.000000000000000000 ) ) ;
#1144 = AXIS2_PLACEMENT_3D ( 'NONE', #1525, #109, #784 ) ;
#1145 = ADVANCED_FACE ( 'NONE', ( #43, #232, #1629, #222, #1012, #1468 ), #983, .T. ) ;
#1146 = CARTESIAN_POINT ( 'NONE',  ( 27.20753572082558236, 24.64986490800644958, -4.000000000000000000 ) ) ;
#1147 = CARTESIAN_POINT ( 'NONE',  ( -45.00000000000000000, 0.000000000000000000, 35.00000000000000000 ) ) ;
#1148 = CARTESIAN_POINT ( 'NONE',  ( 1.431976219276071438, 23.82307769544436482, 24.95902730244192824 ) ) ;
#1149 = B_SPLINE_CURVE_WITH_KNOTS ( 'NONE', 3,
 ( #1360, #1061, #547, #1180, #1815, #1514, #869, #1978, #1502, #1834, #1037, #258, #1210, #891 ),
 .UNSPECIFIED., .F., .F.,
 ( 4, 2, 2, 2, 2, 2, 4 ),
 ( 0.000000000000000000, 0.0003225771438063032895, 0.0006451542876126065791, 0.0009677314314189099228, 0.001290308575225213158, 0.001935462862837820496, 0.002580617150450427617 ),
 .UNSPECIFIED. ) ;
#1150 = ORIENTED_EDGE ( 'NONE', *, *, #331, .F. ) ;
#1151 = DIRECTION ( 'NONE',  ( 1.000000000000000000, 0.000000000000000000, -1.040834085586084257E-14 ) ) ;
#1152 = VERTEX_POINT ( 'NONE', #1621 ) ;
#1153 = AXIS2_PLACEMENT_3D ( 'NONE', #227, #1633, #543 ) ;
#1154 = AXIS2_PLACEMENT_3D ( 'NONE', #1875, #1902, #611 ) ;
#1155 = CARTESIAN_POINT ( 'NONE',  ( -24.94549057445053108, 24.75756707144151747, -1.649999999999999689 ) ) ;
#1156 = DIRECTION ( 'NONE',  ( 0.000000000000000000, 0.000000000000000000, 1.000000000000000000 ) ) ;
#1157 = ADVANCED_FACE ( 'NONE', ( #1806 ), #1460, .F. ) ;
#1158 = FACE_OUTER_BOUND ( 'NONE', #77, .T. ) ;
#1159 = DIRECTION ( 'NONE',  ( 0.000000000000000000, -0.000000000000000000, -1.000000000000000000 ) ) ;
#1160 = ADVANCED_FACE ( 'NONE', ( #195 ), #1002, .T. ) ;
#1161 = EDGE_LOOP ( 'NONE', ( #286, #1398 ) ) ;
#1162 = EDGE_CURVE ( 'NONE', #862, #1759, #865, .T. ) ;
#1163 = CARTESIAN_POINT ( 'NONE',  ( 27.28066299024090924, 22.64186672056056437, -3.469467929811497431 ) ) ;
#1164 = ORIENTED_EDGE ( 'NONE', *, *, #404, .F. ) ;
#1165 = CARTESIAN_POINT ( 'NONE',  ( -24.96917279854310578, 25.73982254397509095, -1.243526416233810439 ) ) ;
#1166 = LINE ( 'NONE', #1386, #775 ) ;
#1167 = CARTESIAN_POINT ( 'NONE',  ( -24.98952037637375767, 23.16651273505789277, 0.7306717134327512797 ) ) ;
#1168 = DIRECTION ( 'NONE',  ( 0.000000000000000000, 1.000000000000000000, 0.000000000000000000 ) ) ;
#1169 = ORIENTED_EDGE ( 'NONE', *, *, #213, .T. ) ;
#1170 = CIRCLE ( 'NONE', #872, 10.00000000000000178 ) ;
#1171 = VECTOR ( 'NONE', #323, 1000.000000000000000 ) ;
#1172 = CARTESIAN_POINT ( 'NONE',  ( 27.26440363907880382, 22.87353524474311328, -3.593393545394768740 ) ) ;
#1173 = EDGE_LOOP ( 'NONE', ( #2016, #1858 ) ) ;
#1174 =( LENGTH_UNIT ( ) NAMED_UNIT ( * ) SI_UNIT ( .MILLI., .METRE. ) );
#1175 = CARTESIAN_POINT ( 'NONE',  ( 3.974647323576606883, 24.12865188501928415, -27.21130048332679507 ) ) ;
#1176 = CYLINDRICAL_SURFACE ( 'NONE', #939, 1.649999999999999689 ) ;
#1177 = CARTESIAN_POINT ( 'NONE',  ( -24.97996171758998685, 23.33664474967823921, 1.004768926237703974 ) ) ;
#1178 = LINE ( 'NONE', #1048, #1703 ) ;
#1179 = CARTESIAN_POINT ( 'NONE',  ( 3.367778697655221307E-15, 34.00000000000000000, 27.50000000000000000 ) ) ;
#1180 = CARTESIAN_POINT ( 'NONE',  ( -0.4273097153406845150, 26.24719873053008001, -24.99657050666665370 ) ) ;
#1181 = DIRECTION ( 'NONE',  ( -0.000000000000000000, -1.000000000000000000, -0.000000000000000000 ) ) ;
#1182 = ORIENTED_EDGE ( 'NONE', *, *, #1050, .F. ) ;
#1183 = FACE_OUTER_BOUND ( 'NONE', #156, .T. ) ;
#1184 = EDGE_CURVE ( 'NONE', #1603, #798, #1070, .T. ) ;
#1185 = CARTESIAN_POINT ( 'NONE',  ( -24.99703748314714957, 26.25645385846991431, 0.4330926391671358622 ) ) ;
#1186 = AXIS2_PLACEMENT_3D ( 'NONE', #377, #1347, #1196 ) ;
#1187 = CARTESIAN_POINT ( 'NONE',  ( -24.94549057445052753, 24.43181250719936770, 1.649999999999999467 ) ) ;
#1188 = CARTESIAN_POINT ( 'NONE',  ( -27.37345042752427204, 27.66485587885673780, -2.641844817794420486 ) ) ;
#1189 = CARTESIAN_POINT ( 'NONE',  ( 28.00000000000000000, 24.64986490800644958, -4.000000000000000000 ) ) ;
#1190 = CARTESIAN_POINT ( 'NONE',  ( -28.00000000000000000, 24.64986490800644958, 0.000000000000000000 ) ) ;
#1191 = EDGE_CURVE ( 'NONE', #1759, #862, #1109, .T. ) ;
#1192 = CARTESIAN_POINT ( 'NONE',  ( 2.932844324628232018E-13, 24.64986490800644958, 28.00000000000000000 ) ) ;
#1193 = VERTEX_POINT ( 'NONE', #588 ) ;
#1194 = VERTEX_POINT ( 'NONE', #1352 ) ;
#1195 = DIRECTION ( 'NONE',  ( 0.000000000000000000, -1.000000000000000000, 0.000000000000000000 ) ) ;
#1196 = DIRECTION ( 'NONE',  ( 0.000000000000000000, 0.000000000000000000, 1.000000000000000000 ) ) ;
#1197 = CARTESIAN_POINT ( 'NONE',  ( 28.00000000000000000, 24.64986490800644958, 4.000000000000000000 ) ) ;
#1198 = CARTESIAN_POINT ( 'NONE',  ( 2.449293598294706513E-15, 0.000000000000000000, 20.00000000000000000 ) ) ;
#1199 = CARTESIAN_POINT ( 'NONE',  ( -28.00000000000000000, 24.64986490800644958, 0.000000000000000000 ) ) ;
#1200 = CARTESIAN_POINT ( 'NONE',  ( 34.99999999999996447, 0.000000000000000000, -45.00000000000000000 ) ) ;
#1201 = ORIENTED_EDGE ( 'NONE', *, *, #307, .T. ) ;
#1202 = EDGE_CURVE ( 'NONE', #1964, #2005, #1222, .T. ) ;
#1203 = MECHANICAL_DESIGN_GEOMETRIC_PRESENTATION_REPRESENTATION (  '', ( #343 ), #1475 ) ;
#1204 = ORIENTED_EDGE ( 'NONE', *, *, #1839, .T. ) ;
#1205 = CARTESIAN_POINT ( 'NONE',  ( 28.00000000000000000, 24.64986490800644958, 0.000000000000000000 ) ) ;
#1206 = ADVANCED_FACE ( 'NONE', ( #1963 ), #744, .F. ) ;
#1207 = CARTESIAN_POINT ( 'NONE',  ( -1.035726634197493112, 20.77749067191648891, -27.48168024577344681 ) ) ;
#1208 = CARTESIAN_POINT ( 'NONE',  ( 3.871362008499826590, 25.68959215520362349, -27.22618657362229300 ) ) ;
#1209 = PLANE ( 'NONE',  #1237 ) ;
#1210 = CARTESIAN_POINT ( 'NONE',  ( -1.649999999999999245, 24.86522110706869881, -24.94549057445053464 ) ) ;
#1211 = CARTESIAN_POINT ( 'NONE',  ( -45.00000000000000000, 4.000000000000000000, -34.99999999999999289 ) ) ;
#1212 = ORIENTED_EDGE ( 'NONE', *, *, #1191, .F. ) ;
#1213 = LINE ( 'NONE', #1643, #1030 ) ;
#1214 = TOROIDAL_SURFACE ( 'NONE', #487, 37.50000000000000000, 10.00000000000000000 ) ;
#1215 = ORIENTED_EDGE ( 'NONE', *, *, #1323, .T. ) ;
#1216 = DIRECTION ( 'NONE',  ( 0.000000000000000000, 0.000000000000000000, -1.000000000000000000 ) ) ;
#1217 = CARTESIAN_POINT ( 'NONE',  ( -3.974021940186908797, 24.12398989319747500, -27.21139232358732585 ) ) ;
#1218 = CARTESIAN_POINT ( 'NONE',  ( -27.49624854338710733, 28.62431743067944012, 0.5225672940635108787 ) ) ;
#1219 = AXIS2_PLACEMENT_3D ( 'NONE', #1489, #72, #696 ) ;
#1220 = LINE ( 'NONE', #1027, #581 ) ;
#1221 = VECTOR ( 'NONE', #768, 1000.000000000000000 ) ;
#1222 = LINE ( 'NONE', #578, #425 ) ;
#1223 = EDGE_LOOP ( 'NONE', ( #154, #535, #1762, #964 ) ) ;
#1224 = EDGE_CURVE ( 'NONE', #655, #1613, #1788, .T. ) ;
#1225 = EDGE_LOOP ( 'NONE', ( #1013, #684 ) ) ;
#1226 = DIRECTION ( 'NONE',  ( 6.938893903907227392E-16, 0.000000000000000000, -1.000000000000000000 ) ) ;
#1227 = CARTESIAN_POINT ( 'NONE',  ( -3.593725468351768537, 22.87422275431384122, -27.26435958862573017 ) ) ;
#1228 = DIRECTION ( 'NONE',  ( -0.000000000000000000, -1.000000000000000000, -0.000000000000000000 ) ) ;
#1229 = DIRECTION ( 'NONE',  ( 0.000000000000000000, -1.000000000000000000, 0.000000000000000000 ) ) ;
#1230 = CARTESIAN_POINT ( 'NONE',  ( 3.870732410988752203, 23.60735566833042043, 27.22627688781179955 ) ) ;
#1231 = CARTESIAN_POINT ( 'NONE',  ( 34.99999999999999289, 4.000000000000000000, -34.99999999999999289 ) ) ;
#1232 = VERTEX_POINT ( 'NONE', #1515 ) ;
#1233 = ORIENTED_EDGE ( 'NONE', *, *, #1618, .F. ) ;
#1234 = ORIENTED_EDGE ( 'NONE', *, *, #237, .F. ) ;
#1235 = DIRECTION ( 'NONE',  ( -0.000000000000000000, 1.000000000000000000, -0.000000000000000000 ) ) ;
#1236 = CARTESIAN_POINT ( 'NONE',  ( -3.177125158703666408, 22.20546569855510555, -27.31625201375489453 ) ) ;
#1237 = AXIS2_PLACEMENT_3D ( 'NONE', #417, #151, #1694 ) ;
#1238 = CARTESIAN_POINT ( 'NONE',  ( -1.597036308393650073, 24.22138333517524700, 24.94894630215905451 ) ) ;
#1239 = CARTESIAN_POINT ( 'NONE',  ( -1.649999999999999689, 24.64986490800644958, -45.00000000000000000 ) ) ;
#1240 = DIRECTION ( 'NONE',  ( 0.000000000000000000, 1.000000000000000000, 0.000000000000000000 ) ) ;
#1241 = CARTESIAN_POINT ( 'NONE',  ( -34.99999999999999289, 4.000000000000000000, -34.99999999999999289 ) ) ;
#1242 = ORIENTED_EDGE ( 'NONE', *, *, #30, .F. ) ;
#1243 = ORIENTED_EDGE ( 'NONE', *, *, #1690, .T. ) ;
#1244 = FACE_BOUND ( 'NONE', #841, .T. ) ;
#1245 = ORIENTED_EDGE ( 'NONE', *, *, #976, .F. ) ;
#1246 = CARTESIAN_POINT ( 'NONE',  ( 0.000000000000000000, 34.00000000000000000, 0.000000000000000000 ) ) ;
#1247 = ADVANCED_FACE ( 'NONE', ( #399 ), #1989, .T. ) ;
#1248 = CARTESIAN_POINT ( 'NONE',  ( -37.49999999999787548, 4.000000000000000000, 40.50000000000117240 ) ) ;
#1249 = CARTESIAN_POINT ( 'NONE',  ( 24.94549057445052753, 24.64986490800644958, -1.649999999999999689 ) ) ;
#1250 = CARTESIAN_POINT ( 'NONE',  ( 24.96568626180986072, 25.66528696558312461, 1.318244028979199900 ) ) ;
#1251 = CYLINDRICAL_SURFACE ( 'NONE', #1907, 1.649999999999999689 ) ;
#1252 = AXIS2_PLACEMENT_3D ( 'NONE', #1534, #448, #1216 ) ;
#1253 = DIRECTION ( 'NONE',  ( 0.000000000000000000, 0.000000000000000000, 1.000000000000000000 ) ) ;
#1254 = VERTEX_POINT ( 'NONE', #1200 ) ;
#1255 = EDGE_CURVE ( 'NONE', #800, #176, #1836, .T. ) ;
#1256 = ORIENTED_EDGE ( 'NONE', *, *, #672, .F. ) ;
#1257 = PLANE ( 'NONE',  #283 ) ;
#1258 = ORIENTED_EDGE ( 'NONE', *, *, #1736, .T. ) ;
#1259 = CARTESIAN_POINT ( 'NONE',  ( -27.47066531947548995, 20.85547401017563729, -1.292826084760161809 ) ) ;
#1260 = PRODUCT_DEFINITION_SHAPE ( 'NONE', 'NONE',  #339 ) ;
#1261 = CARTESIAN_POINT ( 'NONE',  ( 1.482754616601767328, 23.91800070057809080, -24.95602451749580553 ) ) ;
#1262 = CARTESIAN_POINT ( 'NONE',  ( -9.776147748760773395E-14, 24.64986490800644958, -28.00000000000000000 ) ) ;
#1263 = CARTESIAN_POINT ( 'NONE',  ( -24.94549057445052753, 24.64986490800644958, -1.649999999999999689 ) ) ;
#1264 = DIRECTION ( 'NONE',  ( 0.000000000000000000, 0.000000000000000000, -1.000000000000000000 ) ) ;
#1265 = ORIENTED_EDGE ( 'NONE', *, *, #237, .T. ) ;
#1266 = CARTESIAN_POINT ( 'NONE',  ( 3.367778697655221307E-15, 34.00000000000000000, 27.50000000000000000 ) ) ;
#1267 = EDGE_LOOP ( 'NONE', ( #1931, #750 ) ) ;
#1268 = CARTESIAN_POINT ( 'NONE',  ( 1.290496255276775139, 28.44492832023022899, 27.47076152214423317 ) ) ;
#1269 = ADVANCED_FACE ( 'NONE', ( #421 ), #432, .F. ) ;
#1270 = CARTESIAN_POINT ( 'NONE',  ( 1.005384842496037212, 25.96260939504331944, 24.97993667591540756 ) ) ;
#1271 = AXIS2_PLACEMENT_3D ( 'NONE', #803, #979, #959 ) ;
#1272 = AXIS2_PLACEMENT_3D ( 'NONE', #774, #1229, #1985 ) ;
#1273 = FACE_OUTER_BOUND ( 'NONE', #1076, .T. ) ;
#1274 = DIRECTION ( 'NONE',  ( 0.000000000000000000, 1.000000000000000000, 0.000000000000000000 ) ) ;
#1275 = APPLICATION_CONTEXT ( 'automotive_design' ) ;
#1276 = VERTEX_POINT ( 'NONE', #454 ) ;
#1277 = B_SPLINE_CURVE_WITH_KNOTS ( 'NONE', 3,
 ( #1955, #540, #1175, #1809, #384, #1014, #1498, #81, #708, #1346, #288, #1044, #917, #885, #907, #296, #927, #583 ),
 .UNSPECIFIED., .F., .F.,
 ( 4, 2, 2, 2, 2, 2, 2, 2, 4 ),
 ( 0.01252242282928651279, 0.01330521039293098770, 0.01408799795657546435, 0.01487078552021994099, 0.01565357308386441590, 0.01643636064750889081, 0.01721914821115336919, 0.01800193577479784410, 0.01878472333844231901 ),
 .UNSPECIFIED. ) ;
#1278 = EDGE_LOOP ( 'NONE', ( #1732, #1786, #1878, #1781 ) ) ;
#1279 = CARTESIAN_POINT ( 'NONE',  ( -0.8276599702041993467, 23.21842291272545111, -24.98645573969063349 ) ) ;
#1280 = EDGE_LOOP ( 'NONE', ( #944, #1741 ) ) ;
#1281 = CARTESIAN_POINT ( 'NONE',  ( -27.39269192330283076, 21.46705189361559007, 2.436810010836894858 ) ) ;
#1282 = CARTESIAN_POINT ( 'NONE',  ( -24.94892562250860024, 25.07707888951150466, 1.597357762851641549 ) ) ;
#1283 = DIRECTION ( 'NONE',  ( -3.491481338843133355E-15, 0.000000000000000000, -1.000000000000000000 ) ) ;
#1284 = ADVANCED_FACE ( 'NONE', ( #1559 ), #1731, .T. ) ;
#1285 = CIRCLE ( 'NONE', #1886, 20.00000000000000000 ) ;
#1286 = DIRECTION ( 'NONE',  ( 0.000000000000000000, 0.000000000000000000, 1.000000000000000000 ) ) ;
#1287 = CARTESIAN_POINT ( 'NONE',  ( -24.97988204306890836, 23.33815217261341957, -1.006749508183697239 ) ) ;
#1288 = ORIENTED_EDGE ( 'NONE', *, *, #1191, .T. ) ;
#1289 = DIRECTION ( 'NONE',  ( -1.000000000000000000, 0.000000000000000000, 0.000000000000000000 ) ) ;
#1290 = ORIENTED_EDGE ( 'NONE', *, *, #1877, .F. ) ;
#1291 = CARTESIAN_POINT ( 'NONE',  ( -1.649999999999999689, 24.54223604122544344, -24.94549057445053108 ) ) ;
#1292 = VERTEX_POINT ( 'NONE', #311 ) ;
#1293 = FACE_BOUND ( 'NONE', #466, .T. ) ;
#1294 = AXIS2_PLACEMENT_3D ( 'NONE', #134, #1384, #723 ) ;
#1295 = VECTOR ( 'NONE', #75, 1000.000000000000000 ) ;
#1296 = CARTESIAN_POINT ( 'NONE',  ( 24.96917279854310578, 23.55990727203781177, -1.243526416233809773 ) ) ;
#1297 = DIRECTION ( 'NONE',  ( 1.047444401652940007E-14, 0.000000000000000000, 1.000000000000000000 ) ) ;
#1298 = FACE_BOUND ( 'NONE', #528, .T. ) ;
#1299 = ORIENTED_EDGE ( 'NONE', *, *, #252, .T. ) ;
#1300 = CYLINDRICAL_SURFACE ( 'NONE', #1574, 4.000000000000000000 ) ;
#1301 = CARTESIAN_POINT ( 'NONE',  ( 27.44358212763200555, 21.05679530292081836, 1.777259796424637717 ) ) ;
#1302 = VERTEX_POINT ( 'NONE', #1580 ) ;
#1303 = DIRECTION ( 'NONE',  ( 0.000000000000000000, 0.000000000000000000, 1.000000000000000000 ) ) ;
#1304 = CARTESIAN_POINT ( 'NONE',  ( 24.94549057445052753, 24.64986490800644958, -1.649999999999999689 ) ) ;
#1305 = LINE ( 'NONE', #1928, #607 ) ;
#1306 = CARTESIAN_POINT ( 'NONE',  ( 3.061617027674462488E-15, 22.99986490800645100, 25.00000000000000000 ) ) ;
#1307 = VECTOR ( 'NONE', #1924, 1000.000000000000000 ) ;
#1308 = ORIENTED_EDGE ( 'NONE', *, *, #1476, .F. ) ;
#1309 = CARTESIAN_POINT ( 'NONE',  ( 27.23729800128123202, 23.35447165166520023, -3.793386423250292072 ) ) ;
#1310 = EDGE_LOOP ( 'NONE', ( #1182, #1857, #1419, #1661 ) ) ;
#1311 = FACE_OUTER_BOUND ( 'NONE', #789, .T. ) ;
#1312 = CYLINDRICAL_SURFACE ( 'NONE', #1458, 4.000000000000000000 ) ;
#1313 = AXIS2_PLACEMENT_3D ( 'NONE', #577, #721, #555 ) ;
#1314 = CARTESIAN_POINT ( 'NONE',  ( -1.649999999999706146, 24.64986490800644958, 28.00000000000001776 ) ) ;
#1315 = ADVANCED_FACE ( 'NONE', ( #302, #18 ), #1866, .F. ) ;
#1316 = CARTESIAN_POINT ( 'NONE',  ( -4.000000000000095923, 24.64986490800644958, -27.20753572082556815 ) ) ;
#1317 = EDGE_CURVE ( 'NONE', #250, #372, #525, .T. ) ;
#1318 = CIRCLE ( 'NONE', #1387, 3.000000000002202238 ) ;
#1319 = CARTESIAN_POINT ( 'NONE',  ( 37.50000000000000711, 0.000000000000000000, -37.50000000000213163 ) ) ;
#1320 = EDGE_CURVE ( 'NONE', #592, #1450, #691, .T. ) ;
#1321 = CARTESIAN_POINT ( 'NONE',  ( 27.48176117608783642, 20.77691798692912784, -1.033609467194972042 ) ) ;
#1322 = EDGE_LOOP ( 'NONE', ( #1721, #821, #1926, #351 ) ) ;
#1323 = EDGE_CURVE ( 'NONE', #800, #335, #1085, .T. ) ;
#1324 = APPLICATION_PROTOCOL_DEFINITION ( 'draft international standard', 'automotive_design', 1998, #1017 ) ;
#1325 = AXIS2_PLACEMENT_3D ( 'NONE', #1852, #1410, #2027 ) ;
#1326 = CIRCLE ( 'NONE', #591, 3.000000000002202238 ) ;
#1327 = DIRECTION ( 'NONE',  ( 0.000000000000000000, 0.000000000000000000, 1.000000000000000000 ) ) ;
#1328 = CARTESIAN_POINT ( 'NONE',  ( -3.999999999999706901, 24.64986490800644958, 28.00000000000004263 ) ) ;
#1329 = CARTESIAN_POINT ( 'NONE',  ( -27.20753572082558236, 24.64986490800644958, -4.000000000000000000 ) ) ;
#1330 = CARTESIAN_POINT ( 'NONE',  ( 0.8298760262397004706, 23.20763601405897347, 24.98701232063545064 ) ) ;
#1331 = VERTEX_POINT ( 'NONE', #797 ) ;
#1332 = CARTESIAN_POINT ( 'NONE',  ( 27.39235239936414601, 21.46997378919332888, 2.440573394221970283 ) ) ;
#1333 = VERTEX_POINT ( 'NONE', #641 ) ;
#1334 = FACE_OUTER_BOUND ( 'NONE', #312, .T. ) ;
#1335 = VECTOR ( 'NONE', #1853, 1000.000000000000000 ) ;
#1336 = CARTESIAN_POINT ( 'NONE',  ( 34.99999999999999289, 4.000000000000000000, -45.00000000000000000 ) ) ;
#1337 = CARTESIAN_POINT ( 'NONE',  ( 4.592425496802574367E-15, 13.99999999999999822, 37.50000000000000000 ) ) ;
#1338 = CARTESIAN_POINT ( 'NONE',  ( -24.96561562147140023, 23.63616775644603152, -1.319542178757714623 ) ) ;
#1339 = CARTESIAN_POINT ( 'NONE',  ( -27.42767566476647545, 28.12095331930199649, 2.005170772872460372 ) ) ;
#1340 = DIRECTION ( 'NONE',  ( 0.000000000000000000, 0.000000000000000000, 1.000000000000000000 ) ) ;
#1341 = ORIENTED_EDGE ( 'NONE', *, *, #1893, .F. ) ;
#1342 = VECTOR ( 'NONE', #580, 1000.000000000000000 ) ;
#1343 = EDGE_CURVE ( 'NONE', #1129, #186, #1488, .T. ) ;
#1344 = CARTESIAN_POINT ( 'NONE',  ( 27.28043416268932120, 26.65460649221445166, -3.471209713208728953 ) ) ;
#1345 = VERTEX_POINT ( 'NONE', #332 ) ;
#1346 = CARTESIAN_POINT ( 'NONE',  ( 2.645007413735481094, 21.63789551877337658, -27.37313077958994256 ) ) ;
#1347 = DIRECTION ( 'NONE',  ( 0.000000000000000000, 1.000000000000000000, 0.000000000000000000 ) ) ;
#1348 = CARTESIAN_POINT ( 'NONE',  ( -27.33516705406918135, 27.29465784574521692, 3.012136733634954044 ) ) ;
#1349 = EDGE_CURVE ( 'NONE', #1466, #2025, #1326, .T. ) ;
#1350 = CARTESIAN_POINT ( 'NONE',  ( -37.49999999999787548, 0.000000000000000000, 37.50000000000002842 ) ) ;
#1351 = CARTESIAN_POINT ( 'NONE',  ( 1.607150156895599924, 25.08157398178159880, -24.94842583256099644 ) ) ;
#1352 = CARTESIAN_POINT ( 'NONE',  ( 45.00000000000000000, 0.000000000000000000, -34.99999999999996447 ) ) ;
#1353 = ORIENTED_EDGE ( 'NONE', *, *, #888, .T. ) ;
#1354 = B_SPLINE_CURVE_WITH_KNOTS ( 'NONE', 3,
 ( #1594, #824, #27, #1282, #1764, #337, #966, #1508, #62, #843, #1965, #1185, #1355, #686, #551, #356, #510, #520, #1655, #243, #678, #1165, #531, #833, #1792, #1820, #394, #225, #1155, #1631 ),
 .UNSPECIFIED., .F., .F.,
 ( 4, 2, 2, 2, 2, 2, 2, 2, 2, 2, 2, 2, 2, 2, 4 ),
 ( 0.000000000000000000, 0.0003225033869727693923, 0.0006450067739455387847, 0.0009675101609183082855, 0.001290013547891077569, 0.001935020321836615704, 0.002580027095782154271, 0.002902530482754923664, 0.003225033869727692622, 0.003547537256700462015, 0.003870040643673231407, 0.004192544030646001667, 0.004515047417618770625, 0.004837550804591540451, 0.005160054191564309410 ),
 .UNSPECIFIED. ) ;
#1355 = CARTESIAN_POINT ( 'NONE',  ( -24.99999490569913263, 26.29978772162464651, 0.2158935900107485928 ) ) ;
#1356 = CIRCLE ( 'NONE', #1153, 27.50000000000000000 ) ;
#1357 = CARTESIAN_POINT ( 'NONE',  ( -24.99709193657746908, 23.04240560933823190, 0.4306203552235697285 ) ) ;
#1358 = CARTESIAN_POINT ( 'NONE',  ( -27.23699649162158565, 25.93920082024157381, -3.795559323552634368 ) ) ;
#1359 = FACE_OUTER_BOUND ( 'NONE', #946, .T. ) ;
#1360 = CARTESIAN_POINT ( 'NONE',  ( 0.000000000000000000, 26.29986490800644816, -25.00000000000000000 ) ) ;
#1361 = EDGE_CURVE ( 'NONE', #906, #508, #858, .T. ) ;
#1362 = CARTESIAN_POINT ( 'NONE',  ( 27.42767566476647545, 28.12095331930199649, -2.005170772872460372 ) ) ;
#1363 = VERTEX_POINT ( 'NONE', #961 ) ;
#1364 = EDGE_CURVE ( 'NONE', #372, #1751, #1598, .T. ) ;
#1365 = EDGE_LOOP ( 'NONE', ( #287, #1790, #1441, #1243, #400 ) ) ;
#1366 = LINE ( 'NONE', #1849, #1728 ) ;
#1367 = CARTESIAN_POINT ( 'NONE',  ( -1.039732688171192798, 28.52122202382543747, 27.48153626273643013 ) ) ;
#1368 = CARTESIAN_POINT ( 'NONE',  ( 2.440211423711182714, 27.82998376715364230, -27.39238055497646585 ) ) ;
#1369 = CARTESIAN_POINT ( 'NONE',  ( 24.98652938935227041, 26.08259331804914538, 0.8254677961186411839 ) ) ;
#1370 = CYLINDRICAL_SURFACE ( 'NONE', #1509, 3.000000000003007372 ) ;
#1371 = CARTESIAN_POINT ( 'NONE',  ( 27.33516705406918135, 27.29465784574521692, -3.012136733634954044 ) ) ;
#1372 = EDGE_LOOP ( 'NONE', ( #1, #455, #848, #859 ) ) ;
#1373 = CARTESIAN_POINT ( 'NONE',  ( -3.974647323576419478, 24.12865188501930547, 27.21130048332683060 ) ) ;
#1374 = AXIS2_PLACEMENT_3D ( 'NONE', #511, #37, #1754 ) ;
#1375 = ORIENTED_EDGE ( 'NONE', *, *, #30, .T. ) ;
#1376 = DIRECTION ( 'NONE',  ( 0.000000000000000000, 0.000000000000000000, -1.000000000000000000 ) ) ;
#1377 = CARTESIAN_POINT ( 'NONE',  ( -1.773784177210129931, 21.05511346818887475, -27.44380377533288851 ) ) ;
#1378 = CARTESIAN_POINT ( 'NONE',  ( 3.999999999999905409, 24.91104063974480809, -27.20753572082559302 ) ) ;
#1379 = ADVANCED_FACE ( 'NONE', ( #758 ), #476, .T. ) ;
#1380 = DIRECTION ( 'NONE',  ( 0.000000000000000000, 0.000000000000000000, 1.000000000000000000 ) ) ;
#1381 = EDGE_CURVE ( 'NONE', #101, #559, #1851, .T. ) ;
#1382 = CARTESIAN_POINT ( 'NONE',  ( 0.2179407301333953773, 26.29986490800645171, -25.00000000000000000 ) ) ;
#1383 = CIRCLE ( 'NONE', #1642, 1.649999999999999467 ) ;
#1384 = DIRECTION ( 'NONE',  ( 1.000000000000000000, 0.000000000000000000, 0.000000000000000000 ) ) ;
#1385 = VERTEX_POINT ( 'NONE', #1107 ) ;
#1386 = CARTESIAN_POINT ( 'NONE',  ( 37.50000000000000711, 0.000000000000000000, -34.49999999999992895 ) ) ;
#1387 = AXIS2_PLACEMENT_3D ( 'NONE', #301, #618, #932 ) ;
#1388 = DIRECTION ( 'NONE',  ( 1.000000000000000000, 0.000000000000000000, 0.000000000000000000 ) ) ;
#1389 = LINE ( 'NONE', #1861, #1688 ) ;
#1390 = CARTESIAN_POINT ( 'NONE',  ( -1.006383922109281626, 23.33790305085078032, 24.97989564135327356 ) ) ;
#1391 = TOROIDAL_SURFACE ( 'NONE', #522, 37.50000000000000000, 10.00000000000000000 ) ;
#1392 = CARTESIAN_POINT ( 'NONE',  ( 24.97627532104023729, 25.89188284322700895, -1.091540112749436853 ) ) ;
#1393 = CARTESIAN_POINT ( 'NONE',  ( 37.50000000000214584, 0.000000000000000000, 37.49999999999788258 ) ) ;
#1394 = AXIS2_PLACEMENT_3D ( 'NONE', #1740, #941, #785 ) ;
#1395 = CARTESIAN_POINT ( 'NONE',  ( 37.50000000000000711, 4.000000000000000000, -37.50000000000213163 ) ) ;
#1396 = ORIENTED_EDGE ( 'NONE', *, *, #1317, .T. ) ;
#1397 = ORIENTED_EDGE ( 'NONE', *, *, #1512, .F. ) ;
#1398 = ORIENTED_EDGE ( 'NONE', *, *, #1973, .F. ) ;
#1399 = CARTESIAN_POINT ( 'NONE',  ( -1.006132727462438980, 25.96205493813717879, 24.97990715167127718 ) ) ;
#1400 = CARTESIAN_POINT ( 'NONE',  ( 0.4317091018933823521, 26.25701508101435522, 24.99707182081887069 ) ) ;
#1401 = FACE_OUTER_BOUND ( 'NONE', #44, .T. ) ;
#1402 = CARTESIAN_POINT ( 'NONE',  ( 24.99709193657747264, 26.25732420667467792, 0.4306203552235688403 ) ) ;
#1403 = CARTESIAN_POINT ( 'NONE',  ( 45.00000000000000000, 4.000000000000000000, -34.99999999999996447 ) ) ;
#1404 = ORIENTED_EDGE ( 'NONE', *, *, #619, .T. ) ;
#1405 = EDGE_CURVE ( 'NONE', #445, #1560, #1124, .T. ) ;
#1406 = CARTESIAN_POINT ( 'NONE',  ( 7.145896509944535439E-24, 22.99986490800645100, -25.00000000000000000 ) ) ;
#1407 = ORIENTED_EDGE ( 'NONE', *, *, #131, .F. ) ;
#1408 = CARTESIAN_POINT ( 'NONE',  ( -27.48176117608783642, 20.77691798692912784, 1.033609467194972042 ) ) ;
#1409 = AXIS2_PLACEMENT_3D ( 'NONE', #1784, #1773, #28 ) ;
#1410 = DIRECTION ( 'NONE',  ( -1.000000000000000000, 0.000000000000000000, 0.000000000000000000 ) ) ;
#1411 = CARTESIAN_POINT ( 'NONE',  ( -0.7311214682380811070, 23.16674439751178838, 24.98950664883389550 ) ) ;
#1412 = DIRECTION ( 'NONE',  ( 1.047444401652940007E-14, 0.000000000000000000, 1.000000000000000000 ) ) ;
#1413 = PRODUCT_DEFINITION_FORMATION_WITH_SPECIFIED_SOURCE ( 'ANY', '', #45, .NOT_KNOWN. ) ;
#1414 = EDGE_CURVE ( 'NONE', #984, #304, #1654, .T. ) ;
#1415 = CARTESIAN_POINT ( 'NONE',  ( 3.177125158703812957, 22.20546569855504515, 27.31625201375487322 ) ) ;
#1416 = CIRCLE ( 'NONE', #484, 27.50000000000000000 ) ;
#1417 = CARTESIAN_POINT ( 'NONE',  ( 0.000000000000000000, 34.00000000000000000, 0.000000000000000000 ) ) ;
#1418 = ORIENTED_EDGE ( 'NONE', *, *, #763, .T. ) ;
#1419 = ORIENTED_EDGE ( 'NONE', *, *, #838, .T. ) ;
#1420 = CARTESIAN_POINT ( 'NONE',  ( -1.639228568679811815, 24.43291596206977800, -24.94620966809607765 ) ) ;
#1421 = ORIENTED_EDGE ( 'NONE', *, *, #1428, .F. ) ;
#1422 = CARTESIAN_POINT ( 'NONE',  ( 2.642956507897597174, 27.66361825071495417, 27.37332889355417365 ) ) ;
#1423 = CARTESIAN_POINT ( 'NONE',  ( 24.98646667806533728, 23.21823157119968428, -0.8273354518422108006 ) ) ;
#1424 = DIRECTION ( 'NONE',  ( -1.000000000000000000, 0.000000000000000000, 0.000000000000000000 ) ) ;
#1425 = PLANE ( 'NONE',  #1674 ) ;
#1426 = VECTOR ( 'NONE', #1195, 1000.000000000000000 ) ;
#1427 = AXIS2_PLACEMENT_3D ( 'NONE', #1231, #1746, #2022 ) ;
#1428 = EDGE_CURVE ( 'NONE', #1254, #1194, #1912, .T. ) ;
#1429 = FACE_BOUND ( 'NONE', #1161, .T. ) ;
#1430 = ORIENTED_EDGE ( 'NONE', *, *, #1050, .T. ) ;
#1431 = AXIS2_PLACEMENT_3D ( 'NONE', #1930, #1627, #1286 ) ;
#1432 = ADVANCED_FACE ( 'NONE', ( #951, #1429 ), #8, .T. ) ;
#1433 = ORIENTED_EDGE ( 'NONE', *, *, #514, .F. ) ;
#1434 = ORIENTED_EDGE ( 'NONE', *, *, #470, .T. ) ;
#1435 = CARTESIAN_POINT ( 'NONE',  ( 3.011687786394869448, 27.29517490696784421, 27.33521703763490862 ) ) ;
#1436 = CARTESIAN_POINT ( 'NONE',  ( 24.95600985088525547, 23.91848637501684038, -1.483001415323493610 ) ) ;
#1437 = CARTESIAN_POINT ( 'NONE',  ( 45.00000000000000000, 24.64986490800644958, 1.649999999999999689 ) ) ;
#1438 = CARTESIAN_POINT ( 'NONE',  ( 0.000000000000000000, 34.00000000000000000, 0.000000000000000000 ) ) ;
#1439 = DIRECTION ( 'NONE',  ( -0.000000000000000000, -0.000000000000000000, 1.000000000000000000 ) ) ;
#1440 = ORIENTED_EDGE ( 'NONE', *, *, #1139, .F. ) ;
#1441 = ORIENTED_EDGE ( 'NONE', *, *, #1102, .T. ) ;
#1442 = ADVANCED_FACE ( 'NONE', ( #1158 ), #1940, .F. ) ;
#1443 = CARTESIAN_POINT ( 'NONE',  ( -27.49612742234231888, 20.67625479890167384, -0.5276415906501646935 ) ) ;
#1444 = CARTESIAN_POINT ( 'NONE',  ( 24.99456138973592800, 23.08388233460961914, -0.5309315299064244487 ) ) ;
#1445 = CARTESIAN_POINT ( 'NONE',  ( -35.00000000000000000, 4.000000000000000000, 45.00000000000000000 ) ) ;
#1446 = CIRCLE ( 'NONE', #1409, 25.00000000000000000 ) ;
#1447 = CIRCLE ( 'NONE', #808, 1.649999999999999467 ) ;
#1448 = CARTESIAN_POINT ( 'NONE',  ( 1.242443424337578817, 23.55880077052423971, 24.96922394673168810 ) ) ;
#1449 = CARTESIAN_POINT ( 'NONE',  ( -24.98945997917518724, 23.16752848990121905, -0.7327016905624778031 ) ) ;
#1450 = VERTEX_POINT ( 'NONE', #689 ) ;
#1451 = DIRECTION ( 'NONE',  ( 1.000000000000000000, 0.000000000000000000, -1.040834085586084257E-14 ) ) ;
#1452 = ORIENTED_EDGE ( 'NONE', *, *, #136, .T. ) ;
#1453 = CARTESIAN_POINT ( 'NONE',  ( -27.26440363907880382, 22.87353524474311328, 3.593393545394768740 ) ) ;
#1454 = CARTESIAN_POINT ( 'NONE',  ( 24.94894784363136608, 24.22128795487464714, -1.597012353092454928 ) ) ;
#1455 = DIRECTION ( 'NONE',  ( 1.000000000000000000, 0.000000000000000000, -1.040834085586084257E-14 ) ) ;
#1456 = CARTESIAN_POINT ( 'NONE',  ( 1.639290476827822474, 24.43354186828344154, 24.94620549651239827 ) ) ;
#1457 = EDGE_LOOP ( 'NONE', ( #1469, #811 ) ) ;
#1458 = AXIS2_PLACEMENT_3D ( 'NONE', #365, #717, #374 ) ;
#1459 = PLANE ( 'NONE',  #539 ) ;
#1460 = CYLINDRICAL_SURFACE ( 'NONE', #217, 1.649999999999999689 ) ;
#1461 = ORIENTED_EDGE ( 'NONE', *, *, #888, .F. ) ;
#1462 = DIRECTION ( 'NONE',  ( 1.000000000000000000, 0.000000000000000000, 0.000000000000000000 ) ) ;
#1463 = CARTESIAN_POINT ( 'NONE',  ( 24.97988072843577001, 23.33075717795751558, 1.014288425328753185 ) ) ;
#1464 = DIRECTION ( 'NONE',  ( -1.000000000000000000, 0.000000000000000000, 4.205390244792260818E-15 ) ) ;
#1465 = CARTESIAN_POINT ( 'NONE',  ( 3.061616997868383043E-15, 4.000000000000000000, 25.00000000000000000 ) ) ;
#1466 = VERTEX_POINT ( 'NONE', #845 ) ;
#1467 = CARTESIAN_POINT ( 'NONE',  ( -37.49999999999787548, 4.000000000000000000, 37.50000000000002842 ) ) ;
#1468 = FACE_BOUND ( 'NONE', #223, .T. ) ;
#1469 = ORIENTED_EDGE ( 'NONE', *, *, #574, .T. ) ;
#1470 = SHAPE_DEFINITION_REPRESENTATION ( #1260, #1589 ) ;
#1471 = EDGE_CURVE ( 'NONE', #1345, #1560, #218, .T. ) ;
#1472 = FACE_OUTER_BOUND ( 'NONE', #137, .T. ) ;
#1473 = CARTESIAN_POINT ( 'NONE',  ( 2.932844324628232018E-13, 24.64986490800644958, 28.00000000000000000 ) ) ;
#1474 = CARTESIAN_POINT ( 'NONE',  ( -3.011687786394735777, 27.29517490696777671, -27.33521703763492638 ) ) ;
#1475 =( GEOMETRIC_REPRESENTATION_CONTEXT ( 3 ) GLOBAL_UNCERTAINTY_ASSIGNED_CONTEXT ( ( #1601 ) ) GLOBAL_UNIT_ASSIGNED_CONTEXT ( ( #628, #169, #949 ) ) REPRESENTATION_CONTEXT ( 'NONE', 'WORKASPACE' ) );
#1476 = EDGE_CURVE ( 'NONE', #1867, #9, #1519, .T. ) ;
#1477 = EDGE_LOOP ( 'NONE', ( #1663, #1452 ) ) ;
#1478 = DIRECTION ( 'NONE',  ( -1.000000000000000000, 0.000000000000000000, 0.000000000000000000 ) ) ;
#1479 = ORIENTED_EDGE ( 'NONE', *, *, #1255, .F. ) ;
#1480 = CYLINDRICAL_SURFACE ( 'NONE', #854, 3.000000000002202238 ) ;
#1481 = CIRCLE ( 'NONE', #160, 1.649999999999999467 ) ;
#1482 = CARTESIAN_POINT ( 'NONE',  ( 0.000000000000000000, 34.00000000000000000, 0.000000000000000000 ) ) ;
#1483 = DIRECTION ( 'NONE',  ( -1.000000000000000000, 0.000000000000000000, 0.000000000000000000 ) ) ;
#1484 = CARTESIAN_POINT ( 'NONE',  ( 24.94549057445053819, 24.64986490800644958, 1.649999999999999689 ) ) ;
#1485 = ORIENTED_EDGE ( 'NONE', *, *, #1428, .T. ) ;
#1486 = DIRECTION ( 'NONE',  ( 0.000000000000000000, -1.000000000000000000, 0.000000000000000000 ) ) ;
#1487 = ORIENTED_EDGE ( 'NONE', *, *, #25, .T. ) ;
#1488 = CIRCLE ( 'NONE', #1154, 3.000000000000002665 ) ;
#1489 = CARTESIAN_POINT ( 'NONE',  ( 37.50000000000214584, 0.000000000000000000, 37.49999999999788258 ) ) ;
#1490 = LINE ( 'NONE', #1055, #1543 ) ;
#1491 = FACE_OUTER_BOUND ( 'NONE', #926, .T. ) ;
#1492 = CARTESIAN_POINT ( 'NONE',  ( 3.015175607514235079, 27.29149194146539514, -27.33484619536851312 ) ) ;
#1493 = ORIENTED_EDGE ( 'NONE', *, *, #619, .F. ) ;
#1494 = DIRECTION ( 'NONE',  ( 0.000000000000000000, 0.000000000000000000, 1.000000000000000000 ) ) ;
#1495 = VERTEX_POINT ( 'NONE', #1329 ) ;
#1496 = FACE_BOUND ( 'NONE', #1685, .T. ) ;
#1497 = EDGE_CURVE ( 'NONE', #304, #984, #1555, .T. ) ;
#1498 = CARTESIAN_POINT ( 'NONE',  ( 3.471088328978587878, 22.64473842957180949, -27.28045413720747803 ) ) ;
#1499 = DIRECTION ( 'NONE',  ( 1.000000000000000000, -0.000000000000000000, 0.000000000000000000 ) ) ;
#1500 = CARTESIAN_POINT ( 'NONE',  ( -27.39244222500792247, 27.83051424196500534, -2.439526715243513610 ) ) ;
#1501 = CARTESIAN_POINT ( 'NONE',  ( -3.013730890687406294, 22.00686473038482305, 27.33499184221144418 ) ) ;
#1502 = CARTESIAN_POINT ( 'NONE',  ( -1.091064610042054461, 25.89230791935983689, -24.97629635785537516 ) ) ;
#1503 = AXIS2_PLACEMENT_3D ( 'NONE', #687, #1283, #1464 ) ;
#1504 = VECTOR ( 'NONE', #586, 1000.000000000000000 ) ;
#1505 = CARTESIAN_POINT ( 'NONE',  ( 27.49998581371694684, 28.64976737730381728, -0.2627711100953031287 ) ) ;
#1506 = EDGE_LOOP ( 'NONE', ( #379, #1903, #203, #67 ) ) ;
#1507 = ORIENTED_EDGE ( 'NONE', *, *, #113, .T. ) ;
#1508 = CARTESIAN_POINT ( 'NONE',  ( -24.96560509741986422, 25.65583145154633371, 1.312310452529683591 ) ) ;
#1509 = AXIS2_PLACEMENT_3D ( 'NONE', #1393, #2001, #1659 ) ;
#1510 = DIRECTION ( 'NONE',  ( 0.000000000000000000, 0.000000000000000000, -1.000000000000000000 ) ) ;
#1511 = CARTESIAN_POINT ( 'NONE',  ( -27.26430975866836093, 26.42497930541322759, 3.594119203494437809 ) ) ;
#1512 = EDGE_CURVE ( 'NONE', #1867, #1592, #65, .T. ) ;
#1513 = CARTESIAN_POINT ( 'NONE',  ( 0.000000000000000000, 4.000000000000000000, -20.00000000000000000 ) ) ;
#1514 = CARTESIAN_POINT ( 'NONE',  ( -0.7320038301610541920, 26.13255626456490432, -24.98948103960199418 ) ) ;
#1515 = CARTESIAN_POINT ( 'NONE',  ( 3.999999999999904521, 24.64986490800644958, -27.20753572082559657 ) ) ;
#1516 = ORIENTED_EDGE ( 'NONE', *, *, #38, .T. ) ;
#1517 = ORIENTED_EDGE ( 'NONE', *, *, #1497, .T. ) ;
#1518 = CARTESIAN_POINT ( 'NONE',  ( -37.49999999999999289, 0.000000000000000000, -37.49999999999999289 ) ) ;
#1519 = CIRCLE ( 'NONE', #202, 3.000000000001147527 ) ;
#1520 = B_SPLINE_CURVE_WITH_KNOTS ( 'NONE', 3,
 ( #1587, #1578, #441, #171, #17, #796, #1095, #597, #776, #1597, #1415, #767, #453, #6, #1230, #1865, #1755, #319 ),
 .UNSPECIFIED., .F., .F.,
 ( 4, 2, 2, 2, 2, 2, 2, 2, 4 ),
 ( 0.01878472333844212819, 0.01956685606276492920, 0.02034898878708773021, 0.02113112151141052775, 0.02191325423573332876, 0.02269538696005612977, 0.02347751968437893078, 0.02425965240870172832, 0.02504178513302452933 ),
 .UNSPECIFIED. ) ;
#1521 = CIRCLE ( 'NONE', #102, 3.000000000000002665 ) ;
#1522 = DIRECTION ( 'NONE',  ( 0.000000000000000000, 0.000000000000000000, 1.000000000000000000 ) ) ;
#1523 = CARTESIAN_POINT ( 'NONE',  ( -27.47070843170120469, 28.44454512107032684, 1.291610030354577221 ) ) ;
#1524 = CARTESIAN_POINT ( 'NONE',  ( 24.96561562147140378, 25.66356205956686765, -1.319542178757713957 ) ) ;
#1525 = CARTESIAN_POINT ( 'NONE',  ( 0.000000000000000000, 4.000000000000000000, 0.000000000000000000 ) ) ;
#1526 = B_SPLINE_CURVE_WITH_KNOTS ( 'NONE', 3,
 ( #1753, #813, #1605, #501, #36, #1575, #782, #649, #1772, #1463, #1908, #627, #1092, #802, #1125, #793, #1444, #1114, #1423, #1585, #660, #1296, #1919, #494, #1436, #1744, #1454, #190, #46, #1304 ),
 .UNSPECIFIED., .F., .F.,
 ( 4, 2, 2, 2, 2, 2, 2, 2, 2, 2, 2, 2, 2, 2, 4 ),
 ( 0.000000000000000000, 0.0003225033869727691213, 0.0006450067739455382426, 0.0009675101609183072012, 0.001290013547891076485, 0.001935020321836614836, 0.002580027095782153404, 0.002902530482754922363, 0.003225033869727691755, 0.003547537256700461147, 0.003870040643673229672, 0.004192544030645999065, 0.004515047417618768023, 0.004837550804591536982, 0.005160054191564306808 ),
 .UNSPECIFIED. ) ;
#1527 = EDGE_CURVE ( 'NONE', #249, #241, #2011, .T. ) ;
#1528 = CARTESIAN_POINT ( 'NONE',  ( 27.49618244794536182, 28.62385694752271093, 0.5252367233365792254 ) ) ;
#1529 = ORIENTED_EDGE ( 'NONE', *, *, #456, .F. ) ;
#1530 = CARTESIAN_POINT ( 'NONE',  ( -3.999999999999714895, 24.64986490800644958, 27.20753572082562499 ) ) ;
#1531 = VERTEX_POINT ( 'NONE', #1645 ) ;
#1532 = EDGE_CURVE ( 'NONE', #1964, #1118, #1356, .T. ) ;
#1533 = ORIENTED_EDGE ( 'NONE', *, *, #367, .T. ) ;
#1534 = CARTESIAN_POINT ( 'NONE',  ( 28.00000000000000000, 24.64986490800644958, 0.000000000000000000 ) ) ;
#1535 = ADVANCED_FACE ( 'NONE', ( #1491 ), #74, .F. ) ;
#1536 = CARTESIAN_POINT ( 'NONE',  ( -2.440211423711079686, 27.82998376715357836, 27.39238055497648716 ) ) ;
#1537 = CARTESIAN_POINT ( 'NONE',  ( 3.180313851148569348, 27.08982284930746331, -27.31587198431101271 ) ) ;
#1538 = CARTESIAN_POINT ( 'NONE',  ( 24.94549057445052753, 24.86521978849131997, -1.649999999999999911 ) ) ;
#1539 = CARTESIAN_POINT ( 'NONE',  ( 3.367778697655221307E-15, 34.00000000000000000, 27.50000000000000000 ) ) ;
#1540 = CARTESIAN_POINT ( 'NONE',  ( 27.47089041773295648, 28.44587752256913404, 1.288062323566011136 ) ) ;
#1541 = EDGE_LOOP ( 'NONE', ( #1572, #1591, #345, #1086 ) ) ;
#1542 = CARTESIAN_POINT ( 'NONE',  ( 0.000000000000000000, 24.64986490800644958, -45.00000000000000000 ) ) ;
#1543 = VECTOR ( 'NONE', #73, 1000.000000000000000 ) ;
#1544 = VERTEX_POINT ( 'NONE', #395 ) ;
#1545 = ORIENTED_EDGE ( 'NONE', *, *, #1557, .F. ) ;
#1546 = CARTESIAN_POINT ( 'NONE',  ( 0.000000000000000000, 34.00000000000000000, -25.00000000000000000 ) ) ;
#1547 = CARTESIAN_POINT ( 'NONE',  ( -3.871362008499644514, 25.68959215520359507, 27.22618657362231787 ) ) ;
#1548 = CARTESIAN_POINT ( 'NONE',  ( -0.1076288999648665756, 22.99986490800645811, 25.00000000000000355 ) ) ;
#1549 = CARTESIAN_POINT ( 'NONE',  ( 1.482934581982450206, 25.38137438392448431, -24.95601382057964912 ) ) ;
#1550 = CARTESIAN_POINT ( 'NONE',  ( 0.000000000000000000, 4.000000000000000000, 0.000000000000000000 ) ) ;
#1551 = ORIENTED_EDGE ( 'NONE', *, *, #256, .F. ) ;
#1552 = DIRECTION ( 'NONE',  ( 0.000000000000000000, 0.000000000000000000, 1.000000000000000000 ) ) ;
#1553 = CARTESIAN_POINT ( 'NONE',  ( -3.999999999999714895, 24.64986490800644958, 27.20753572082562499 ) ) ;
#1554 = DIRECTION ( 'NONE',  ( -3.491481338843133355E-15, 0.000000000000000000, -1.000000000000000000 ) ) ;
#1555 = CIRCLE ( 'NONE', #1186, 3.000000000003007372 ) ;
#1556 = CARTESIAN_POINT ( 'NONE',  ( 2.932844324628232018E-13, 24.64986490800644958, 28.00000000000000000 ) ) ;
#1557 = EDGE_CURVE ( 'NONE', #1118, #1964, #722, .T. ) ;
#1558 = DIRECTION ( 'NONE',  ( -1.000000000000000000, 0.000000000000000000, -0.000000000000000000 ) ) ;
#1559 = FACE_OUTER_BOUND ( 'NONE', #164, .T. ) ;
#1560 = VERTEX_POINT ( 'NONE', #386 ) ;
#1561 = ORIENTED_EDGE ( 'NONE', *, *, #1596, .F. ) ;
#1562 = CARTESIAN_POINT ( 'NONE',  ( -1.565831127620914476, 24.11849129776975786, -24.95094967170101441 ) ) ;
#1563 = DIRECTION ( 'NONE',  ( 0.000000000000000000, 1.000000000000000000, 0.000000000000000000 ) ) ;
#1564 = EDGE_CURVE ( 'NONE', #1560, #445, #461, .T. ) ;
#1565 = CARTESIAN_POINT ( 'NONE',  ( -0.5266011573639599597, 28.62367179839723264, 27.49615556116913240 ) ) ;
#1566 = CARTESIAN_POINT ( 'NONE',  ( -1.650000000000000355, 24.54218736913665921, 24.94549057445053108 ) ) ;
#1567 = LINE ( 'NONE', #1239, #910 ) ;
#1568 = FACE_OUTER_BOUND ( 'NONE', #71, .T. ) ;
#1569 = CARTESIAN_POINT ( 'NONE',  ( -45.00000000000000000, 4.000000000000000000, -45.00000000000000000 ) ) ;
#1570 = VERTEX_POINT ( 'NONE', #866 ) ;
#1571 = CARTESIAN_POINT ( 'NONE',  ( -0.1076775335400788902, 22.99986490800646166, -25.00000000000000000 ) ) ;
#1572 = ORIENTED_EDGE ( 'NONE', *, *, #1791, .F. ) ;
#1573 = CARTESIAN_POINT ( 'NONE',  ( 3.794958506862112113, 25.94100589841767857, 27.23708094988072403 ) ) ;
#1574 = AXIS2_PLACEMENT_3D ( 'NONE', #1768, #1814, #1451 ) ;
#1575 = CARTESIAN_POINT ( 'NONE',  ( 24.95602384639272486, 23.91801653845329412, 1.482766367018203635 ) ) ;
#1576 = LINE ( 'NONE', #150, #1710 ) ;
#1577 = EDGE_CURVE ( 'NONE', #1254, #1003, #244, .T. ) ;
#1578 = CARTESIAN_POINT ( 'NONE',  ( 0.2642325432165228416, 20.64986490800643537, 27.49999999999999645 ) ) ;
#1579 = EDGE_CURVE ( 'NONE', #1385, #1276, #1821, .T. ) ;
#1580 = CARTESIAN_POINT ( 'NONE',  ( 45.00000000000000000, 0.000000000000000000, 35.00000000000000000 ) ) ;
#1581 = ORIENTED_EDGE ( 'NONE', *, *, #1951, .T. ) ;
#1582 = FACE_OUTER_BOUND ( 'NONE', #1457, .T. ) ;
#1583 = EDGE_LOOP ( 'NONE', ( #61, #724, #549, #676, #1440 ) ) ;
#1584 = CARTESIAN_POINT ( 'NONE',  ( 0.000000000000000000, 0.000000000000000000, 0.000000000000000000 ) ) ;
#1585 = CARTESIAN_POINT ( 'NONE',  ( 24.97990672618733043, 23.33769227987928474, -1.006111800410514734 ) ) ;
#1586 = CARTESIAN_POINT ( 'NONE',  ( -28.00000000000000000, 24.64986490800644958, -4.000000000000000000 ) ) ;
#1587 = CARTESIAN_POINT ( 'NONE',  ( 3.367778697618550319E-15, 20.64986490800644958, 27.50000000000000000 ) ) ;
#1588 = AXIS2_PLACEMENT_3D ( 'NONE', #933, #1758, #443 ) ;
#1589 = ADVANCED_BREP_SHAPE_REPRESENTATION ( 'New Mount Base', ( #436, #87 ), #313 ) ;
#1590 = DIRECTION ( 'NONE',  ( 0.000000000000000000, 0.000000000000000000, -1.000000000000000000 ) ) ;
#1591 = ORIENTED_EDGE ( 'NONE', *, *, #3, .F. ) ;
#1592 = VERTEX_POINT ( 'NONE', #1248 ) ;
#1593 = CARTESIAN_POINT ( 'NONE',  ( -27.39235239936414601, 21.46997378919332888, -2.440573394221970283 ) ) ;
#1594 = CARTESIAN_POINT ( 'NONE',  ( -24.94549057445052398, 24.64986490800644958, 1.649999999999999689 ) ) ;
#1595 = CARTESIAN_POINT ( 'NONE',  ( 37.50000000000214584, 0.000000000000000000, 40.50000000000088818 ) ) ;
#1596 = EDGE_CURVE ( 'NONE', #1003, #1751, #1389, .T. ) ;
#1597 = CARTESIAN_POINT ( 'NONE',  ( 3.011587213966771426, 22.00447141808040641, 27.33522654332273660 ) ) ;
#1598 = LINE ( 'NONE', #1569, #1221 ) ;
#1599 = VERTEX_POINT ( 'NONE', #603 ) ;
#1600 = CARTESIAN_POINT ( 'NONE',  ( -2.439355319954937595, 21.46903096384194853, 27.39246203764299992 ) ) ;
#1601 = UNCERTAINTY_MEASURE_WITH_UNIT (LENGTH_MEASURE( 1.000000000000000082E-05 ), #628, 'distance_accuracy_value', 'NONE');
#1602 = PLANE ( 'NONE',  #478 ) ;
#1603 = VERTEX_POINT ( 'NONE', #897 ) ;
#1604 = CARTESIAN_POINT ( 'NONE',  ( 1.771906709299442939, 28.24545018737654090, 27.44391491396485705 ) ) ;
#1605 = CARTESIAN_POINT ( 'NONE',  ( 24.94620516983284375, 24.43359090604989703, 1.639295325624246846 ) ) ;
#1606 = DIRECTION ( 'NONE',  ( 0.000000000000000000, 0.000000000000000000, -1.000000000000000000 ) ) ;
#1607 = VECTOR ( 'NONE', #209, 1000.000000000000000 ) ;
#1608 = VECTOR ( 'NONE', #829, 1000.000000000000000 ) ;
#1609 = DIRECTION ( 'NONE',  ( 0.000000000000000000, 0.000000000000000000, 1.000000000000000000 ) ) ;
#1610 = VERTEX_POINT ( 'NONE', #929 ) ;
#1611 = CYLINDRICAL_SURFACE ( 'NONE', #442, 4.000000000000000000 ) ;
#1612 = CARTESIAN_POINT ( 'NONE',  ( 27.22629235454842700, 23.60692571214375945, -3.870624208370607278 ) ) ;
#1613 = VERTEX_POINT ( 'NONE', #450 ) ;
#1614 = CARTESIAN_POINT ( 'NONE',  ( -27.20753572082558591, 24.38869099885116043, -3.999999999999999112 ) ) ;
#1615 = CARTESIAN_POINT ( 'NONE',  ( 34.99999999999996447, 4.000000000000000000, 45.00000000000000000 ) ) ;
#1616 = FACE_OUTER_BOUND ( 'NONE', #295, .T. ) ;
#1617 = CARTESIAN_POINT ( 'NONE',  ( 0.4326166121376623375, 23.04314113947407350, 24.99704626145692643 ) ) ;
#1618 = EDGE_CURVE ( 'NONE', #206, #828, #706, .T. ) ;
#1619 = ORIENTED_EDGE ( 'NONE', *, *, #1361, .F. ) ;
#1620 = CARTESIAN_POINT ( 'NONE',  ( 45.00099999999999767, 24.64986490800644958, 0.000000000000000000 ) ) ;
#1621 = CARTESIAN_POINT ( 'NONE',  ( 3.367778697618550319E-15, 20.64986490800644958, 27.50000000000000000 ) ) ;
#1622 = ORIENTED_EDGE ( 'NONE', *, *, #668, .T. ) ;
#1623 = APPLICATION_PROTOCOL_DEFINITION ( 'draft international standard', 'automotive_design', 1998, #1275 ) ;
#1624 = DIRECTION ( 'NONE',  ( -0.000000000000000000, 1.000000000000000000, -0.000000000000000000 ) ) ;
#1625 = DIRECTION ( 'NONE',  ( 0.000000000000000000, 0.000000000000000000, 1.000000000000000000 ) ) ;
#1626 = ADVANCED_FACE ( 'NONE', ( #571 ), #584, .F. ) ;
#1627 = DIRECTION ( 'NONE',  ( 0.000000000000000000, 1.000000000000000000, 0.000000000000000000 ) ) ;
#1628 = LINE ( 'NONE', #1797, #1038 ) ;
#1629 = FACE_BOUND ( 'NONE', #1280, .T. ) ;
#1630 = ORIENTED_EDGE ( 'NONE', *, *, #1993, .F. ) ;
#1631 = CARTESIAN_POINT ( 'NONE',  ( -24.94549057445052753, 24.64986490800644958, -1.649999999999999689 ) ) ;
#1632 = DIRECTION ( 'NONE',  ( -3.491481338843133355E-15, 0.000000000000000000, -1.000000000000000000 ) ) ;
#1633 = DIRECTION ( 'NONE',  ( 0.000000000000000000, 1.000000000000000000, 0.000000000000000000 ) ) ;
#1634 = VECTOR ( 'NONE', #1424, 1000.000000000000000 ) ;
#1635 = CARTESIAN_POINT ( 'NONE',  ( 37.50000000000214584, 0.000000000000000000, 37.49999999999788258 ) ) ;
#1636 = ADVANCED_FACE ( 'NONE', ( #437 ), #1676, .F. ) ;
#1637 = AXIS2_PLACEMENT_3D ( 'NONE', #1620, #204, #1340 ) ;
#1638 = ORIENTED_EDGE ( 'NONE', *, *, #623, .F. ) ;
#1639 = CARTESIAN_POINT ( 'NONE',  ( 27.42791140687272033, 21.17696237225134581, -2.001821593108768838 ) ) ;
#1640 = EDGE_LOOP ( 'NONE', ( #881, #1619, #1651, #275 ) ) ;
#1641 = FACE_OUTER_BOUND ( 'NONE', #582, .T. ) ;
#1642 = AXIS2_PLACEMENT_3D ( 'NONE', #1199, #878, #418 ) ;
#1643 = CARTESIAN_POINT ( 'NONE',  ( 45.00000000000000000, 4.000000000000000000, 34.99999999999999289 ) ) ;
#1644 = B_SPLINE_CURVE_WITH_KNOTS ( 'NONE', 3,
 ( #1530, #114, #1373, #1957, #712, #342, #1140, #554, #1501, #1026, #1600, #1667, #247, #42, #1914, #700, #664, #877 ),
 .UNSPECIFIED., .F., .F.,
 ( 4, 2, 2, 2, 2, 2, 2, 2, 4 ),
 ( 0.01252242282928650932, 0.01330521039293096168, 0.01408799795657541404, 0.01487078552021986640, 0.01565357308386431875, 0.01643636064750877285, 0.01721914821115322347, 0.01800193577479767756, 0.01878472333844212819 ),
 .UNSPECIFIED. ) ;
#1645 = CARTESIAN_POINT ( 'NONE',  ( 3.061616997868383043E-15, 34.00000000000000000, 25.00000000000000000 ) ) ;
#1646 = CARTESIAN_POINT ( 'NONE',  ( -4.030448136955193516E-23, 28.64986490800644958, -27.50000000000000000 ) ) ;
#1647 = AXIS2_PLACEMENT_3D ( 'NONE', #48, #835, #1159 ) ;
#1648 = ORIENTED_EDGE ( 'NONE', *, *, #943, .T. ) ;
#1649 = ADVANCED_FACE ( 'NONE', ( #1069 ), #764, .F. ) ;
#1650 = CARTESIAN_POINT ( 'NONE',  ( 27.48155519485302989, 20.77837553035751483, 1.039015373377606410 ) ) ;
#1651 = ORIENTED_EDGE ( 'NONE', *, *, #1004, .T. ) ;
#1652 = CARTESIAN_POINT ( 'NONE',  ( 0.000000000000000000, 0.000000000000000000, 0.000000000000000000 ) ) ;
#1653 = AXIS2_PLACEMENT_3D ( 'NONE', #54, #234, #1938 ) ;
#1654 = CIRCLE ( 'NONE', #231, 3.000000000003007372 ) ;
#1655 = CARTESIAN_POINT ( 'NONE',  ( -24.98646667806533372, 26.08149824481321133, -0.8273354518422125770 ) ) ;
#1656 = CARTESIAN_POINT ( 'NONE',  ( -24.94848871350629693, 24.21518730739598269, 1.606155527077002265 ) ) ;
#1657 = CARTESIAN_POINT ( 'NONE',  ( -37.49999999999999289, 4.000000000000000000, -34.49999999999998579 ) ) ;
#1658 = CARTESIAN_POINT ( 'NONE',  ( 37.50000000000214584, 4.000000000000000000, 40.50000000000088818 ) ) ;
#1659 = DIRECTION ( 'NONE',  ( 0.000000000000000000, 0.000000000000000000, 1.000000000000000000 ) ) ;
#1660 = CARTESIAN_POINT ( 'NONE',  ( 27.49624854338710733, 28.62431743067944012, -0.5225672940635108787 ) ) ;
#1661 = ORIENTED_EDGE ( 'NONE', *, *, #242, .F. ) ;
#1662 =( NAMED_UNIT ( * ) PLANE_ANGLE_UNIT ( ) SI_UNIT ( $, .RADIAN. ) );
#1663 = ORIENTED_EDGE ( 'NONE', *, *, #1361, .T. ) ;
#1664 = LINE ( 'NONE', #873, #985 ) ;
#1665 = CARTESIAN_POINT ( 'NONE',  ( -37.49999999999787548, 0.000000000000000000, 40.50000000000117240 ) ) ;
#1666 = CARTESIAN_POINT ( 'NONE',  ( -27.48157546180237887, 28.52150264390099821, 1.039120144066085993 ) ) ;
#1667 = CARTESIAN_POINT ( 'NONE',  ( -2.005207311656596936, 21.17894246654788404, 27.42766075512062329 ) ) ;
#1668 = DIRECTION ( 'NONE',  ( -0.000000000000000000, -1.000000000000000000, -0.000000000000000000 ) ) ;
#1669 = CIRCLE ( 'NONE', #1988, 25.00000000000000000 ) ;
#1670 = CARTESIAN_POINT ( 'NONE',  ( 27.20753572082557525, 24.91110266461675948, 3.999999999999999112 ) ) ;
#1671 = VERTEX_POINT ( 'NONE', #918 ) ;
#1672 = ORIENTED_EDGE ( 'NONE', *, *, #1812, .T. ) ;
#1673 = DIRECTION ( 'NONE',  ( -0.000000000000000000, 1.000000000000000000, -0.000000000000000000 ) ) ;
#1674 = AXIS2_PLACEMENT_3D ( 'NONE', #1745, #1116, #1558 ) ;
#1675 = VECTOR ( 'NONE', #713, 1000.000000000000000 ) ;
#1676 = CYLINDRICAL_SURFACE ( 'NONE', #326, 3.000000000002202238 ) ;
#1677 = CARTESIAN_POINT ( 'NONE',  ( -27.39220490039129530, 27.82853628020393799, 2.442378532288629334 ) ) ;
#1678 = LINE ( 'NONE', #130, #26 ) ;
#1679 = CARTESIAN_POINT ( 'NONE',  ( 0.000000000000000000, 13.99999999999999822, 0.000000000000000000 ) ) ;
#1680 = EDGE_CURVE ( 'NONE', #112, #954, #405, .T. ) ;
#1681 = CARTESIAN_POINT ( 'NONE',  ( 27.39220490039129530, 27.82853628020393799, -2.442378532288629334 ) ) ;
#1682 = EDGE_LOOP ( 'NONE', ( #220, #1396, #934, #1418, #1215, #1876, #807, #1953 ) ) ;
#1683 = DIRECTION ( 'NONE',  ( 1.000000000000000000, 0.000000000000000000, -1.224646799147353207E-16 ) ) ;
#1684 = EDGE_CURVE ( 'NONE', #341, #459, #1526, .T. ) ;
#1685 = EDGE_LOOP ( 'NONE', ( #1212, #393 ) ) ;
#1686 = ORIENTED_EDGE ( 'NONE', *, *, #600, .F. ) ;
#1687 = DIRECTION ( 'NONE',  ( -0.000000000000000000, -1.000000000000000000, -0.000000000000000000 ) ) ;
#1688 = VECTOR ( 'NONE', #772, 1000.000000000000000 ) ;
#1689 = AXIS2_PLACEMENT_3D ( 'NONE', #1395, #1274, #923 ) ;
#1690 = EDGE_CURVE ( 'NONE', #497, #468, #605, .T. ) ;
#1691 = CARTESIAN_POINT ( 'NONE',  ( -2.438032455883844651, 21.46799638853324055, -27.39258201720598151 ) ) ;
#1692 = DIRECTION ( 'NONE',  ( 0.000000000000000000, 0.000000000000000000, -1.000000000000000000 ) ) ;
#1693 = EDGE_CURVE ( 'NONE', #559, #335, #948, .T. ) ;
#1694 = DIRECTION ( 'NONE',  ( 1.000000000000000000, 0.000000000000000000, -0.000000000000000000 ) ) ;
#1695 = DIRECTION ( 'NONE',  ( 0.000000000000000000, 0.000000000000000000, -1.000000000000000000 ) ) ;
#1696 = DIRECTION ( 'NONE',  ( 0.000000000000000000, 0.000000000000000000, -1.000000000000000000 ) ) ;
#1697 = VERTEX_POINT ( 'NONE', #1615 ) ;
#1698 = CARTESIAN_POINT ( 'NONE',  ( -37.49999999999787548, 4.000000000000000000, 37.50000000000002842 ) ) ;
#1699 = B_SPLINE_CURVE_WITH_KNOTS ( 'NONE', 3,
 ( #219, #815, #1456, #690, #39, #66, #1148, #350, #1448, #358, #1330, #1617, #990, #1306 ),
 .UNSPECIFIED., .F., .F.,
 ( 4, 2, 2, 2, 2, 2, 4 ),
 ( 0.000000000000000000, 0.0003225771227775994462, 0.0006451542455551988924, 0.0009677313683327982844, 0.001290308491110397785, 0.001935462736665595918, 0.002580616982220794269 ),
 .UNSPECIFIED. ) ;
#1700 = ORIENTED_EDGE ( 'NONE', *, *, #1618, .T. ) ;
#1701 = ORIENTED_EDGE ( 'NONE', *, *, #1414, .T. ) ;
#1702 = FACE_OUTER_BOUND ( 'NONE', #1541, .T. ) ;
#1703 = VECTOR ( 'NONE', #1692, 1000.000000000000000 ) ;
#1704 = DIRECTION ( 'NONE',  ( 0.000000000000000000, 0.000000000000000000, 1.000000000000000000 ) ) ;
#1705 = CARTESIAN_POINT ( 'NONE',  ( -27.49998581371694684, 28.64976737730381728, 0.2627711100953031287 ) ) ;
#1706 = CARTESIAN_POINT ( 'NONE',  ( 24.99655412100569407, 26.24694306527941379, -0.4282574438871936673 ) ) ;
#1707 = LINE ( 'NONE', #239, #1113 ) ;
#1708 = CARTESIAN_POINT ( 'NONE',  ( 27.22607386668195417, 25.68645338765047370, -3.872150379103047602 ) ) ;
#1709 = ORIENTED_EDGE ( 'NONE', *, *, #200, .F. ) ;
#1710 = VECTOR ( 'NONE', #159, 1000.000000000000000 ) ;
#1711 = VECTOR ( 'NONE', #755, 1000.000000000000000 ) ;
#1712 = ORIENTED_EDGE ( 'NONE', *, *, #1317, .F. ) ;
#1713 = ORIENTED_EDGE ( 'NONE', *, *, #1476, .T. ) ;
#1714 = FACE_OUTER_BOUND ( 'NONE', #123, .T. ) ;
#1715 = EDGE_CURVE ( 'NONE', #241, #249, #1354, .T. ) ;
#1716 = CARTESIAN_POINT ( 'NONE',  ( -37.49999999999999289, 0.000000000000000000, -37.49999999999999289 ) ) ;
#1717 = CARTESIAN_POINT ( 'NONE',  ( -1.312001881208241683, 23.64353580576970870, 24.96562092822662393 ) ) ;
#1718 = DIRECTION ( 'NONE',  ( -0.000000000000000000, -0.000000000000000000, 1.000000000000000000 ) ) ;
#1719 = CARTESIAN_POINT ( 'NONE',  ( 45.00099999999999767, 24.64986490800644958, -4.000000000000000000 ) ) ;
#1720 = CARTESIAN_POINT ( 'NONE',  ( -28.00000000000000000, 24.64986490800644958, 0.000000000000000000 ) ) ;
#1721 = ORIENTED_EDGE ( 'NONE', *, *, #777, .F. ) ;
#1722 = ADVANCED_FACE ( 'NONE', ( #215 ), #1480, .F. ) ;
#1723 = CARTESIAN_POINT ( 'NONE',  ( -1.597027530265301420, 24.22133228020103246, -24.94894687501981778 ) ) ;
#1724 = EDGE_LOOP ( 'NONE', ( #1713, #1353 ) ) ;
#1725 = DIRECTION ( 'NONE',  ( 0.000000000000000000, 0.000000000000000000, -1.000000000000000000 ) ) ;
#1726 = CARTESIAN_POINT ( 'NONE',  ( 0.2176734815199433126, 26.29986490800644461, 25.00000000000000355 ) ) ;
#1727 = CYLINDRICAL_SURFACE ( 'NONE', #56, 4.000000000000000000 ) ;
#1728 = VECTOR ( 'NONE', #1687, 1000.000000000000000 ) ;
#1729 = CARTESIAN_POINT ( 'NONE',  ( 24.97635465556180634, 25.89347446826919352, 1.089735096416213356 ) ) ;
#1730 = DIRECTION ( 'NONE',  ( -0.000000000000000000, -1.000000000000000000, -0.000000000000000000 ) ) ;
#1731 = CYLINDRICAL_SURFACE ( 'NONE', #760, 10.00000000000000178 ) ;
#1732 = ORIENTED_EDGE ( 'NONE', *, *, #362, .T. ) ;
#1733 = DIRECTION ( 'NONE',  ( -3.491481338843133355E-15, 0.000000000000000000, -1.000000000000000000 ) ) ;
#1734 = ORIENTED_EDGE ( 'NONE', *, *, #242, .T. ) ;
#1735 = CARTESIAN_POINT ( 'NONE',  ( 0.5212131015016919777, 28.62449859568243227, 27.49627486778241447 ) ) ;
#1736 = EDGE_CURVE ( 'NONE', #176, #559, #1664, .T. ) ;
#1737 = CARTESIAN_POINT ( 'NONE',  ( 0.8262286883505214341, 26.08215081672476288, 24.98650398052539501 ) ) ;
#1738 = EDGE_CURVE ( 'NONE', #411, #1610, #889, .T. ) ;
#1739 = DIRECTION ( 'NONE',  ( -3.491481338843133355E-15, 0.000000000000000000, -1.000000000000000000 ) ) ;
#1740 = CARTESIAN_POINT ( 'NONE',  ( 34.99999999999999289, 0.000000000000000000, -34.99999999999999289 ) ) ;
#1741 = ORIENTED_EDGE ( 'NONE', *, *, #10, .T. ) ;
#1742 = ORIENTED_EDGE ( 'NONE', *, *, #1684, .T. ) ;
#1743 = CARTESIAN_POINT ( 'NONE',  ( 3.872090064899538664, 25.68669432991186952, 27.22608249051697271 ) ) ;
#1744 = CARTESIAN_POINT ( 'NONE',  ( 24.95095083767413868, 24.11841915812381743, -1.565813900596493058 ) ) ;
#1745 = CARTESIAN_POINT ( 'NONE',  ( -45.00000000000000000, 4.000000000000000000, 45.00000000000000000 ) ) ;
#1746 = DIRECTION ( 'NONE',  ( -0.000000000000000000, 1.000000000000000000, -0.000000000000000000 ) ) ;
#1747 = ORIENTED_EDGE ( 'NONE', *, *, #51, .T. ) ;
#1748 = ADVANCED_FACE ( 'NONE', ( #1641 ), #852, .F. ) ;
#1749 = ORIENTED_EDGE ( 'NONE', *, *, #1693, .F. ) ;
#1750 = DIRECTION ( 'NONE',  ( -1.000000000000000000, 0.000000000000000000, 4.205390244792260818E-15 ) ) ;
#1751 = VERTEX_POINT ( 'NONE', #1946 ) ;
#1752 = ADVANCED_FACE ( 'NONE', ( #1472 ), #1312, .T. ) ;
#1753 = CARTESIAN_POINT ( 'NONE',  ( 24.94549057445053819, 24.64986490800644958, 1.649999999999999689 ) ) ;
#1754 = DIRECTION ( 'NONE',  ( 0.000000000000000000, 0.000000000000000000, -1.000000000000000000 ) ) ;
#1755 = CARTESIAN_POINT ( 'NONE',  ( 4.000000000000285993, 24.38537253226065005, 27.20753572082554328 ) ) ;
#1756 = CIRCLE ( 'NONE', #1084, 10.00000000000000178 ) ;
#1757 = AXIS2_PLACEMENT_3D ( 'NONE', #1720, #778, #1253 ) ;
#1758 = DIRECTION ( 'NONE',  ( 0.000000000000000000, -1.000000000000000000, 0.000000000000000000 ) ) ;
#1759 = VERTEX_POINT ( 'NONE', #1146 ) ;
#1760 = ORIENTED_EDGE ( 'NONE', *, *, #1956, .T. ) ;
#1761 = CARTESIAN_POINT ( 'NONE',  ( -0.2170413316466741627, 23.01065335936678125, -24.99928142319958013 ) ) ;
#1762 = ORIENTED_EDGE ( 'NONE', *, *, #25, .F. ) ;
#1763 = CARTESIAN_POINT ( 'NONE',  ( -27.28066299024090924, 22.64186672056056437, 3.469467929811497431 ) ) ;
#1764 = CARTESIAN_POINT ( 'NONE',  ( -24.95096343139777417, 25.18189119424089384, 1.565613670716228034 ) ) ;
#1765 = CARTESIAN_POINT ( 'NONE',  ( -34.99999999999999289, 0.000000000000000000, -34.99999999999999289 ) ) ;
#1766 = DIRECTION ( 'NONE',  ( 0.000000000000000000, 1.000000000000000000, 0.000000000000000000 ) ) ;
#1767 = ORIENTED_EDGE ( 'NONE', *, *, #91, .T. ) ;
#1768 = CARTESIAN_POINT ( 'NONE',  ( -4.713604551878445413E-13, 24.64986490800644958, -45.00100000000047373 ) ) ;
#1769 = CARTESIAN_POINT ( 'NONE',  ( 27.50002539469187468, 20.64969031946206712, -0.2617174318174833036 ) ) ;
#1770 = ORIENTED_EDGE ( 'NONE', *, *, #989, .T. ) ;
#1771 = CARTESIAN_POINT ( 'NONE',  ( -27.21129733346314339, 24.12886934013619467, -3.974668314912867206 ) ) ;
#1772 = CARTESIAN_POINT ( 'NONE',  ( 24.96921496718918121, 23.55900649517101542, 1.242622016726666612 ) ) ;
#1773 = DIRECTION ( 'NONE',  ( 0.000000000000000000, 1.000000000000000000, 0.000000000000000000 ) ) ;
#1774 = ADVANCED_FACE ( 'NONE', ( #1006 ), #1783, .F. ) ;
#1775 = AXIS2_PLACEMENT_3D ( 'NONE', #810, #446, #1151 ) ;
#1776 = DIRECTION ( 'NONE',  ( 1.000000000000000000, 0.000000000000000000, 0.000000000000000000 ) ) ;
#1777 = EDGE_CURVE ( 'NONE', #372, #1254, #987, .T. ) ;
#1778 = ORIENTED_EDGE ( 'NONE', *, *, #608, .T. ) ;
#1779 = CARTESIAN_POINT ( 'NONE',  ( 0.000000000000000000, 3.999999999999999112, -37.50000000000000000 ) ) ;
#1780 = CARTESIAN_POINT ( 'NONE',  ( 27.23703745265381215, 23.35991652886041692, 3.795248797982828659 ) ) ;
#1781 = ORIENTED_EDGE ( 'NONE', *, *, #882, .F. ) ;
#1782 = EDGE_CURVE ( 'NONE', #1232, #1385, #1277, .T. ) ;
#1783 = CYLINDRICAL_SURFACE ( 'NONE', #1219, 3.000000000003007372 ) ;
#1784 = CARTESIAN_POINT ( 'NONE',  ( 0.000000000000000000, 4.000000000000000000, 0.000000000000000000 ) ) ;
#1785 = CARTESIAN_POINT ( 'NONE',  ( -2.004298466206142049, 28.12146250477927012, -27.42774017084584059 ) ) ;
#1786 = ORIENTED_EDGE ( 'NONE', *, *, #1060, .T. ) ;
#1787 = AXIS2_PLACEMENT_3D ( 'NONE', #1966, #698, #1015 ) ;
#1788 = CIRCLE ( 'NONE', #626, 1.649999999999999467 ) ;
#1789 = CARTESIAN_POINT ( 'NONE',  ( 27.26407848094599373, 22.87850016894854122, 3.595851390237629008 ) ) ;
#1790 = ORIENTED_EDGE ( 'NONE', *, *, #161, .T. ) ;
#1791 = EDGE_CURVE ( 'NONE', #1697, #1599, #1756, .T. ) ;
#1792 = CARTESIAN_POINT ( 'NONE',  ( -24.95600985088525547, 25.38124344099605523, -1.483001415323493610 ) ) ;
#1793 = LINE ( 'NONE', #216, #1607 ) ;
#1794 = EDGE_CURVE ( 'NONE', #1671, #304, #403, .T. ) ;
#1795 = CARTESIAN_POINT ( 'NONE',  ( -24.99451370162543995, 23.08464083894015673, -0.5331478569868797202 ) ) ;
#1796 = CARTESIAN_POINT ( 'NONE',  ( 37.50000000000214584, 4.000000000000000000, 34.49999999999487699 ) ) ;
#1797 = CARTESIAN_POINT ( 'NONE',  ( 34.99999999999999289, 4.000000000000000000, 45.00000000000000000 ) ) ;
#1798 = EDGE_LOOP ( 'NONE', ( #1433, #831, #1111, #1507 ) ) ;
#1799 = CARTESIAN_POINT ( 'NONE',  ( 0.000000000000000000, 24.64986490800644958, -45.00000000000000000 ) ) ;
#1800 = FACE_OUTER_BOUND ( 'NONE', #1859, .T. ) ;
#1801 = CARTESIAN_POINT ( 'NONE',  ( 0.000000000000000000, 4.000000000000000000, 0.000000000000000000 ) ) ;
#1802 = AXIS2_PLACEMENT_3D ( 'NONE', #1337, #1683, #412 ) ;
#1803 = CARTESIAN_POINT ( 'NONE',  ( -1.771906709299372329, 28.24545018737648405, -27.44391491396487126 ) ) ;
#1804 = CIRCLE ( 'NONE', #376, 1.649999999999999467 ) ;
#1805 = VERTEX_POINT ( 'NONE', #1056 ) ;
#1806 = FACE_OUTER_BOUND ( 'NONE', #2023, .T. ) ;
#1807 = ORIENTED_EDGE ( 'NONE', *, *, #1839, .F. ) ;
#1808 = EDGE_CURVE ( 'NONE', #186, #1129, #1521, .T. ) ;
#1809 = CARTESIAN_POINT ( 'NONE',  ( 3.871876075588120525, 23.61156821753958113, -27.22611376961471663 ) ) ;
#1810 = CARTESIAN_POINT ( 'NONE',  ( -24.97635465556181344, 23.40625534774370209, 1.089735096416214910 ) ) ;
#1811 = CARTESIAN_POINT ( 'NONE',  ( -27.37327031688807821, 27.66308571821431173, 2.643557779689368115 ) ) ;
#1812 = EDGE_CURVE ( 'NONE', #1333, #322, #1366, .T. ) ;
#1813 = VECTOR ( 'NONE', #804, 1000.000000000000000 ) ;
#1814 = DIRECTION ( 'NONE',  ( 1.047444401652940007E-14, 0.000000000000000000, 1.000000000000000000 ) ) ;
#1815 = CARTESIAN_POINT ( 'NONE',  ( -0.5321453935782708422, 26.21543973735093047, -24.99453567314447966 ) ) ;
#1816 = CARTESIAN_POINT ( 'NONE',  ( 27.20753572082558236, 24.64986490800644958, -4.000000000000000000 ) ) ;
#1817 = EDGE_LOOP ( 'NONE', ( #1638, #1341 ) ) ;
#1818 = CARTESIAN_POINT ( 'NONE',  ( 0.000000000000000000, 34.00000000000000000, 0.000000000000000000 ) ) ;
#1819 = VECTOR ( 'NONE', #207, 1000.000000000000000 ) ;
#1820 = CARTESIAN_POINT ( 'NONE',  ( -24.95095083767414579, 25.18131065788907463, -1.565813900596492836 ) ) ;
#1821 = B_SPLINE_CURVE_WITH_KNOTS ( 'NONE', 3,
 ( #729, #278, #886, #1207, #753, #1377, #415, #1691, #149, #267, #1236, #594, #1227, #1842, #2018, #1217, #128, #297 ),
 .UNSPECIFIED., .F., .F.,
 ( 4, 2, 2, 2, 2, 2, 2, 2, 4 ),
 ( 0.01878472333844231901, 0.01956685606276509573, 0.02034898878708787245, 0.02113112151141064918, 0.02191325423573342590, 0.02269538696005620609, 0.02347751968437898282, 0.02425965240870175954, 0.02504178513302453626 ),
 .UNSPECIFIED. ) ;
#1822 = CARTESIAN_POINT ( 'NONE',  ( -24.98652938935227397, 23.21713649796375378, 0.8254677961186457358 ) ) ;
#1823 = CARTESIAN_POINT ( 'NONE',  ( -27.49618244794536182, 28.62385694752271093, -0.5252367233365792254 ) ) ;
#1824 = DIRECTION ( 'NONE',  ( 0.000000000000000000, 0.000000000000000000, 1.000000000000000000 ) ) ;
#1825 = LINE ( 'NONE', #587, #1997 ) ;
#1826 = CARTESIAN_POINT ( 'NONE',  ( 27.47070843170120469, 28.44454512107032684, -1.291610030354577221 ) ) ;
#1827 = ORIENTED_EDGE ( 'NONE', *, *, #1512, .T. ) ;
#1828 = CARTESIAN_POINT ( 'NONE',  ( -34.99999999999999289, 4.000000000000000000, 34.99999999999999289 ) ) ;
#1829 = DIRECTION ( 'NONE',  ( 0.000000000000000000, 0.000000000000000000, 1.000000000000000000 ) ) ;
#1830 = CARTESIAN_POINT ( 'NONE',  ( -27.44385326580892936, 28.24498079697731967, 1.772849721437254500 ) ) ;
#1831 = ADVANCED_FACE ( 'NONE', ( #1702 ), #1982, .T. ) ;
#1832 = FACE_OUTER_BOUND ( 'NONE', #1847, .T. ) ;
#1833 = ADVANCED_FACE ( 'NONE', ( #771, #435 ), #1066, .T. ) ;
#1834 = CARTESIAN_POINT ( 'NONE',  ( -1.319322884589869238, 25.66388345082791744, -24.96562825328098967 ) ) ;
#1835 = AXIS2_PLACEMENT_3D ( 'NONE', #1350, #98, #1824 ) ;
#1836 = LINE ( 'NONE', #1211, #170 ) ;
#1837 = ORIENTED_EDGE ( 'NONE', *, *, #1557, .T. ) ;
#1838 = DIRECTION ( 'NONE',  ( -0.000000000000000000, 1.000000000000000000, -0.000000000000000000 ) ) ;
#1839 = EDGE_CURVE ( 'NONE', #1570, #112, #817, .T. ) ;
#1840 = ORIENTED_EDGE ( 'NONE', *, *, #1381, .F. ) ;
#1841 = DIRECTION ( 'NONE',  ( 0.000000000000000000, 0.000000000000000000, -1.000000000000000000 ) ) ;
#1842 = CARTESIAN_POINT ( 'NONE',  ( -3.793556523076768272, 23.35499166862276255, -27.23727400871808513 ) ) ;
#1843 = CARTESIAN_POINT ( 'NONE',  ( 3.999999999999904521, 24.64986490800644958, -27.20753572082559657 ) ) ;
#1844 = LINE ( 'NONE', #742, #1504 ) ;
#1845 = CARTESIAN_POINT ( 'NONE',  ( 1.014975950795269144, 25.96843353621525097, -24.97985208140163493 ) ) ;
#1846 = CARTESIAN_POINT ( 'NONE',  ( 27.44387197283021251, 28.24513962462031103, 1.772798925819388360 ) ) ;
#1847 = EDGE_LOOP ( 'NONE', ( #1700, #1990, #779, #273, #1581 ) ) ;
#1848 = CARTESIAN_POINT ( 'NONE',  ( -4.000000000000097700, 24.64986490800644958, -27.99999999999998579 ) ) ;
#1849 = CARTESIAN_POINT ( 'NONE',  ( 3.061616997868383043E-15, 34.00000000000000000, 25.00000000000000000 ) ) ;
#1850 = AXIS2_PLACEMENT_3D ( 'NONE', #630, #1895, #1264 ) ;
#1851 = CIRCLE ( 'NONE', #329, 10.00000000000000178 ) ;
#1852 = CARTESIAN_POINT ( 'NONE',  ( 45.00000000000000000, 24.64986490800644958, 0.000000000000000000 ) ) ;
#1853 = DIRECTION ( 'NONE',  ( -0.000000000000000000, 1.000000000000000000, -0.000000000000000000 ) ) ;
#1854 = LINE ( 'NONE', #430, #1711 ) ;
#1855 = CARTESIAN_POINT ( 'NONE',  ( -35.00000000000000000, 0.000000000000000000, 45.00000000000000000 ) ) ;
#1856 = DIRECTION ( 'NONE',  ( -0.000000000000000000, -1.000000000000000000, 0.000000000000000000 ) ) ;
#1857 = ORIENTED_EDGE ( 'NONE', *, *, #1162, .T. ) ;
#1858 = ORIENTED_EDGE ( 'NONE', *, *, #456, .T. ) ;
#1859 = EDGE_LOOP ( 'NONE', ( #354, #1132, #704, #422, #558 ) ) ;
#1860 = CARTESIAN_POINT ( 'NONE',  ( 34.99999999999999289, 4.000000000000000000, 34.99999999999999289 ) ) ;
#1861 = CARTESIAN_POINT ( 'NONE',  ( -34.99999999999999289, 4.000000000000000000, -45.00000000000000000 ) ) ;
#1862 = CARTESIAN_POINT ( 'NONE',  ( 7.145896509944535439E-24, 22.99986490800645100, -25.00000000000000000 ) ) ;
#1863 = CARTESIAN_POINT ( 'NONE',  ( 24.95849146621185355, 25.47944423949920534, -1.442388178722946446 ) ) ;
#1864 = EDGE_CURVE ( 'NONE', #871, #434, #1049, .T. ) ;
#1865 = CARTESIAN_POINT ( 'NONE',  ( 3.974021940187097091, 24.12398989319746079, 27.21139232358728677 ) ) ;
#1866 = CYLINDRICAL_SURFACE ( 'NONE', #791, 25.00000000000000000 ) ;
#1867 = VERTEX_POINT ( 'NONE', #251 ) ;
#1868 = VECTOR ( 'NONE', #564, 1000.000000000000000 ) ;
#1869 = ORIENTED_EDGE ( 'NONE', *, *, #1414, .F. ) ;
#1870 = CARTESIAN_POINT ( 'NONE',  ( -28.00000000000000000, 24.64986490800644958, 0.000000000000000000 ) ) ;
#1871 = CARTESIAN_POINT ( 'NONE',  ( -2.642460943716183674, 27.66430971409986839, 27.37339037513503470 ) ) ;
#1872 = DIRECTION ( 'NONE',  ( 1.000000000000000000, 0.000000000000000000, 0.000000000000000000 ) ) ;
#1873 = CARTESIAN_POINT ( 'NONE',  ( 25.00001161818193651, 26.30004094112371860, 0.2164181582811035010 ) ) ;
#1874 = DIRECTION ( 'NONE',  ( 1.000000000000000000, 0.000000000000000000, 0.000000000000000000 ) ) ;
#1875 = CARTESIAN_POINT ( 'NONE',  ( -37.49999999999999289, 0.000000000000000000, -37.49999999999999289 ) ) ;
#1876 = ORIENTED_EDGE ( 'NONE', *, *, #1922, .T. ) ;
#1877 = EDGE_CURVE ( 'NONE', #895, #504, #426, .T. ) ;
#1878 = ORIENTED_EDGE ( 'NONE', *, *, #1956, .F. ) ;
#1879 = CARTESIAN_POINT ( 'NONE',  ( -1.243762983091814878, 23.56017938654033372, -24.96916091372059654 ) ) ;
#1880 = VERTEX_POINT ( 'NONE', #751 ) ;
#1881 = CARTESIAN_POINT ( 'NONE',  ( 2.441693616875083350, 27.82906834548378328, 27.39226670982849754 ) ) ;
#1882 = CARTESIAN_POINT ( 'NONE',  ( -2.007379005267429850, 28.11947832738404429, 27.42749667378113898 ) ) ;
#1883 = CARTESIAN_POINT ( 'NONE',  ( 1.649999999999999689, 24.64986490800644958, -24.94549057445053108 ) ) ;
#1884 = AXIS2_PLACEMENT_3D ( 'NONE', #235, #181, #652 ) ;
#1885 = CARTESIAN_POINT ( 'NONE',  ( -24.94549057445052398, 24.64986490800644958, 1.649999999999999689 ) ) ;
#1886 = AXIS2_PLACEMENT_3D ( 'NONE', #534, #1168, #378 ) ;
#1887 = CARTESIAN_POINT ( 'NONE',  ( 37.50000000000214584, 4.000000000000000000, 37.49999999999788258 ) ) ;
#1888 = ORIENTED_EDGE ( 'NONE', *, *, #1381, .T. ) ;
#1889 = EDGE_LOOP ( 'NONE', ( #1029, #1749, #1840, #1098 ) ) ;
#1890 = DIRECTION ( 'NONE',  ( 0.000000000000000000, 0.000000000000000000, -1.000000000000000000 ) ) ;
#1891 = CARTESIAN_POINT ( 'NONE',  ( 1.441448285413168717, 25.48104455095220189, 24.95854639069440140 ) ) ;
#1892 = DIRECTION ( 'NONE',  ( -1.000000000000000000, 0.000000000000000000, 3.469446951953614189E-15 ) ) ;
#1893 = EDGE_CURVE ( 'NONE', #1363, #663, #757, .T. ) ;
#1894 = CARTESIAN_POINT ( 'NONE',  ( 28.00000000000000000, 24.64986490800644958, 0.000000000000000000 ) ) ;
#1895 = DIRECTION ( 'NONE',  ( -0.000000000000000000, -1.000000000000000000, -0.000000000000000000 ) ) ;
#1896 = ORIENTED_EDGE ( 'NONE', *, *, #1255, .T. ) ;
#1897 = ORIENTED_EDGE ( 'NONE', *, *, #1184, .F. ) ;
#1898 = CARTESIAN_POINT ( 'NONE',  ( -27.44391238858002069, 21.05428634472735894, 1.772125222266937916 ) ) ;
#1899 = CARTESIAN_POINT ( 'NONE',  ( 1.318569022717286598, 25.66484035838230326, 24.96566822673199937 ) ) ;
#1900 = LINE ( 'NONE', #595, #1959 ) ;
#1901 = DIRECTION ( 'NONE',  ( 0.000000000000000000, 0.000000000000000000, 1.000000000000000000 ) ) ;
#1902 = DIRECTION ( 'NONE',  ( 0.000000000000000000, 1.000000000000000000, 0.000000000000000000 ) ) ;
#1903 = ORIENTED_EDGE ( 'NONE', *, *, #777, .T. ) ;
#1904 = CARTESIAN_POINT ( 'NONE',  ( -37.49999999999999289, 0.000000000000000000, -40.49999999999999289 ) ) ;
#1905 = ORIENTED_EDGE ( 'NONE', *, *, #1094, .F. ) ;
#1906 = CARTESIAN_POINT ( 'NONE',  ( -27.20753572082558236, 24.64986490800644958, -4.000000000000000000 ) ) ;
#1907 = AXIS2_PLACEMENT_3D ( 'NONE', #464, #474, #310 ) ;
#1908 = CARTESIAN_POINT ( 'NONE',  ( 24.98700045106561518, 23.20783971285885983, 0.8302172164028055468 ) ) ;
#1909 = PLANE ( 'NONE',  #184 ) ;
#1910 = FACE_OUTER_BOUND ( 'NONE', #1682, .T. ) ;
#1911 = AXIS2_PLACEMENT_3D ( 'NONE', #1584, #781, #500 ) ;
#1912 = CIRCLE ( 'NONE', #1394, 10.00000000000000178 ) ;
#1913 = ORIENTED_EDGE ( 'NONE', *, *, #763, .F. ) ;
#1914 = CARTESIAN_POINT ( 'NONE',  ( -1.036901876938263412, 20.77780177784291382, 27.48163625737971216 ) ) ;
#1915 = CARTESIAN_POINT ( 'NONE',  ( 27.37302674728911001, 21.63884233849247707, 2.646073919728857859 ) ) ;
#1916 = ORIENTED_EDGE ( 'NONE', *, *, #1794, .T. ) ;
#1917 = CARTESIAN_POINT ( 'NONE',  ( -27.48155519485302989, 20.77837553035751483, -1.039015373377606410 ) ) ;
#1918 = EDGE_CURVE ( 'NONE', #631, #101, #2006, .T. ) ;
#1919 = CARTESIAN_POINT ( 'NONE',  ( 24.96562878549158171, 23.64333982448588500, -1.311853520353248870 ) ) ;
#1920 = CARTESIAN_POINT ( 'NONE',  ( 28.00000000000000000, 24.64986490800644958, 1.649999999999999467 ) ) ;
#1921 = CARTESIAN_POINT ( 'NONE',  ( -4.000000000000095923, 24.91459553167203822, -27.20753572082556815 ) ) ;
#1922 = EDGE_CURVE ( 'NONE', #335, #631, #1943, .T. ) ;
#1923 = ORIENTED_EDGE ( 'NONE', *, *, #91, .F. ) ;
#1924 = DIRECTION ( 'NONE',  ( -0.000000000000000000, -1.000000000000000000, -0.000000000000000000 ) ) ;
#1925 = CARTESIAN_POINT ( 'NONE',  ( 27.37339615736591725, 21.63551247120502907, -2.642253285820892916 ) ) ;
#1926 = ORIENTED_EDGE ( 'NONE', *, *, #449, .T. ) ;
#1927 = CARTESIAN_POINT ( 'NONE',  ( 0.2154651480240534211, 22.99986490800645100, -25.00000000000000355 ) ) ;
#1928 = CARTESIAN_POINT ( 'NONE',  ( 4.000000000000157208, 24.64986490800644958, 45.00100000000013978 ) ) ;
#1929 = AXIS2_PLACEMENT_3D ( 'NONE', #679, #1939, #1156 ) ;
#1930 = CARTESIAN_POINT ( 'NONE',  ( -37.49999999999999289, 4.000000000000000000, -37.49999999999999289 ) ) ;
#1931 = ORIENTED_EDGE ( 'NONE', *, *, #362, .F. ) ;
#1932 = ADVANCED_FACE ( 'NONE', ( #1714, #1293 ), #790, .T. ) ;
#1933 = CARTESIAN_POINT ( 'NONE',  ( -9.776147748760773395E-14, 24.64986490800644958, -28.00000000000000000 ) ) ;
#1934 = B_SPLINE_CURVE_WITH_KNOTS ( 'NONE', 3,
 ( #1646, #228, #387, #573, #236, #1024, #416, #1368, #898, #1492, #1537, #118, #1967, #255, #1208, #1999, #1378, #1843 ),
 .UNSPECIFIED., .F., .F.,
 ( 4, 2, 2, 2, 2, 2, 2, 2, 4 ),
 ( 0.006262697994689425673, 0.007045163599014061563, 0.007827629203338697453, 0.008610094807663334210, 0.009392560411987969232, 0.01017502601631260425, 0.01095749162063724275, 0.01173995722496187777, 0.01252242282928651279 ),
 .UNSPECIFIED. ) ;
#1935 = ORIENTED_EDGE ( 'NONE', *, *, #795, .T. ) ;
#1936 = DIRECTION ( 'NONE',  ( 1.000000000000000000, 0.000000000000000000, 0.000000000000000000 ) ) ;
#1937 = ADVANCED_FACE ( 'NONE', ( #1112 ), #1391, .F. ) ;
#1938 = DIRECTION ( 'NONE',  ( 0.000000000000000000, 0.000000000000000000, 1.000000000000000000 ) ) ;
#1939 = DIRECTION ( 'NONE',  ( -0.000000000000000000, 1.000000000000000000, -0.000000000000000000 ) ) ;
#1940 = CYLINDRICAL_SURFACE ( 'NONE', #688, 20.00000000000000000 ) ;
#1941 = FACE_BOUND ( 'NONE', #761, .T. ) ;
#1942 = DIRECTION ( 'NONE',  ( 0.000000000000000000, 1.000000000000000000, 0.000000000000000000 ) ) ;
#1943 = CIRCLE ( 'NONE', #140, 10.00000000000000178 ) ;
#1944 = CARTESIAN_POINT ( 'NONE',  ( 45.00099999999999767, 24.64986490800644958, 0.000000000000000000 ) ) ;
#1945 = ORIENTED_EDGE ( 'NONE', *, *, #97, .F. ) ;
#1946 = CARTESIAN_POINT ( 'NONE',  ( -35.00000000000000000, 4.000000000000000000, -45.00000000000000000 ) ) ;
#1947 = DIRECTION ( 'NONE',  ( -3.491481338843133355E-15, 0.000000000000000000, -1.000000000000000000 ) ) ;
#1948 = CARTESIAN_POINT ( 'NONE',  ( -24.99927761807874660, 23.01071203476843863, -0.2173498029415940058 ) ) ;
#1949 = CARTESIAN_POINT ( 'NONE',  ( -3.593930684392463881, 26.42536972684136387, -27.26433477961534635 ) ) ;
#1950 = ORIENTED_EDGE ( 'NONE', *, *, #882, .T. ) ;
#1951 = EDGE_CURVE ( 'NONE', #749, #206, #1087, .T. ) ;
#1952 = CARTESIAN_POINT ( 'NONE',  ( 27.49997434900205207, 20.65004125865527840, 0.2670272028173517054 ) ) ;
#1953 = ORIENTED_EDGE ( 'NONE', *, *, #1791, .T. ) ;
#1954 = DIRECTION ( 'NONE',  ( -0.000000000000000000, 1.000000000000000000, -0.000000000000000000 ) ) ;
#1955 = CARTESIAN_POINT ( 'NONE',  ( 3.999999999999904521, 24.64986490800644958, -27.20753572082559657 ) ) ;
#1956 = EDGE_CURVE ( 'NONE', #915, #952, #167, .T. ) ;
#1957 = CARTESIAN_POINT ( 'NONE',  ( -3.871876075587938892, 23.61156821753960955, 27.22611376961474861 ) ) ;
#1958 = CARTESIAN_POINT ( 'NONE',  ( -24.99655412100570118, 23.05278675073348538, -0.4282574438871931677 ) ) ;
#1959 = VECTOR ( 'NONE', #1228, 1000.000000000000000 ) ;
#1960 = CARTESIAN_POINT ( 'NONE',  ( -27.50001410567492144, 28.64996188452808923, -0.2597933767714171172 ) ) ;
#1961 = LINE ( 'NONE', #76, #440 ) ;
#1962 = ORIENTED_EDGE ( 'NONE', *, *, #470, .F. ) ;
#1963 = FACE_OUTER_BOUND ( 'NONE', #1798, .T. ) ;
#1964 = VERTEX_POINT ( 'NONE', #306 ) ;
#1965 = CARTESIAN_POINT ( 'NONE',  ( -24.98700045106561873, 26.09189010315404289, 0.8302172164028056578 ) ) ;
#1966 = CARTESIAN_POINT ( 'NONE',  ( -28.00000000000000000, 24.64986490800644958, 0.000000000000000000 ) ) ;
#1967 = CARTESIAN_POINT ( 'NONE',  ( 3.595116419643276551, 26.42293052111640961, -27.26417753626588691 ) ) ;
#1968 = CARTESIAN_POINT ( 'NONE',  ( 45.00000000000000000, 4.000000000000000000, 45.00000000000000000 ) ) ;
#1969 = CARTESIAN_POINT ( 'NONE',  ( 1.432286090384088162, 25.47609327444554594, -24.95900919282073005 ) ) ;
#1970 = DIRECTION ( 'NONE',  ( -1.000000000000000000, 0.000000000000000000, 0.000000000000000000 ) ) ;
#1971 = ORIENTED_EDGE ( 'NONE', *, *, #367, .F. ) ;
#1972 = EDGE_LOOP ( 'NONE', ( #1434, #1032 ) ) ;
#1973 = EDGE_CURVE ( 'NONE', #1495, #1345, #648, .T. ) ;
#1974 = CARTESIAN_POINT ( 'NONE',  ( -0.4271897130381795415, 26.24723252705358689, 24.99657267023848561 ) ) ;
#1975 = CARTESIAN_POINT ( 'NONE',  ( -24.95849146621185710, 23.82028557651367962, -1.442388178722946668 ) ) ;
#1976 = CARTESIAN_POINT ( 'NONE',  ( -27.20753572082558236, 24.64986490800644958, 4.000000000000000000 ) ) ;
#1977 = CYLINDRICAL_SURFACE ( 'NONE', #1637, 4.000000000000000000 ) ;
#1978 = CARTESIAN_POINT ( 'NONE',  ( -1.006164951370269955, 25.96202537478874817, -24.97990566384674693 ) ) ;
#1979 = ADVANCED_FACE ( 'NONE', ( #1496, #1311 ), #685, .T. ) ;
#1980 = ORIENTED_EDGE ( 'NONE', *, *, #1527, .F. ) ;
#1981 = EDGE_LOOP ( 'NONE', ( #1493, #644, #285, #1010, #1897 ) ) ;
#1982 = CYLINDRICAL_SURFACE ( 'NONE', #823, 10.00000000000000178 ) ;
#1983 = CARTESIAN_POINT ( 'NONE',  ( -3.999999999999714895, 24.91104063974480098, 27.20753572082562499 ) ) ;
#1984 = CARTESIAN_POINT ( 'NONE',  ( -27.31580783215316544, 27.08918002453955509, 3.180884696869807016 ) ) ;
#1985 = DIRECTION ( 'NONE',  ( 0.000000000000000000, 0.000000000000000000, -1.000000000000000000 ) ) ;
#1986 = AXIS2_PLACEMENT_3D ( 'NONE', #1262, #1554, #1892 ) ;
#1987 = DIRECTION ( 'NONE',  ( -0.000000000000000000, 1.000000000000000000, -0.000000000000000000 ) ) ;
#1988 = AXIS2_PLACEMENT_3D ( 'NONE', #1135, #661, #191 ) ;
#1989 = CYLINDRICAL_SURFACE ( 'NONE', #1294, 4.000000000000000000 ) ;
#1990 = ORIENTED_EDGE ( 'NONE', *, *, #391, .T. ) ;
#1991 = LINE ( 'NONE', #262, #1342 ) ;
#1992 = ADVANCED_FACE ( 'NONE', ( #1183 ), #822, .F. ) ;
#1993 = EDGE_CURVE ( 'NONE', #241, #956, #355, .T. ) ;
#1994 = EDGE_LOOP ( 'NONE', ( #1869, #716 ) ) ;
#1995 = ORIENTED_EDGE ( 'NONE', *, *, #317, .T. ) ;
#1996 = DIRECTION ( 'NONE',  ( -0.000000000000000000, 1.000000000000000000, -0.000000000000000000 ) ) ;
#1997 = VECTOR ( 'NONE', #398, 1000.000000000000000 ) ;
#1998 = CARTESIAN_POINT ( 'NONE',  ( -1.289176209825744435, 28.44549563754613430, 27.47083748011354842 ) ) ;
#1999 = CARTESIAN_POINT ( 'NONE',  ( 3.973824342017336253, 25.17635958814149078, -27.21142038265069019 ) ) ;
#2000 = CARTESIAN_POINT ( 'NONE',  ( 24.98646520388723502, 26.08148175605747809, -0.8274104621026139306 ) ) ;
#2001 = DIRECTION ( 'NONE',  ( -0.000000000000000000, 1.000000000000000000, -0.000000000000000000 ) ) ;
#2002 = CARTESIAN_POINT ( 'NONE',  ( 27.21139541981181154, 25.17470600344799792, -3.973991200173233374 ) ) ;
#2003 = ORIENTED_EDGE ( 'NONE', *, *, #1349, .F. ) ;
#2004 = CARTESIAN_POINT ( 'NONE',  ( 4.000000000000285105, 24.64986490800644958, 27.20753572082553973 ) ) ;
#2005 = VERTEX_POINT ( 'NONE', #538 ) ;
#2006 = LINE ( 'NONE', #593, #1426 ) ;
#2007 = ADVANCED_FACE ( 'NONE', ( #509, #1334 ), #851, .T. ) ;
#2008 = AXIS2_PLACEMENT_3D ( 'NONE', #1550, #1053, #1696 ) ;
#2009 = CARTESIAN_POINT ( 'NONE',  ( -3.595116419643110461, 26.42293052111637053, 27.26417753626591889 ) ) ;
#2010 = DIRECTION ( 'NONE',  ( 0.000000000000000000, 1.000000000000000000, 0.000000000000000000 ) ) ;
#2011 = B_SPLINE_CURVE_WITH_KNOTS ( 'NONE', 3,
 ( #710, #406, #562, #1975, #1338, #1008, #1287, #856, #1449, #1795, #1958, #1948, #997, #533, #1357, #1167, #1822, #1177, #1810, #368, #552, #1656, #1187, #1034 ),
 .UNSPECIFIED., .F., .F.,
 ( 4, 2, 2, 2, 2, 2, 2, 2, 2, 2, 2, 4 ),
 ( 0.005160054191564309410, 0.005804912903240629606, 0.006449771614916949801, 0.006772200970755106429, 0.007094630326593263057, 0.007417059682431419686, 0.007739489038269576314, 0.008384347749945890438, 0.008706777105784045331, 0.009029206461622200225, 0.009674065173298516951, 0.01031892388497483368 ),
 .UNSPECIFIED. ) ;
#2012 = CARTESIAN_POINT ( 'NONE',  ( -35.00000000000000000, 0.000000000000000000, -45.00000000000000000 ) ) ;
#2013 = DIRECTION ( 'NONE',  ( -1.000000000000000000, 0.000000000000000000, 0.000000000000000000 ) ) ;
#2014 = DIRECTION ( 'NONE',  ( -0.000000000000000000, -1.000000000000000000, -0.000000000000000000 ) ) ;
#2015 = EDGE_LOOP ( 'NONE', ( #1913, #1561, #444, #1479 ) ) ;
#2016 = ORIENTED_EDGE ( 'NONE', *, *, #637, .T. ) ;
#2017 = CARTESIAN_POINT ( 'NONE',  ( -1.091002140371376106, 25.89236038635681680, 24.97629904249564703 ) ) ;
#2018 = CARTESIAN_POINT ( 'NONE',  ( -3.870732410988569683, 23.60735566833044174, -27.22627688781182798 ) ) ;
#2019 = DIRECTION ( 'NONE',  ( 0.000000000000000000, 0.000000000000000000, -1.000000000000000000 ) ) ;
#2020 = DIRECTION ( 'NONE',  ( 0.000000000000000000, 0.000000000000000000, 1.000000000000000000 ) ) ;
#2021 = LINE ( 'NONE', #1083, #385 ) ;
#2022 = DIRECTION ( 'NONE',  ( 8.326672684688672475E-15, 0.000000000000000000, -1.000000000000000000 ) ) ;
#2023 = EDGE_LOOP ( 'NONE', ( #333, #1204, #745, #115, #1770 ) ) ;
#2024 = CARTESIAN_POINT ( 'NONE',  ( -1.431434548002678886, 23.82218886534276336, -24.95905796140004895 ) ) ;
#2025 = VERTEX_POINT ( 'NONE', #994 ) ;
#2026 = CARTESIAN_POINT ( 'NONE',  ( -27.42791140687272033, 21.17696237225134581, 2.001821593108768838 ) ) ;
#2027 = DIRECTION ( 'NONE',  ( 0.000000000000000000, 0.000000000000000000, 1.000000000000000000 ) ) ;
#2028 = CIRCLE ( 'NONE', #1144, 37.50000000000000000 ) ;
#2029 = SURFACE_STYLE_FILL_AREA ( #794 ) ;
#2030 = CARTESIAN_POINT ( 'NONE',  ( 24.99451370162543640, 26.21508897707274954, -0.5331478569868806083 ) ) ;
#2031 = DIRECTION ( 'NONE',  ( -1.000000000000000000, 0.000000000000000000, 3.469446951953614189E-15 ) ) ;
#2032 = CARTESIAN_POINT ( 'NONE',  ( -34.99999999999999289, 0.000000000000000000, 34.99999999999999289 ) ) ;
#2033 = EDGE_LOOP ( 'NONE', ( #568, #1108, #1807, #924, #1672, #1063, #975, #624, #1407, #1290 ) ) ;
ENDSEC;
END-ISO-10303-21;
