ISO-10303-21;
HEADER;
FILE_DESCRIPTION (( 'STEP AP214' ),
    '1' );
FILE_NAME ('oblong.STEP',
    '2024-11-15T11:25:15',
    ( '' ),
    ( '' ),
    'SwSTEP 2.0',
    'SolidWorks 2023',
    '' );
FILE_SCHEMA (( 'AUTOMOTIVE_DESIGN' ));
ENDSEC;

DATA;
#1 = VERTEX_POINT ( 'NONE', #776 ) ;
#2 = DIRECTION ( 'NONE',  ( 0.7071067811865487940, -0.000000000000000000, 0.7071067811865463515 ) ) ;
#3 = DIRECTION ( 'NONE',  ( 0.000000000000000000, 0.000000000000000000, 1.000000000000000000 ) ) ;
#4 = CARTESIAN_POINT ( 'NONE',  ( 16.70960988005134951, 19.75982993881876126, -15.06842095408077853 ) ) ;
#5 = CARTESIAN_POINT ( 'NONE',  ( 16.70823825951282871, 21.54233737824768369, 15.06992815864220780 ) ) ;
#6 = CARTESIAN_POINT ( 'NONE',  ( 22.49704751514393664, 19.24643722973136661, 0.3761689302097290244 ) ) ;
#7 = EDGE_CURVE ( 'NONE', #1733, #806, #641, .T. ) ;
#8 = CARTESIAN_POINT ( 'NONE',  ( 16.83976975305875001, 21.54232477796358225, -18.47809816598676136 ) ) ;
#9 = ORIENTED_EDGE ( 'NONE', *, *, #1434, .F. ) ;
#10 = CARTESIAN_POINT ( 'NONE',  ( -22.45322916642504651, 20.45838077413024081, -1.449999999999921574 ) ) ;
#11 = CARTESIAN_POINT ( 'NONE',  ( 22.47055696795204227, 21.54233737824767658, -1.158460182012073458 ) ) ;
#12 = CARTESIAN_POINT ( 'NONE',  ( 16.17380645605719991, 19.24643722973135951, -15.64182325321128531 ) ) ;
#13 = CARTESIAN_POINT ( 'NONE',  ( -24.96212893586396575, 21.11700723971260629, 1.376025777367768210 ) ) ;
#14 = DIRECTION ( 'NONE',  ( 1.962615573354718404E-16, 0.000000000000000000, 1.000000000000000000 ) ) ;
#15 = CARTESIAN_POINT ( 'NONE',  ( 16.04452240550332576, 22.09046811283649703, -15.77440617405602019 ) ) ;
#16 = FACE_BOUND ( 'NONE', #1306, .T. ) ;
#17 = EDGE_LOOP ( 'NONE', ( #342, #497, #1804, #609, #1348, #1087, #1691, #211, #619, #419 ) ) ;
#18 = CARTESIAN_POINT ( 'NONE',  ( -22.46444146615936432, 19.91923008135478312, -1.266546140921948949 ) ) ;
#19 = CARTESIAN_POINT ( 'NONE',  ( 22.49100787612161767, 21.95355371401899447, -0.6421021013859421478 ) ) ;
#20 = CARTESIAN_POINT ( 'NONE',  ( 0.6424724997907649282, 21.95336188657828558, 24.99189739629148121 ) ) ;
#21 = CARTESIAN_POINT ( 'NONE',  ( -24.96798707088168001, 21.38057332055230830, 1.266859672968819739 ) ) ;
#22 = CARTESIAN_POINT ( 'NONE',  ( 3.061616997868383043E-15, 30.00000000000000000, 25.00000000000000000 ) ) ;
#23 = EDGE_CURVE ( 'NONE', #1381, #322, #755, .T. ) ;
#24 = CARTESIAN_POINT ( 'NONE',  ( 15.17766952966368699, 110.0000000000000000, -15.17766952966368521 ) ) ;
#25 = VECTOR ( 'NONE', #636, 1000.000000000000000 ) ;
#26 = CARTESIAN_POINT ( 'NONE',  ( 0.000000000000000000, 110.0000000000000000, 0.000000000000000000 ) ) ;
#27 = CARTESIAN_POINT ( 'NONE',  ( 0.000000000000000000, 30.00000000000000000, -25.00000000000000000 ) ) ;
#28 = CARTESIAN_POINT ( 'NONE',  ( -22.49529239376956014, 19.27449952282073298, 0.4685219856143977846 ) ) ;
#29 = DIRECTION ( 'NONE',  ( 1.000000000000000000, 0.000000000000000000, -1.962615573354718404E-16 ) ) ;
#30 = CARTESIAN_POINT ( 'NONE',  ( 1.449999999999999956, 20.64999999999999858, -24.95791457634231136 ) ) ;
#31 = DIRECTION ( 'NONE',  ( -0.000000000000000000, -1.000000000000000000, -0.000000000000000000 ) ) ;
#32 = CARTESIAN_POINT ( 'NONE',  ( 15.64169648140658531, 22.05349385927937433, 16.17392718384587624 ) ) ;
#33 = ADVANCED_FACE ( 'NONE', ( #935, #1359 ), #479, .T. ) ;
#34 = B_SPLINE_CURVE_WITH_KNOTS ( 'NONE', 3,
 ( #508, #1685, #358, #653, #770, #39, #1111, #930, #499, #60, #1374, #1090, #947, #808, #1236, #1675, #1076, #1412, #1527, #938, #195, #799, #1536, #644 ),
 .UNSPECIFIED., .F., .F.,
 ( 4, 2, 2, 2, 2, 2, 2, 2, 2, 2, 2, 4 ),
 ( 0.004534535684257331480, 0.005101222633952429489, 0.005667909583647528365, 0.005951253058495080406, 0.006234596533342633314, 0.006517940008190182752, 0.006801283483037732190, 0.007367970432732816322, 0.007651313907580364893, 0.007934657382427913463, 0.008501344332123007136, 0.009068031281818100808 ),
 .UNSPECIFIED. ) ;
#35 = CARTESIAN_POINT ( 'NONE',  ( -18.47885767715900585, 19.75917930020669644, -16.83893382464946953 ) ) ;
#36 = ORIENTED_EDGE ( 'NONE', *, *, #210, .F. ) ;
#37 = VERTEX_POINT ( 'NONE', #1533 ) ;
#38 = CARTESIAN_POINT ( 'NONE',  ( 24.96213863105174013, 20.18248482956550305, -1.375850229300437544 ) ) ;
#39 = CARTESIAN_POINT ( 'NONE',  ( -15.21722817131538541, 19.55852982641097171, 16.57378764204318955 ) ) ;
#40 = CARTESIAN_POINT ( 'NONE',  ( -16.04394303739638161, 22.09059905109625177, -15.77499736213857240 ) ) ;
#41 = CARTESIAN_POINT ( 'NONE',  ( 0.3754038070851379305, 19.24625127511436062, 22.49705918861315368 ) ) ;
#42 = DIRECTION ( 'NONE',  ( 0.000000000000000000, -0.000000000000000000, 1.000000000000000000 ) ) ;
#43 = CARTESIAN_POINT ( 'NONE',  ( -16.62260580848564473, 20.46075416354775101, 18.67321547392680969 ) ) ;
#44 = EDGE_CURVE ( 'NONE', #1204, #243, #628, .T. ) ;
#45 = CARTESIAN_POINT ( 'NONE',  ( 16.87706304263895873, 21.03001501673176676, -14.88018743082420592 ) ) ;
#46 = ORIENTED_EDGE ( 'NONE', *, *, #1870, .T. ) ;
#47 = EDGE_LOOP ( 'NONE', ( #1729, #895, #1035, #1108, #36, #146 ) ) ;
#48 = CARTESIAN_POINT ( 'NONE',  ( 18.18645374514147761, 19.38275557676799821, 17.15468928187937436 ) ) ;
#49 = CARTESIAN_POINT ( 'NONE',  ( -1.091850805417459824, 21.60880711528351128, 24.97623564966127674 ) ) ;
#50 = CARTESIAN_POINT ( 'NONE',  ( -15.97643054343606650, 22.10003375933952796, -15.84337768672406099 ) ) ;
#51 = EDGE_CURVE ( 'NONE', #629, #1263, #695, .T. ) ;
#52 = CARTESIAN_POINT ( 'NONE',  ( -16.62970566684894891, 20.84076922787790664, 18.66690210479824330 ) ) ;
#53 = CARTESIAN_POINT ( 'NONE',  ( -1.375809855383889779, 21.11763802507782728, 22.45792684657396521 ) ) ;
#54 = CARTESIAN_POINT ( 'NONE',  ( -17.81232401220655959, 19.20953018485653629, -17.54222626511440808 ) ) ;
#55 = VERTEX_POINT ( 'NONE', #222 ) ;
#56 = VECTOR ( 'NONE', #31, 1000.000000000000000 ) ;
#57 = ORIENTED_EDGE ( 'NONE', *, *, #809, .F. ) ;
#58 = LINE ( 'NONE', #908, #1079 ) ;
#59 = VECTOR ( 'NONE', #731, 1000.000000000000000 ) ;
#60 = CARTESIAN_POINT ( 'NONE',  ( -15.57527872324566687, 19.27449952282072587, 16.23786886957158160 ) ) ;
#61 = CARTESIAN_POINT ( 'NONE',  ( 1.092450675338771271, 21.60811840158070751, -22.47356286373414846 ) ) ;
#62 = CARTESIAN_POINT ( 'NONE',  ( -18.57505306457322547, 21.29311942374652133, 16.73226621045698437 ) ) ;
#63 = ADVANCED_FACE ( 'NONE', ( #1712, #825, #963, #81 ), #381, .T. ) ;
#64 = CARTESIAN_POINT ( 'NONE',  ( 1.403748754297359236, 20.27459631251969441, -22.45617577641060691 ) ) ;
#65 = EDGE_LOOP ( 'NONE', ( #249, #1164, #295, #1072 ) ) ;
#66 = ORIENTED_EDGE ( 'NONE', *, *, #1580, .F. ) ;
#67 = CARTESIAN_POINT ( 'NONE',  ( 24.98446411297642555, 19.49077566945156548, -0.8913363086077006336 ) ) ;
#68 = CARTESIAN_POINT ( 'NONE',  ( -26.02530483272054695, 20.64999999999999858, -23.97469516727947081 ) ) ;
#69 = PLANE ( 'NONE',  #1855 ) ;
#70 = DIRECTION ( 'NONE',  ( 0.000000000000000000, -0.7071067811865439090, -0.7071067811865511255 ) ) ;
#71 = DIRECTION ( 'NONE',  ( -0.7071067811865511255, 0.000000000000000000, -0.7071067811865439090 ) ) ;
#72 = CARTESIAN_POINT ( 'NONE',  ( 17.67766952966369587, 110.0000000000000000, 17.67766952966369232 ) ) ;
#73 = CARTESIAN_POINT ( 'NONE',  ( -18.64217961331145190, 21.02660701648792951, -16.65741528632771917 ) ) ;
#74 = ORIENTED_EDGE ( 'NONE', *, *, #475, .F. ) ;
#75 = CARTESIAN_POINT ( 'NONE',  ( 17.40980891532878161, 19.24643365160558162, 17.94177256910787577 ) ) ;
#76 = EDGE_CURVE ( 'NONE', #806, #1740, #1109, .T. ) ;
#77 = CARTESIAN_POINT ( 'NONE',  ( 1.258492412709380170, 19.92357534660911966, -24.96835953904978567 ) ) ;
#78 = CARTESIAN_POINT ( 'NONE',  ( -14.85866983637816041, 20.84077539386463584, 16.89586564166620519 ) ) ;
#79 = CARTESIAN_POINT ( 'NONE',  ( -16.62260580848563407, 20.74464456010002067, 18.67321547392680969 ) ) ;
#80 = CARTESIAN_POINT ( 'NONE',  ( -17.67766952966368876, 110.0000000000000000, 17.67766952966369232 ) ) ;
#81 = FACE_BOUND ( 'NONE', #180, .T. ) ;
#82 = CARTESIAN_POINT ( 'NONE',  ( 16.62970566684907325, 20.45923077212209051, 18.66690210479812961 ) ) ;
#83 = CARTESIAN_POINT ( 'NONE',  ( -6.719027551617261729, 32.67766952966378113, 25.00000000000000000 ) ) ;
#84 = CARTESIAN_POINT ( 'NONE',  ( 18.64217961331133466, 20.27339298351206054, -16.65741528632784707 ) ) ;
#85 = CARTESIAN_POINT ( 'NONE',  ( -16.87706304263906532, 20.26998498326823039, -14.88018743082408157 ) ) ;
#86 = CARTESIAN_POINT ( 'NONE',  ( -0.8841918960070359601, 21.80312134580699990, -24.98448365823325190 ) ) ;
#87 = CARTESIAN_POINT ( 'NONE',  ( -17.74419435820752611, 22.10003369518803851, -17.61114746494681071 ) ) ;
#88 = DIRECTION ( 'NONE',  ( 1.000000000000000000, 0.000000000000000000, 0.000000000000000000 ) ) ;
#89 = ORIENTED_EDGE ( 'NONE', *, *, #688, .F. ) ;
#90 = CARTESIAN_POINT ( 'NONE',  ( 22.45384226332058120, 20.45994337871995228, -1.440593114085545468 ) ) ;
#91 = CARTESIAN_POINT ( 'NONE',  ( 18.67321547392662850, 20.83924583645225326, -16.62260580848584013 ) ) ;
#92 = CARTESIAN_POINT ( 'NONE',  ( 16.76540302671293858, 19.92359742888143970, -18.54518905246033356 ) ) ;
#93 = DIRECTION ( 'NONE',  ( -0.7071067811865511255, 0.000000000000000000, -0.7071067811865439090 ) ) ;
#94 = CARTESIAN_POINT ( 'NONE',  ( -1.152938114264293157, 19.76560443960371316, -22.47050283019549966 ) ) ;
#95 = CARTESIAN_POINT ( 'NONE',  ( 2.755455298081545172E-15, 30.00000000000000000, 22.50000000000000355 ) ) ;
#96 = DIRECTION ( 'NONE',  ( -1.000000000000000000, 0.000000000000000000, 0.000000000000000000 ) ) ;
#97 = B_SPLINE_CURVE_WITH_KNOTS ( 'NONE', 3,
 ( #1185, #1382, #335, #798, #38, #1235, #1393, #181, #918, #67, #1684, #1843, #1515, #946, #621, #769, #213, #203, #1089, #1535, #757, #481, #787, #1056, #1403, #345, #1834, #1654 ),
 .UNSPECIFIED., .F., .F.,
 ( 4, 2, 2, 2, 2, 2, 2, 2, 2, 2, 2, 2, 2, 4 ),
 ( 0.000000000000000000, 0.0002833945365573760757, 0.0005667890731147521514, 0.0008501836096721281186, 0.001133578146229504303, 0.001700367219344248214, 0.002267156292458992559, 0.002550550829016364190, 0.002833945365573736688, 0.003117339902131108318, 0.003400734438688480382, 0.003967523511803231449, 0.004250918048360603080, 0.004534312584917973843 ),
 .UNSPECIFIED. ) ;
#98 = CARTESIAN_POINT ( 'NONE',  ( 17.81232401220642814, 22.09046981514347507, -17.54222626511452532 ) ) ;
#99 = CARTESIAN_POINT ( 'NONE',  ( 16.62260580848563407, 20.65000000000000213, -18.67321547392680969 ) ) ;
#100 = EDGE_CURVE ( 'NONE', #37, #1904, #230, .T. ) ;
#101 = DIRECTION ( 'NONE',  ( 1.962615573354718404E-16, 0.000000000000000000, 1.000000000000000000 ) ) ;
#102 = CARTESIAN_POINT ( 'NONE',  ( -16.62260580848563762, 20.64999999999999858, 18.67321547392680969 ) ) ;
#103 = CARTESIAN_POINT ( 'NONE',  ( 0.000000000000000000, 32.67766952966378824, -25.00000000000000000 ) ) ;
#104 = CARTESIAN_POINT ( 'NONE',  ( -17.81174587776319740, 22.09060030914359629, -17.54281500147108730 ) ) ;
#105 = LINE ( 'NONE', #250, #1240 ) ;
#106 = CARTESIAN_POINT ( 'NONE',  ( -15.38759039447628751, 21.90810425832129837, 16.41579241234139275 ) ) ;
#107 = EDGE_CURVE ( 'NONE', #1638, #1044, #1660, .T. ) ;
#108 = ORIENTED_EDGE ( 'NONE', *, *, #1344, .F. ) ;
#109 = CARTESIAN_POINT ( 'NONE',  ( -0.09462296690491311946, 19.19999999999999929, -25.00000000000000000 ) ) ;
#110 = CARTESIAN_POINT ( 'NONE',  ( 0.8843959212408525339, 21.80293784249086286, 22.48274933762369443 ) ) ;
#111 = DIRECTION ( 'NONE',  ( 0.000000000000000000, -0.7071067811865439090, 0.7071067811865511255 ) ) ;
#112 = FACE_OUTER_BOUND ( 'NONE', #672, .T. ) ;
#113 = CARTESIAN_POINT ( 'NONE',  ( -24.97341858125992431, 21.54018129493336531, 1.160486526674178620 ) ) ;
#114 = ORIENTED_EDGE ( 'NONE', *, *, #1682, .F. ) ;
#115 = CARTESIAN_POINT ( 'NONE',  ( -15.17766952966368166, 110.0000000000000000, 15.17766952966368699 ) ) ;
#116 = EDGE_LOOP ( 'NONE', ( #273, #1234 ) ) ;
#117 = LINE ( 'NONE', #564, #425 ) ;
#118 = ORIENTED_EDGE ( 'NONE', *, *, #998, .F. ) ;
#119 = EDGE_CURVE ( 'NONE', #945, #469, #1872, .T. ) ;
#120 = CARTESIAN_POINT ( 'NONE',  ( 18.55083803596635050, 19.91942667944769241, -16.75922790483061675 ) ) ;
#121 = CARTESIAN_POINT ( 'NONE',  ( -16.52328743235767305, 19.49728280979001127, -15.27210497110906218 ) ) ;
#122 = CARTESIAN_POINT ( 'NONE',  ( 6.147987464839955505E-24, 19.19999999999999929, -22.50000000000000355 ) ) ;
#123 = CARTESIAN_POINT ( 'NONE',  ( -1.257929628089267116, 19.92265217856435555, -22.46486983687914929 ) ) ;
#124 = ORIENTED_EDGE ( 'NONE', *, *, #330, .F. ) ;
#125 = CARTESIAN_POINT ( 'NONE',  ( 0.3753831508988147436, 19.24624576300756473, 24.99735360801731687 ) ) ;
#126 = EDGE_CURVE ( 'NONE', #393, #1272, #474, .T. ) ;
#127 = EDGE_CURVE ( 'NONE', #1672, #1833, #162, .T. ) ;
#128 = CARTESIAN_POINT ( 'NONE',  ( 16.98760849900541814, 21.74287930563623306, -18.34190957279226097 ) ) ;
#129 = ORIENTED_EDGE ( 'NONE', *, *, #144, .T. ) ;
#130 = CARTESIAN_POINT ( 'NONE',  ( -22.45792473298419623, 21.11753352981167353, -1.375843935434782894 ) ) ;
#131 = CARTESIAN_POINT ( 'NONE',  ( 0.000000000000000000, 30.00000000000000000, 0.000000000000000000 ) ) ;
#132 = CARTESIAN_POINT ( 'NONE',  ( 16.41579241234123288, 19.39189574167869878, -15.38759039447646870 ) ) ;
#133 =( BOUNDED_CURVE ( )  B_SPLINE_CURVE ( 3, ( #747, #716, #1626, #137 ),
 .UNSPECIFIED., .F., .T. ) 
 B_SPLINE_CURVE_WITH_KNOTS ( ( 4, 4 ),
 ( 5.497787143782138841, 6.283185307179586232 ),
 .UNSPECIFIED. ) 
 CURVE ( )  GEOMETRIC_REPRESENTATION_ITEM ( )  RATIONAL_B_SPLINE_CURVE ( ( 1.000000000000000000, 0.9492530216741912330, 0.9492530216741912330, 1.000000000000000000 ) ) 
 REPRESENTATION_ITEM ( '' )  );
#134 = CARTESIAN_POINT ( 'NONE',  ( 24.99999543148434000, 22.09992123246242102, 0.09684885010563824836 ) ) ;
#135 = VERTEX_POINT ( 'NONE', #1366 ) ;
#136 = LINE ( 'NONE', #421, #1142 ) ;
#137 = CARTESIAN_POINT ( 'NONE',  ( 0.000000000000000000, 32.67766952966378824, -25.00000000000000000 ) ) ;
#138 = ORIENTED_EDGE ( 'NONE', *, *, #1385, .T. ) ;
#139 = CARTESIAN_POINT ( 'NONE',  ( -22.49100787612161767, 19.34644628598099914, -0.6421021013857851623 ) ) ;
#140 = EDGE_CURVE ( 'NONE', #1564, #865, #1006, .T. ) ;
#141 = CARTESIAN_POINT ( 'NONE',  ( 22.46444146615936077, 21.38076991864521048, -1.266546140922105712 ) ) ;
#142 = CARTESIAN_POINT ( 'NONE',  ( 2.755455298081545172E-15, 0.000000000000000000, 22.50000000000000355 ) ) ;
#143 = CARTESIAN_POINT ( 'NONE',  ( -24.95791457634231847, 20.64999999999999858, -1.449999999999912692 ) ) ;
#144 = EDGE_CURVE ( 'NONE', #1176, #878, #1490, .T. ) ;
#145 = CYLINDRICAL_SURFACE ( 'NONE', #794, 1.449999999999999956 ) ;
#146 = ORIENTED_EDGE ( 'NONE', *, *, #390, .F. ) ;
#147 = CARTESIAN_POINT ( 'NONE',  ( 17.04109236212446632, 21.80271691475243756, 18.29227674958233507 ) ) ;
#148 = ORIENTED_EDGE ( 'NONE', *, *, #1787, .T. ) ;
#149 = CARTESIAN_POINT ( 'NONE',  ( 5.659485349281843945E-24, 19.19999999999999929, -25.00000000000000000 ) ) ;
#150 = CARTESIAN_POINT ( 'NONE',  ( -15.17766952966368166, 110.0000000000000000, -15.17766952966368521 ) ) ;
#151 = CARTESIAN_POINT ( 'NONE',  ( 15.17766952966368699, 27.00000000000000000, -15.17766952966368521 ) ) ;
#152 = CARTESIAN_POINT ( 'NONE',  ( -24.96058292667292022, 21.02660701648794017, 1.403440314667390165 ) ) ;
#153 = CARTESIAN_POINT ( 'NONE',  ( 24.99190774077898425, 21.95356071929167641, -0.6420891290737205104 ) ) ;
#154 = CARTESIAN_POINT ( 'NONE',  ( 22.49533336187402099, 19.27383216290139600, 0.4665720677028259988 ) ) ;
#155 = VERTEX_POINT ( 'NONE', #1606 ) ;
#156 = ORIENTED_EDGE ( 'NONE', *, *, #1231, .T. ) ;
#157 = CARTESIAN_POINT ( 'NONE',  ( 17.81212381685488211, 22.10015607860417575, 17.54322804471999220 ) ) ;
#158 = ORIENTED_EDGE ( 'NONE', *, *, #346, .T. ) ;
#159 = CARTESIAN_POINT ( 'NONE',  ( -22.47358480056754715, 21.60863183725304637, -1.092002441072774443 ) ) ;
#160 = CARTESIAN_POINT ( 'NONE',  ( -25.00000000000005684, 20.64999999999999858, -24.99999999999996803 ) ) ;
#161 = CARTESIAN_POINT ( 'NONE',  ( 1.403461316679976312, 21.02652338947625665, 24.96058173960424398 ) ) ;
#162 = LINE ( 'NONE', #411, #267 ) ;
#163 = CARTESIAN_POINT ( 'NONE',  ( 24.98452710240404429, 21.80405596669505996, -0.8829599924622562046 ) ) ;
#164 = CARTESIAN_POINT ( 'NONE',  ( -17.74614877789520051, 19.20007876753757614, -17.60918382057538167 ) ) ;
#165 = ORIENTED_EDGE ( 'NONE', *, *, #127, .T. ) ;
#166 = EDGE_LOOP ( 'NONE', ( #1793, #1634, #1873, #506 ) ) ;
#167 = DIRECTION ( 'NONE',  ( -0.000000000000000000, -1.000000000000000000, -0.000000000000000000 ) ) ;
#168 = ORIENTED_EDGE ( 'NONE', *, *, #1385, .F. ) ;
#169 = CARTESIAN_POINT ( 'NONE',  ( -22.45384736995398356, 20.84077539386463940, 1.440514968523923800 ) ) ;
#170 = CARTESIAN_POINT ( 'NONE',  ( 2.755455298081545172E-15, 27.00000000000000000, 22.50000000000000355 ) ) ;
#171 = EDGE_CURVE ( 'NONE', #365, #439, #1305, .T. ) ;
#172 = CARTESIAN_POINT ( 'NONE',  ( 14.88632074528706717, 20.27457353012984598, -16.87150839655032186 ) ) ;
#173 = FACE_OUTER_BOUND ( 'NONE', #1842, .T. ) ;
#174 = AXIS2_PLACEMENT_3D ( 'NONE', #26, #608, #488 ) ;
#175 = FACE_OUTER_BOUND ( 'NONE', #1346, .T. ) ;
#176 = AXIS2_PLACEMENT_3D ( 'NONE', #452, #1050, #1641 ) ;
#177 = AXIS2_PLACEMENT_3D ( 'NONE', #1338, #447, #1319 ) ;
#178 = DIRECTION ( 'NONE',  ( 0.7071067811865437980, -0.000000000000000000, -0.7071067811865513475 ) ) ;
#179 = ORIENTED_EDGE ( 'NONE', *, *, #1710, .T. ) ;
#180 = EDGE_LOOP ( 'NONE', ( #1246, #202 ) ) ;
#181 = CARTESIAN_POINT ( 'NONE',  ( 24.97344156828076933, 19.76598191829889828, -1.153252736947056212 ) ) ;
#182 = CARTESIAN_POINT ( 'NONE',  ( -16.90213543583523759, 20.64999999999999858, -14.85152577039419164 ) ) ;
#183 = CARTESIAN_POINT ( 'NONE',  ( -16.57254216410355596, 21.74319175312463059, -15.21858861120940176 ) ) ;
#184 = CARTESIAN_POINT ( 'NONE',  ( 0.6431477402876945026, 19.34697052419337382, 22.49097744559571765 ) ) ;
#185 = ADVANCED_FACE ( 'NONE', ( #173, #615 ), #913, .F. ) ;
#186 = B_SPLINE_CURVE_WITH_KNOTS ( 'NONE', 3,
 ( #1775, #1496, #1797, #288, #130, #440, #1321, #729, #159, #749, #1217, #600, #325, #879, #1806, #1471, #1332, #461, #1058, #718, #1505, #1908, #1478, #590, #1646, #169, #1766, #887 ),
 .UNSPECIFIED., .F., .F.,
 ( 4, 2, 2, 2, 2, 2, 2, 2, 2, 2, 2, 2, 2, 4 ),
 ( 0.000000000000000000, 0.0002834084802660877169, 0.0005668169605321754338, 0.0008502254407982630423, 0.001133633921064350868, 0.001700450881596518495, 0.002267267842128686556, 0.002550676322394770587, 0.002834084802660855051, 0.003117493282926939082, 0.003400901763193023113, 0.003967718723725184235, 0.004251127203991260026, 0.004534535684257335816 ),
 .UNSPECIFIED. ) ;
#187 = CARTESIAN_POINT ( 'NONE',  ( -24.98446411297643266, 21.80922433054843168, -0.8913363086075262176 ) ) ;
#188 = FACE_BOUND ( 'NONE', #936, .T. ) ;
#189 = CARTESIAN_POINT ( 'NONE',  ( 16.35880287974196534, 21.95266140925620491, -15.44821222905540203 ) ) ;
#190 = ORIENTED_EDGE ( 'NONE', *, *, #685, .F. ) ;
#191 = ORIENTED_EDGE ( 'NONE', *, *, #1443, .F. ) ;
#192 = EDGE_CURVE ( 'NONE', #629, #1564, #823, .T. ) ;
#193 = CARTESIAN_POINT ( 'NONE',  ( 18.43302654920863759, 19.69137328244448781, 16.88869486055929769 ) ) ;
#194 = ADVANCED_FACE ( 'NONE', ( #593 ), #1789, .F. ) ;
#195 = CARTESIAN_POINT ( 'NONE',  ( -16.78034226122109374, 19.91923008135478312, 14.98917553135802194 ) ) ;
#196 = CARTESIAN_POINT ( 'NONE',  ( -14.88632074528719862, 21.02542646987015118, -16.87150839655020818 ) ) ;
#197 = DIRECTION ( 'NONE',  ( 0.000000000000000000, 0.000000000000000000, 1.000000000000000000 ) ) ;
#198 = DIRECTION ( 'NONE',  ( 1.000000000000000000, -0.000000000000000000, 0.000000000000000000 ) ) ;
#199 = CARTESIAN_POINT ( 'NONE',  ( -0.7292816082666774280, 21.91741526951132712, 22.48885581649626175 ) ) ;
#200 = CARTESIAN_POINT ( 'NONE',  ( 14.85152577039413480, 20.64999999999999858, -16.90213543583529088 ) ) ;
#201 = ORIENTED_EDGE ( 'NONE', *, *, #384, .F. ) ;
#202 = ORIENTED_EDGE ( 'NONE', *, *, #830, .T. ) ;
#203 = CARTESIAN_POINT ( 'NONE',  ( 24.99190605620334793, 19.34647252640646897, 0.6421392658533883191 ) ) ;
#204 = CARTESIAN_POINT ( 'NONE',  ( -1.403722605715626015, 21.02549478503645020, 24.96056697568544180 ) ) ;
#205 = CARTESIAN_POINT ( 'NONE',  ( 1.303186018548909475, 21.29283976802188505, -22.46225801022613311 ) ) ;
#206 = ADVANCED_FACE ( 'NONE', ( #309 ), #603, .T. ) ;
#207 = CARTESIAN_POINT ( 'NONE',  ( 15.21858861120946216, 19.55680824687536301, 16.57254216410349912 ) ) ;
#208 = FACE_BOUND ( 'NONE', #565, .T. ) ;
#209 = CARTESIAN_POINT ( 'NONE',  ( 15.64055900444468605, 22.06261894554026171, -16.17571746779596253 ) ) ;
#210 = EDGE_CURVE ( 'NONE', #1803, #682, #1800, .T. ) ;
#211 = ORIENTED_EDGE ( 'NONE', *, *, #526, .F. ) ;
#212 = EDGE_LOOP ( 'NONE', ( #190, #233, #984, #715 ) ) ;
#213 = CARTESIAN_POINT ( 'NONE',  ( 24.99580037969377244, 19.27382698260028349, 0.4665560388043816786 ) ) ;
#214 = AXIS2_PLACEMENT_3D ( 'NONE', #1577, #1157, #835 ) ;
#215 = CYLINDRICAL_SURFACE ( 'NONE', #240, 1.449999999999999956 ) ;
#216 = AXIS2_PLACEMENT_3D ( 'NONE', #1213, #495, #487 ) ;
#217 = CARTESIAN_POINT ( 'NONE',  ( -14.85152577039424671, 20.74583159383276865, -16.90213543583518430 ) ) ;
#218 = DIRECTION ( 'NONE',  ( -0.000000000000000000, -0.000000000000000000, -1.000000000000000000 ) ) ;
#219 = DIRECTION ( 'NONE',  ( 0.000000000000000000, 0.000000000000000000, 1.000000000000000000 ) ) ;
#220 = LINE ( 'NONE', #1388, #979 ) ;
#221 = CARTESIAN_POINT ( 'NONE',  ( 17.67766952966368876, 40.00000000000017764, -17.67766952966369232 ) ) ;
#222 = CARTESIAN_POINT ( 'NONE',  ( 1.449999999999999956, 20.64999999999999858, 24.95791457634231492 ) ) ;
#223 = ORIENTED_EDGE ( 'NONE', *, *, #505, .T. ) ;
#224 = DIRECTION ( 'NONE',  ( 1.000000000000000000, -0.000000000000000000, -3.491481338843133750E-15 ) ) ;
#225 = DIRECTION ( 'NONE',  ( -1.000000000000000000, -0.000000000000000000, -0.000000000000000000 ) ) ;
#226 = CARTESIAN_POINT ( 'NONE',  ( -15.44946626839831971, 21.95351700147079654, 16.35761915982350345 ) ) ;
#227 = CARTESIAN_POINT ( 'NONE',  ( -18.18645374514135682, 21.91724442323199895, 17.15468928187950581 ) ) ;
#228 = UNCERTAINTY_MEASURE_WITH_UNIT (LENGTH_MEASURE( 1.000000000000000082E-05 ), #327, 'distance_accuracy_value', 'NONE');
#229 = CARTESIAN_POINT ( 'NONE',  ( -26.02530483272036577, 20.64999999999999858, 23.97469516727964489 ) ) ;
#230 = B_SPLINE_CURVE_WITH_KNOTS ( 'NONE', 3,
 ( #544, #1418, #1690, #1141, #1728, #1120, #1429, #402, #842, #536, #374, #805, #1445, #87, #104, #1578, #836, #953, #364, #1439, #1409, #668, #1271, #1560, #73, #659, #677, #1863 ),
 .UNSPECIFIED., .F., .F.,
 ( 4, 2, 2, 2, 2, 2, 2, 2, 2, 2, 2, 2, 2, 4 ),
 ( 0.000000000000000000, 0.0002833945365573739073, 0.0005667890731147478146, 0.0008501836096721217218, 0.001133578146229495629, 0.001700367219344230867, 0.002267156292458966105, 0.002550550829016341205, 0.002833945365573716305, 0.003117339902131090971, 0.003400734438688465637, 0.003967523511803217572, 0.004250918048360598743, 0.004534312584917979914 ),
 .UNSPECIFIED. ) ;
#231 = CARTESIAN_POINT ( 'NONE',  ( 1.258480323072443507, 19.92355566525439414, -22.46483940588006689 ) ) ;
#232 = CARTESIAN_POINT ( 'NONE',  ( -17.67766952966368876, 40.00000000000017764, 17.67766952966369232 ) ) ;
#233 = ORIENTED_EDGE ( 'NONE', *, *, #671, .T. ) ;
#234 = CARTESIAN_POINT ( 'NONE',  ( 22.45322916642503230, 20.64999999999999858, -1.450000000000078115 ) ) ;
#235 = CARTESIAN_POINT ( 'NONE',  ( -17.61114746494675032, 22.10003369518804561, 17.74419435820757940 ) ) ;
#236 = CARTESIAN_POINT ( 'NONE',  ( 1.376053105694830414, 21.11692108155018133, 22.45791186655730698 ) ) ;
#237 = CARTESIAN_POINT ( 'NONE',  ( -0.1907317350957420943, 19.20948064901800834, -22.49938341313966106 ) ) ;
#238 = ORIENTED_EDGE ( 'NONE', *, *, #1390, .T. ) ;
#239 = CARTESIAN_POINT ( 'NONE',  ( 17.15618941574768286, 19.39188705141968683, 18.18437082895078305 ) ) ;
#240 = AXIS2_PLACEMENT_3D ( 'NONE', #1132, #561, #1758 ) ;
#241 = AXIS2_PLACEMENT_3D ( 'NONE', #1670, #476, #71 ) ;
#242 = CARTESIAN_POINT ( 'NONE',  ( -16.70450110055968906, 21.53402852147073787, 15.07356693469389342 ) ) ;
#243 = VERTEX_POINT ( 'NONE', #1565 ) ;
#244 = VECTOR ( 'NONE', #560, 1000.000000000000000 ) ;
#245 = CARTESIAN_POINT ( 'NONE',  ( 17.54352121309899815, 19.20006766785371966, -17.81181229581453351 ) ) ;
#246 = CYLINDRICAL_SURFACE ( 'NONE', #923, 1.449999999999998179 ) ;
#247 = CARTESIAN_POINT ( 'NONE',  ( -2.304813613580882436E-16, 22.09999999999999787, -25.00000000000000000 ) ) ;
#248 = CARTESIAN_POINT ( 'NONE',  ( 6.719027551617256400, 32.67766952966378113, 25.00000000000000000 ) ) ;
#249 = ORIENTED_EDGE ( 'NONE', *, *, #416, .F. ) ;
#250 = CARTESIAN_POINT ( 'NONE',  ( -17.67766952966369587, 40.00000000000017764, -17.67766952966369232 ) ) ;
#251 = CARTESIAN_POINT ( 'NONE',  ( 18.00596358229156380, 22.02550259792090515, -17.34338393775144738 ) ) ;
#252 = CARTESIAN_POINT ( 'NONE',  ( -0.1907256600624245568, 19.20948021239863124, -24.99944509457456832 ) ) ;
#253 = CARTESIAN_POINT ( 'NONE',  ( -15.97838580573039380, 19.20007820838486978, -15.84141221989459503 ) ) ;
#254 = CYLINDRICAL_SURFACE ( 'NONE', #301, 1.449999999999998179 ) ;
#255 = DIRECTION ( 'NONE',  ( -0.000000000000000000, -1.000000000000000000, -0.000000000000000000 ) ) ;
#256 = CARTESIAN_POINT ( 'NONE',  ( 1.303190251031178581, 21.29283237146746899, -24.96603739362711849 ) ) ;
#257 = PRODUCT ( 'oblong', 'oblong', '', ( #678 ) ) ;
#258 = CARTESIAN_POINT ( 'NONE',  ( -16.52796992350237204, 21.80921761316485075, 15.26742095726185156 ) ) ;
#259 = CARTESIAN_POINT ( 'NONE',  ( -22.47049647028405417, 19.75917606119071479, 1.159598406614953170 ) ) ;
#260 = CARTESIAN_POINT ( 'NONE',  ( -15.44950943482159644, 19.34644628598100624, -16.35757893502968940 ) ) ;
#261 = CARTESIAN_POINT ( 'NONE',  ( -24.97350390260790931, 19.75767522203642557, -1.158473130591769928 ) ) ;
#262 = CARTESIAN_POINT ( 'NONE',  ( -0.7304197101553896454, 19.38306003208612438, -22.48882754268172235 ) ) ;
#263 = CARTESIAN_POINT ( 'NONE',  ( -24.98448434049470634, 21.80312911125771436, 0.8841492822955899777 ) ) ;
#264 = CARTESIAN_POINT ( 'NONE',  ( 0.1899235604805814270, 19.20938641231337840, 24.99945057307079566 ) ) ;
#265 = CARTESIAN_POINT ( 'NONE',  ( 18.18324803994683947, 21.90907162514976392, 17.15738044098867832 ) ) ;
#266 = CARTESIAN_POINT ( 'NONE',  ( 17.81174587776307305, 19.20939969085639376, -17.54281500147121875 ) ) ;
#267 = VECTOR ( 'NONE', #704, 1000.000000000000000 ) ;
#268 = CARTESIAN_POINT ( 'NONE',  ( -22.45322916642503586, 20.64999999999999858, 1.450000000000078337 ) ) ;
#269 = CARTESIAN_POINT ( 'NONE',  ( 0.3802088489197986698, 19.23803495153598675, -22.49746512545700483 ) ) ;
#270 = AXIS2_PLACEMENT_3D ( 'NONE', #1629, #1472, #3 ) ;
#271 = CARTESIAN_POINT ( 'NONE',  ( 12.92659958493587702, 35.24893005527231793, -22.42873947439150584 ) ) ;
#272 = ADVANCED_FACE ( 'NONE', ( #1241 ), #656, .F. ) ;
#273 = ORIENTED_EDGE ( 'NONE', *, *, #100, .T. ) ;
#274 = CARTESIAN_POINT ( 'NONE',  ( 0.4676257070780559522, 19.27419115756001489, 24.99578024316673108 ) ) ;
#275 = ORIENTED_EDGE ( 'NONE', *, *, #1160, .F. ) ;
#276 = CARTESIAN_POINT ( 'NONE',  ( 18.12597301558754737, 21.95356071929167996, 17.21792186099923327 ) ) ;
#277 = ORIENTED_EDGE ( 'NONE', *, *, #673, .T. ) ;
#278 = CARTESIAN_POINT ( 'NONE',  ( 16.62964676276079601, 20.45995251424243122, -18.66695446874378561 ) ) ;
#279 = DIRECTION ( 'NONE',  ( 1.000000000000000000, -0.000000000000000000, -3.491481338843133750E-15 ) ) ;
#280 = CARTESIAN_POINT ( 'NONE',  ( 1.160620560827221981, 21.53999837660909478, 24.97341207426329390 ) ) ;
#281 = CARTESIAN_POINT ( 'NONE',  ( 25.00000905255602390, 22.10015607860418285, -0.1901380239090161850 ) ) ;
#282 = CARTESIAN_POINT ( 'NONE',  ( -24.95791457634230781, 20.64999999999999858, 1.450000000000086997 ) ) ;
#283 = B_SPLINE_CURVE_WITH_KNOTS ( 'NONE', 3,
 ( #872, #882, #764, #1790, #742, #1367, #1019, #893, #1474, #1616, #32, #1345, #1481, #733, #616, #1324, #1912, #594, #1335, #5, #1198, #1189, #453, #1778 ),
 .UNSPECIFIED., .F., .F.,
 ( 4, 2, 2, 2, 2, 2, 2, 2, 2, 2, 2, 4 ),
 ( 0.004534535684257332347, 0.005101222633952432091, 0.005667909583647531835, 0.005951253058495081273, 0.006234596533342630711, 0.006517940008190180150, 0.006801283483037729588, 0.007367970432732828465, 0.007651313907580378770, 0.007934657382427927341, 0.008501344332123017544, 0.009068031281818107747 ),
 .UNSPECIFIED. ) ;
#284 = EDGE_CURVE ( 'NONE', #725, #1765, #1459, .T. ) ;
#285 = EDGE_LOOP ( 'NONE', ( #108, #1064, #460, #489, #954, #876 ) ) ;
#286 = CARTESIAN_POINT ( 'NONE',  ( 17.21663170099828122, 21.95266971556702273, 18.12719735125224929 ) ) ;
#287 = ORIENTED_EDGE ( 'NONE', *, *, #346, .F. ) ;
#288 = CARTESIAN_POINT ( 'NONE',  ( -22.45617634195697931, 21.02542646987014052, -1.403739650135831241 ) ) ;
#289 = CARTESIAN_POINT ( 'NONE',  ( 22.49938016869686308, 22.09046811283650058, 0.1910010189649879453 ) ) ;
#290 = CARTESIAN_POINT ( 'NONE',  ( 16.62260580848576197, 20.64999999999999858, 18.67321547392669601 ) ) ;
#291 = DIRECTION ( 'NONE',  ( -1.000000000000000000, 0.000000000000000000, 1.962615573354718404E-16 ) ) ;
#292 = CARTESIAN_POINT ( 'NONE',  ( 1.449999999999999956, 20.64999999999999858, 22.45322916642504296 ) ) ;
#293 = EDGE_LOOP ( 'NONE', ( #518, #897, #1586, #1772 ) ) ;
#294 = CARTESIAN_POINT ( 'NONE',  ( 18.64761240023198852, 21.03196156469676836, 16.65148094214866248 ) ) ;
#295 = ORIENTED_EDGE ( 'NONE', *, *, #956, .F. ) ;
#296 = CARTESIAN_POINT ( 'NONE',  ( 17.67766952966368876, 40.00000000000017764, -17.67766952966369232 ) ) ;
#297 = DIRECTION ( 'NONE',  ( 1.000000000000000000, 0.000000000000000000, -0.000000000000000000 ) ) ;
#298 = CARTESIAN_POINT ( 'NONE',  ( 0.1906379056762825819, 22.09053592486038653, 24.99944601547758438 ) ) ;
#299 = CARTESIAN_POINT ( 'NONE',  ( -25.00000195432079053, 22.10003369518804917, 0.09407836044048999147 ) ) ;
#300 = CARTESIAN_POINT ( 'NONE',  ( 24.97344986746140449, 21.54082069979329717, 1.159601276738932318 ) ) ;
#301 = AXIS2_PLACEMENT_3D ( 'NONE', #1005, #554, #694 ) ;
#302 = CARTESIAN_POINT ( 'NONE',  ( -0.9581139547955099811, 19.55754459959102576, 24.98172328817528509 ) ) ;
#303 = CARTESIAN_POINT ( 'NONE',  ( 17.54322804471992470, 22.10015607860418285, -17.81212381685493185 ) ) ;
#304 = B_SPLINE_CURVE_WITH_KNOTS ( 'NONE', 3,
 ( #684, #1126, #85, #994, #1883, #986, #121, #1861, #1877, #1709, #710, #525, #253, #1717, #1868, #260, #1452, #1154, #1138, #380, #675, #1591, #834, #540 ),
 .UNSPECIFIED., .F., .F.,
 ( 4, 2, 2, 2, 2, 2, 2, 2, 2, 2, 2, 4 ),
 ( 0.004534535684257335816, 0.005101222633952439030, 0.005667909583647542243, 0.005951253058495096018, 0.006234596533342648926, 0.006517940008190201834, 0.006801283483037754742, 0.007367970432732845812, 0.007651313907580392648, 0.007934657382427937750, 0.008501344332123024483, 0.009068031281818112951 ),
 .UNSPECIFIED. ) ;
#305 = ADVANCED_FACE ( 'NONE', ( #350 ), #647, .F. ) ;
#306 = ORIENTED_EDGE ( 'NONE', *, *, #409, .F. ) ;
#307 = CARTESIAN_POINT ( 'NONE',  ( 22.48838638837022685, 21.90808991253645388, 0.7271144808401891479 ) ) ;
#308 = CARTESIAN_POINT ( 'NONE',  ( 16.90213543583513456, 20.64999999999999858, -14.85152577039431598 ) ) ;
#309 = FACE_OUTER_BOUND ( 'NONE', #382, .T. ) ;
#310 = CARTESIAN_POINT ( 'NONE',  ( -1.403718639877119534, 21.02551048378317589, 22.45617766220354738 ) ) ;
#311 = CARTESIAN_POINT ( 'NONE',  ( -18.34299560218552472, 19.55853030592676944, -16.98643519662405410 ) ) ;
#312 = ORIENTED_EDGE ( 'NONE', *, *, #671, .F. ) ;
#313 = EDGE_CURVE ( 'NONE', #854, #1832, #661, .T. ) ;
#314 = DIRECTION ( 'NONE',  ( -1.000000000000000000, 0.000000000000000000, -0.000000000000000000 ) ) ;
#315 = EDGE_LOOP ( 'NONE', ( #458, #571, #124, #89 ) ) ;
#316 = CYLINDRICAL_SURFACE ( 'NONE', #977, 1.449999999999998401 ) ;
#317 = FACE_OUTER_BOUND ( 'NONE', #1161, .T. ) ;
#318 = CARTESIAN_POINT ( 'NONE',  ( 1.449999999999999956, 20.64999999999999858, 24.95791457634231492 ) ) ;
#319 = CARTESIAN_POINT ( 'NONE',  ( -23.97469516727937133, 20.64999999999999858, 26.02530483272062156 ) ) ;
#320 = CARTESIAN_POINT ( 'NONE',  ( 24.96794968504276468, 21.37900453207886997, 1.267564421828374144 ) ) ;
#321 = CARTESIAN_POINT ( 'NONE',  ( -17.40852978411990293, 19.23736857897699792, -17.94363437680736340 ) ) ;
#322 = VERTEX_POINT ( 'NONE', #1001 ) ;
#323 = EDGE_CURVE ( 'NONE', #878, #989, #1724, .T. ) ;
#324 = DIRECTION ( 'NONE',  ( 0.000000000000000000, 0.000000000000000000, 1.000000000000000000 ) ) ;
#325 = CARTESIAN_POINT ( 'NONE',  ( -22.49999563084826093, 22.09993220281347703, -0.1897217581096385108 ) ) ;
#326 = CARTESIAN_POINT ( 'NONE',  ( -0.9588129230738481334, 21.74184523614465547, -22.47966098401864343 ) ) ;
#327 =( LENGTH_UNIT ( ) NAMED_UNIT ( * ) SI_UNIT ( .MILLI., .METRE. ) );
#328 = CARTESIAN_POINT ( 'NONE',  ( -17.67766952966369587, 110.0000000000000000, -17.67766952966369232 ) ) ;
#329 = CARTESIAN_POINT ( 'NONE',  ( -0.3801737882390746059, 22.06197061594158626, 22.49746553481191214 ) ) ;
#330 = EDGE_CURVE ( 'NONE', #1662, #1272, #1158, .T. ) ;
#331 = CARTESIAN_POINT ( 'NONE',  ( 3.061616997402319681E-15, 19.19999999999999929, 25.00000000000000000 ) ) ;
#332 = EDGE_CURVE ( 'NONE', #1279, #1024, #1077, .T. ) ;
#333 = EDGE_LOOP ( 'NONE', ( #334, #797, #1552, #118 ) ) ;
#334 = ORIENTED_EDGE ( 'NONE', *, *, #1526, .T. ) ;
#335 = CARTESIAN_POINT ( 'NONE',  ( 24.95846608363432750, 20.45995251424243833, -1.440594094264139757 ) ) ;
#336 = PLANE ( 'NONE',  #1237 ) ;
#337 = FACE_OUTER_BOUND ( 'NONE', #748, .T. ) ;
#338 =( LENGTH_UNIT ( ) NAMED_UNIT ( * ) SI_UNIT ( .MILLI., .METRE. ) );
#339 = CARTESIAN_POINT ( 'NONE',  ( 15.77499736213863102, 19.20940094890374539, 16.04394303739633543 ) ) ;
#340 = CARTESIAN_POINT ( 'NONE',  ( -16.75870313635244813, 19.92099546792112008, 18.55130993288404895 ) ) ;
#341 = DIRECTION ( 'NONE',  ( -0.000000000000000000, -1.000000000000000000, -0.000000000000000000 ) ) ;
#342 = ORIENTED_EDGE ( 'NONE', *, *, #741, .T. ) ;
#343 = ORIENTED_EDGE ( 'NONE', *, *, #1859, .T. ) ;
#344 = EDGE_CURVE ( 'NONE', #1866, #1327, #529, .T. ) ;
#345 = CARTESIAN_POINT ( 'NONE',  ( 24.95847070821354308, 20.45923077212209407, 1.440515415882807293 ) ) ;
#346 = EDGE_CURVE ( 'NONE', #865, #1263, #969, .T. ) ;
#347 = CARTESIAN_POINT ( 'NONE',  ( 1.403754256254658772, 20.27461692742750898, -24.96056519278785402 ) ) ;
#348 = CARTESIAN_POINT ( 'NONE',  ( 1.449999999999999956, 20.64999999999999858, -22.45322916642504296 ) ) ;
#349 = CARTESIAN_POINT ( 'NONE',  ( 0.000000000000000000, 20.64999999999999858, 25.00000000000000355 ) ) ;
#350 = FACE_OUTER_BOUND ( 'NONE', #1470, .T. ) ;
#351 = PRODUCT_DEFINITION_SHAPE ( 'NONE', 'NONE',  #1779 ) ;
#352 = EDGE_CURVE ( 'NONE', #1263, #865, #186, .T. ) ;
#353 = CARTESIAN_POINT ( 'NONE',  ( -17.54222626511432992, 19.20953018485652919, 17.81232401220660577 ) ) ;
#354 = CARTESIAN_POINT ( 'NONE',  ( 16.17392718384581229, 22.05349385927936723, -15.64169648140663682 ) ) ;
#355 = ORIENTED_EDGE ( 'NONE', *, *, #144, .F. ) ;
#356 = ORIENTED_EDGE ( 'NONE', *, *, #284, .F. ) ;
#357 = CARTESIAN_POINT ( 'NONE',  ( 17.54281500147115125, 19.20939969085639376, 17.81174587776313700 ) ) ;
#358 = CARTESIAN_POINT ( 'NONE',  ( -14.88018743082402473, 20.26998498326822684, 16.87706304263911861 ) ) ;
#359 = CARTESIAN_POINT ( 'NONE',  ( -16.90213543583523759, 20.64999999999999858, -14.85152577039419164 ) ) ;
#360 = CARTESIAN_POINT ( 'NONE',  ( 0.4676395737979638367, 19.27419548638764368, 22.49531103815082389 ) ) ;
#361 = CARTESIAN_POINT ( 'NONE',  ( 15.27251790418321420, 19.49687701940530360, 16.52290457333901230 ) ) ;
#362 = CARTESIAN_POINT ( 'NONE',  ( -18.18324803994671157, 19.39092837485024390, 17.15738044098880266 ) ) ;
#363 = CARTESIAN_POINT ( 'NONE',  ( -24.97344986746140094, 19.75917930020669644, 1.159601276739106845 ) ) ;
#364 = CARTESIAN_POINT ( 'NONE',  ( -18.18437082895084345, 21.90811294858029967, -17.15618941574761180 ) ) ;
#365 = VERTEX_POINT ( 'NONE', #1177 ) ;
#366 = DIRECTION ( 'NONE',  ( 1.000000000000000000, 0.000000000000000000, 0.000000000000000000 ) ) ;
#367 = VECTOR ( 'NONE', #1631, 1000.000000000000000 ) ;
#368 = FACE_OUTER_BOUND ( 'NONE', #1052, .T. ) ;
#369 = STYLED_ITEM ( 'NONE', ( #1668 ), #1916 ) ;
#370 = CARTESIAN_POINT ( 'NONE',  ( 22.45322916642503230, 20.64999999999999858, -1.450000000000078115 ) ) ;
#371 = CARTESIAN_POINT ( 'NONE',  ( -16.98779506751627011, 21.74319718794886569, 18.34173955483564455 ) ) ;
#372 = CARTESIAN_POINT ( 'NONE',  ( -1.302973391076953646, 21.29327165553563361, 22.46227039607493481 ) ) ;
#373 = CARTESIAN_POINT ( 'NONE',  ( -24.96022827213427675, 20.26803843530321814, -1.411478090150386722 ) ) ;
#374 = CARTESIAN_POINT ( 'NONE',  ( -17.15468928187943831, 21.91724442323200250, -18.18645374514142077 ) ) ;
#375 = ORIENTED_EDGE ( 'NONE', *, *, #1742, .F. ) ;
#376 = DIRECTION ( 'NONE',  ( 0.7071067811865487940, -0.000000000000000000, 0.7071067811865463515 ) ) ;
#377 = ADVANCED_FACE ( 'NONE', ( #433 ), #316, .F. ) ;
#378 = CARTESIAN_POINT ( 'NONE',  ( -15.06842095408060267, 21.54017006118124300, 16.70960988005150938 ) ) ;
#379 = CARTESIAN_POINT ( 'NONE',  ( 16.80460882141676748, 20.00686462542154231, 14.96183318334414025 ) ) ;
#380 = CARTESIAN_POINT ( 'NONE',  ( -15.06992815864225754, 19.75766262175232413, -16.70823825951277186 ) ) ;
#381 = CYLINDRICAL_SURFACE ( 'NONE', #1454, 25.00000000000000000 ) ;
#382 = EDGE_LOOP ( 'NONE', ( #736, #1282, #355, #899 ) ) ;
#383 = CARTESIAN_POINT ( 'NONE',  ( 3.061616970775897547E-15, 22.09999999999999787, 25.00000000000000000 ) ) ;
#384 = EDGE_CURVE ( 'NONE', #806, #580, #1628, .T. ) ;
#385 = CARTESIAN_POINT ( 'NONE',  ( 15.17766952966368699, 110.0000000000000000, -15.17766952966368521 ) ) ;
#386 = ADVANCED_BREP_SHAPE_REPRESENTATION ( 'oblong', ( #1916, #765 ), #1484 ) ;
#387 = CARTESIAN_POINT ( 'NONE',  ( 18.00460488850882612, 19.27382698260028349, -17.34479501082467578 ) ) ;
#388 = CARTESIAN_POINT ( 'NONE',  ( -17.67766952966369587, 110.0000000000000000, -17.67766952966369232 ) ) ;
#389 = CARTESIAN_POINT ( 'NONE',  ( 0.000000000000000000, 0.000000000000000000, 0.000000000000000000 ) ) ;
#390 = EDGE_CURVE ( 'NONE', #1327, #1803, #1419, .T. ) ;
#391 = CARTESIAN_POINT ( 'NONE',  ( -28.03300858899106984, 29.64466094067268287, -7.322330470336324559 ) ) ;
#392 = EDGE_CURVE ( 'NONE', #155, #1466, #617, .T. ) ;
#393 = VERTEX_POINT ( 'NONE', #1227 ) ;
#394 = CARTESIAN_POINT ( 'NONE',  ( 16.67789348513819192, 20.18299276028739442, 18.62388780166650548 ) ) ;
#395 = VECTOR ( 'NONE', #1713, 1000.000000000000000 ) ;
#396 = CARTESIAN_POINT ( 'NONE',  ( 18.18441645756563574, 21.90809916601698148, -17.15614221425035879 ) ) ;
#397 = ORIENTED_EDGE ( 'NONE', *, *, #1212, .T. ) ;
#398 = MECHANICAL_DESIGN_GEOMETRIC_PRESENTATION_REPRESENTATION (  '', ( #369 ), #578 ) ;
#399 = CARTESIAN_POINT ( 'NONE',  ( -1.403453192947977879, 20.27342902944117142, -24.96058220541656425 ) ) ;
#400 = CARTESIAN_POINT ( 'NONE',  ( -18.47809816598657306, 19.75767522203641491, 16.83976975305893831 ) ) ;
#401 = CARTESIAN_POINT ( 'NONE',  ( -0.09462514781696224064, 19.19999999999999929, -22.50000000000000711 ) ) ;
#402 = CARTESIAN_POINT ( 'NONE',  ( -16.84341705178022863, 21.53401808170109888, -18.47436271321445744 ) ) ;
#403 = CARTESIAN_POINT ( 'NONE',  ( 0.3817670586936938171, 22.06151761834285097, -24.99769303108709195 ) ) ;
#404 = ADVANCED_FACE ( 'NONE', ( #1123, #368 ), #336, .F. ) ;
#405 = EDGE_LOOP ( 'NONE', ( #446, #287 ) ) ;
#406 = CARTESIAN_POINT ( 'NONE',  ( 16.67802447189992776, 20.18248482956549950, -18.62377052597080507 ) ) ;
#407 = CARTESIAN_POINT ( 'NONE',  ( -25.00000000000008882, 20.64999999999999858, 8.728703347107862418E-14 ) ) ;
#408 = CARTESIAN_POINT ( 'NONE',  ( -24.96019758259796006, 20.27000066408747969, 1.412008383821836910 ) ) ;
#409 = EDGE_CURVE ( 'NONE', #1904, #445, #632, .T. ) ;
#410 = CARTESIAN_POINT ( 'NONE',  ( -1.267423140586344754, 21.37926825542894349, -24.96795701433698511 ) ) ;
#411 = CARTESIAN_POINT ( 'NONE',  ( 15.17766952966368699, 110.0000000000000000, -15.17766952966368521 ) ) ;
#412 = CARTESIAN_POINT ( 'NONE',  ( 0.6431245930646487530, 19.34695950536764641, 24.99188057198578861 ) ) ;
#413 = CARTESIAN_POINT ( 'NONE',  ( 16.84341705178009008, 19.76598191829888762, -18.47436271321458179 ) ) ;
#414 = CARTESIAN_POINT ( 'NONE',  ( -18.64761240023188194, 20.26803843530322169, 16.65148094214878682 ) ) ;
#415 = CARTESIAN_POINT ( 'NONE',  ( -24.99733914959259451, 19.24650251432830217, 0.3763302971391747631 ) ) ;
#416 = EDGE_CURVE ( 'NONE', #1672, #1176, #482, .T. ) ;
#417 = CARTESIAN_POINT ( 'NONE',  ( -1.403449409075905541, 20.27341446724266660, -22.45619457882200720 ) ) ;
#418 = CARTESIAN_POINT ( 'NONE',  ( -24.99771244955710259, 22.06185725580960622, -0.3805738709574134626 ) ) ;
#419 = ORIENTED_EDGE ( 'NONE', *, *, #595, .F. ) ;
#420 = EDGE_LOOP ( 'NONE', ( #1349, #1502 ) ) ;
#421 = CARTESIAN_POINT ( 'NONE',  ( -15.17766952966368166, 110.0000000000000000, 15.17766952966368699 ) ) ;
#422 = DIRECTION ( 'NONE',  ( 0.000000000000000000, 0.000000000000000000, 1.000000000000000000 ) ) ;
#423 = ORIENTED_EDGE ( 'NONE', *, *, #595, .T. ) ;
#424 = CARTESIAN_POINT ( 'NONE',  ( 18.67321547392662850, 20.55535543989996938, -16.62260580848584013 ) ) ;
#425 = VECTOR ( 'NONE', #1163, 1000.000000000000000 ) ;
#426 = CARTESIAN_POINT ( 'NONE',  ( -1.449999999999999956, 20.64999999999999858, 25.00000000000000355 ) ) ;
#427 = CARTESIAN_POINT ( 'NONE',  ( 1.303029608720740251, 20.00685253935226626, -22.46226708496149627 ) ) ;
#428 = DIRECTION ( 'NONE',  ( 0.000000000000000000, 1.000000000000000000, 0.000000000000000000 ) ) ;
#429 = CARTESIAN_POINT ( 'NONE',  ( 22.45322916642504651, 20.64999999999999858, 1.449999999999921574 ) ) ;
#430 = ORIENTED_EDGE ( 'NONE', *, *, #1512, .T. ) ;
#431 = CARTESIAN_POINT ( 'NONE',  ( 17.54222626511446492, 22.09046981514347152, 17.81232401220649209 ) ) ;
#432 = ORIENTED_EDGE ( 'NONE', *, *, #1762, .F. ) ;
#433 = FACE_OUTER_BOUND ( 'NONE', #1224, .T. ) ;
#434 = CARTESIAN_POINT ( 'NONE',  ( 22.46438376362425871, 21.37902021589870571, 1.267555538145397120 ) ) ;
#435 = CARTESIAN_POINT ( 'NONE',  ( -23.97469516727956673, 20.64999999999999858, -26.02530483272046169 ) ) ;
#436 = CARTESIAN_POINT ( 'NONE',  ( 24.95791457634231847, 20.84160919391312561, -1.450000000000086997 ) ) ;
#437 = CARTESIAN_POINT ( 'NONE',  ( 22.49999563084826093, 19.20006779718652723, -0.1897217581097958850 ) ) ;
#438 = FACE_BOUND ( 'NONE', #1627, .T. ) ;
#439 = VERTEX_POINT ( 'NONE', #1815 ) ;
#440 = CARTESIAN_POINT ( 'NONE',  ( -22.46226655573563136, 21.29313537457844063, -1.303039149886408010 ) ) ;
#441 = CARTESIAN_POINT ( 'NONE',  ( 22.47971103846788310, 21.74287110844538873, -0.9576438470573624961 ) ) ;
#442 = CARTESIAN_POINT ( 'NONE',  ( 16.78055042302082356, 19.91942467776953052, -14.98894401112272057 ) ) ;
#443 = CARTESIAN_POINT ( 'NONE',  ( -1.449999999999999956, 20.64999999999999858, 22.45322916642504296 ) ) ;
#444 = DIRECTION ( 'NONE',  ( 0.000000000000000000, 0.000000000000000000, 1.000000000000000000 ) ) ;
#445 = VERTEX_POINT ( 'NONE', #182 ) ;
#446 = ORIENTED_EDGE ( 'NONE', *, *, #352, .F. ) ;
#447 = DIRECTION ( 'NONE',  ( -0.000000000000000000, -1.000000000000000000, -0.000000000000000000 ) ) ;
#448 = EDGE_LOOP ( 'NONE', ( #642, #356, #1619, #1022 ) ) ;
#449 = CARTESIAN_POINT ( 'NONE',  ( -22.49704324137920253, 19.24650614072062993, 0.3763439388506161776 ) ) ;
#450 = CARTESIAN_POINT ( 'NONE',  ( 22.45322916642503941, 20.84161922586975990, -1.450000000000078337 ) ) ;
#451 = CARTESIAN_POINT ( 'NONE',  ( 0.8843878873671959795, 21.80294430311983334, 24.98447580071830032 ) ) ;
#452 = CARTESIAN_POINT ( 'NONE',  ( -25.00000000000008882, 20.64999999999999858, 8.728703347107862418E-14 ) ) ;
#453 = CARTESIAN_POINT ( 'NONE',  ( 16.90213543583523759, 20.84161922586975990, 14.85152577039420763 ) ) ;
#454 = AXIS2_PLACEMENT_3D ( 'NONE', #131, #901, #1322 ) ;
#455 = EDGE_CURVE ( 'NONE', #546, #1320, #34, .T. ) ;
#456 = ORIENTED_EDGE ( 'NONE', *, *, #1526, .F. ) ;
#457 = CARTESIAN_POINT ( 'NONE',  ( 14.88058828216822249, 21.03198373710504754, -16.87671063596761556 ) ) ;
#458 = ORIENTED_EDGE ( 'NONE', *, *, #1857, .T. ) ;
#459 = CARTESIAN_POINT ( 'NONE',  ( -17.67766952966368876, 40.00000000000017764, 17.67766952966369232 ) ) ;
#460 = ORIENTED_EDGE ( 'NONE', *, *, #1512, .F. ) ;
#461 = CARTESIAN_POINT ( 'NONE',  ( -22.49100579607548056, 21.95351700147079299, 0.6421610678808779005 ) ) ;
#462 = FACE_BOUND ( 'NONE', #867, .T. ) ;
#463 = DIRECTION ( 'NONE',  ( 0.7071067811865487940, -0.000000000000000000, 0.7071067811865463515 ) ) ;
#464 = CARTESIAN_POINT ( 'NONE',  ( 1.449999999999999956, 20.64999999999999858, -25.00000000000000355 ) ) ;
#465 = CARTESIAN_POINT ( 'NONE',  ( 24.95791457634230781, 20.64999999999999858, -1.450000000000086775 ) ) ;
#466 = ADVANCED_FACE ( 'NONE', ( #1545 ), #215, .F. ) ;
#467 = CARTESIAN_POINT ( 'NONE',  ( 14.85152577039414012, 20.84161922586976345, -16.90213543583529443 ) ) ;
#468 = ORIENTED_EDGE ( 'NONE', *, *, #416, .T. ) ;
#469 = VERTEX_POINT ( 'NONE', #1584 ) ;
#470 = CARTESIAN_POINT ( 'NONE',  ( 18.67321547392675996, 20.55417349089947265, 16.62260580848571578 ) ) ;
#471 = CARTESIAN_POINT ( 'NONE',  ( -22.49938016869686663, 19.20953188716350013, 0.1910010189651437096 ) ) ;
#472 = CARTESIAN_POINT ( 'NONE',  ( -15.07356693469383302, 21.53402852147074853, -16.70450110055974946 ) ) ;
#473 = CARTESIAN_POINT ( 'NONE',  ( 3.061616970775897547E-15, 22.09999999999999787, 25.00000000000000000 ) ) ;
#474 = LINE ( 'NONE', #319, #1116 ) ;
#475 = EDGE_CURVE ( 'NONE', #365, #580, #1139, .T. ) ;
#476 = DIRECTION ( 'NONE',  ( 0.7071067811865437980, -0.000000000000000000, -0.7071067811865513475 ) ) ;
#477 = EDGE_CURVE ( 'NONE', #1468, #580, #1732, .T. ) ;
#478 = DIRECTION ( 'NONE',  ( 0.000000000000000000, 1.000000000000000000, 0.000000000000000000 ) ) ;
#479 = PLANE ( 'NONE',  #174 ) ;
#480 = VERTEX_POINT ( 'NONE', #862 ) ;
#481 = CARTESIAN_POINT ( 'NONE',  ( 24.97341858125993497, 19.75981870506662119, 1.160486526674004759 ) ) ;
#482 = LINE ( 'NONE', #919, #573 ) ;
#483 = CARTESIAN_POINT ( 'NONE',  ( -16.90213543583524469, 20.74464678175479548, -14.85152577039419874 ) ) ;
#484 = CARTESIAN_POINT ( 'NONE',  ( -18.47436271321440060, 21.53401808170109533, 16.84341705178029258 ) ) ;
#485 = FACE_BOUND ( 'NONE', #599, .T. ) ;
#486 = AXIS2_PLACEMENT_3D ( 'NONE', #1561, #376, #1446 ) ;
#487 = DIRECTION ( 'NONE',  ( 1.962615573354718404E-16, -0.000000000000000000, 1.000000000000000000 ) ) ;
#488 = DIRECTION ( 'NONE',  ( 0.000000000000000000, -0.000000000000000000, 1.000000000000000000 ) ) ;
#489 = ORIENTED_EDGE ( 'NONE', *, *, #210, .T. ) ;
#490 = CARTESIAN_POINT ( 'NONE',  ( 18.62377052597074467, 20.18248482956549594, 16.67802447189999882 ) ) ;
#491 = CARTESIAN_POINT ( 'NONE',  ( 1.375808875368712991, 20.18237439913202635, -24.96214088485830018 ) ) ;
#492 = CARTESIAN_POINT ( 'NONE',  ( -0.1900997034334400426, 22.09058885601271172, -22.49938794182010682 ) ) ;
#493 = CARTESIAN_POINT ( 'NONE',  ( -18.64238193455458159, 21.02541092453958882, 16.65718873035142522 ) ) ;
#494 = CARTESIAN_POINT ( 'NONE',  ( -17.15614221425017050, 19.39190083398303344, 18.18441645756582048 ) ) ;
#495 = DIRECTION ( 'NONE',  ( 0.7071067811865511255, -0.7071067811865439090, -1.387778780781452332E-16 ) ) ;
#496 = EDGE_LOOP ( 'NONE', ( #786, #1457, #423, #1026, #432, #1186, #1782, #114, #1589, #944 ) ) ;
#497 = ORIENTED_EDGE ( 'NONE', *, *, #119, .T. ) ;
#498 = DIRECTION ( 'NONE',  ( 0.000000000000000000, 0.000000000000000000, -1.000000000000000000 ) ) ;
#499 = CARTESIAN_POINT ( 'NONE',  ( -15.44821222905522795, 19.34733859074379581, 16.35880287974212877 ) ) ;
#500 = CARTESIAN_POINT ( 'NONE',  ( -16.23651903821807352, 22.02616783709860826, -15.57668649224810764 ) ) ;
#501 = CARTESIAN_POINT ( 'NONE',  ( -18.29695394673171549, 21.80922433054843168, 17.03641405046344204 ) ) ;
#502 = CARTESIAN_POINT ( 'NONE',  ( -1.258405499818964435, 21.37656689739758420, 22.46484353829184144 ) ) ;
#503 = CARTESIAN_POINT ( 'NONE',  ( 17.67766952966368876, 40.00000000000017764, -17.67766952966369232 ) ) ;
#504 = VERTEX_POINT ( 'NONE', #247 ) ;
#505 = EDGE_CURVE ( 'NONE', #1760, #1796, #1140, .T. ) ;
#506 = ORIENTED_EDGE ( 'NONE', *, *, #728, .F. ) ;
#507 = CARTESIAN_POINT ( 'NONE',  ( 0.000000000000000000, 20.64999999999999858, -25.00000000000000355 ) ) ;
#508 = CARTESIAN_POINT ( 'NONE',  ( -14.85152577039413657, 20.64999999999999858, 16.90213543583529088 ) ) ;
#509 = CARTESIAN_POINT ( 'NONE',  ( -0.3755105531787840678, 22.05371862343023537, -22.49705730708389950 ) ) ;
#510 = B_SPLINE_CURVE_WITH_KNOTS ( 'NONE', 3,
 ( #1588, #1572, #1266, #670, #1298, #1856, #1714, #242, #690, #258, #1743, #1281, #845, #1888, #1448, #530, #1413, #226, #106, #697, #1289, #378, #1563, #557, #1145, #78, #664, #1124 ),
 .UNSPECIFIED., .F., .F.,
 ( 4, 2, 2, 2, 2, 2, 2, 2, 2, 2, 2, 2, 2, 4 ),
 ( 0.000000000000000000, 0.0002834084802660903732, 0.0005668169605321807464, 0.0008502254407982711738, 0.001133633921064361493, 0.001700450881596534975, 0.002267267842128712144, 0.002550676322394793138, 0.002834084802660874567, 0.003117493282926955996, 0.003400901763193037424, 0.003967718723725189439, 0.004251127203991260893, 0.004534535684257331480 ),
 .UNSPECIFIED. ) ;
#511 = CARTESIAN_POINT ( 'NONE',  ( 16.89591728798758297, 20.45994337871995228, 14.85861096818657323 ) ) ;
#512 = DIRECTION ( 'NONE',  ( 0.000000000000000000, 0.000000000000000000, -1.000000000000000000 ) ) ;
#513 = VECTOR ( 'NONE', #1658, 1000.000000000000000 ) ;
#514 = CARTESIAN_POINT ( 'NONE',  ( -16.65148094214872287, 20.26803843530321458, -18.64761240023193167 ) ) ;
#515 = ADVANCED_FACE ( 'NONE', ( #976 ), #1465, .F. ) ;
#516 = CARTESIAN_POINT ( 'NONE',  ( 12.92659958493586814, 35.24893005527230372, 22.42873947439150939 ) ) ;
#517 = VECTOR ( 'NONE', #831, 1000.000000000000000 ) ;
#518 = ORIENTED_EDGE ( 'NONE', *, *, #1415, .F. ) ;
#519 = CARTESIAN_POINT ( 'NONE',  ( 16.75922790483054214, 19.91942667944768530, 18.55083803596642156 ) ) ;
#520 = CIRCLE ( 'NONE', #270, 25.00000000000000000 ) ;
#521 = CARTESIAN_POINT ( 'NONE',  ( 1.449999999999999956, 20.64999999999999858, -24.95791457634231136 ) ) ;
#522 = AXIS2_PLACEMENT_3D ( 'NONE', #912, #871, #739 ) ;
#523 = CARTESIAN_POINT ( 'NONE',  ( -15.17766952966368166, 110.0000000000000000, -15.17766952966368521 ) ) ;
#524 = CARTESIAN_POINT ( 'NONE',  ( -18.54518905246014526, 21.37640257111856101, 16.76540302671313043 ) ) ;
#525 = CARTESIAN_POINT ( 'NONE',  ( -16.04452240550344655, 19.20953188716350013, -15.77440617405591716 ) ) ;
#526 = EDGE_CURVE ( 'NONE', #964, #135, #1610, .T. ) ;
#527 = CARTESIAN_POINT ( 'NONE',  ( -1.450000000000000400, 20.45847907112460717, 22.45322916642504296 ) ) ;
#528 = DIRECTION ( 'NONE',  ( -0.000000000000000000, -0.000000000000000000, 1.000000000000000000 ) ) ;
#529 = B_SPLINE_CURVE_WITH_KNOTS ( 'NONE', 3,
 ( #1573, #839, #683, #399, #985, #1016, #993, #1734, #1613, #1582, #833, #674, #1867, #252, #109, #1590 ),
 .UNSPECIFIED., .F., .F.,
 ( 4, 2, 2, 2, 2, 2, 2, 4 ),
 ( 0.002267673563688146071, 0.002551003454137740906, 0.002834333344587335740, 0.003117663235036930575, 0.003400993125486525409, 0.003967652906385707272, 0.004250982796835297770, 0.004534312687284889135 ),
 .UNSPECIFIED. ) ;
#530 = CARTESIAN_POINT ( 'NONE',  ( -15.64182325321111122, 22.05356277026863054, 16.17380645605736333 ) ) ;
#531 = CARTESIAN_POINT ( 'NONE',  ( -22.45322916642503586, 20.46074985476537478, 1.450000000000078337 ) ) ;
#532 = CARTESIAN_POINT ( 'NONE',  ( 1.449999999999999956, 20.64999999999999858, 22.45322916642504296 ) ) ;
#533 =( BOUNDED_CURVE ( )  B_SPLINE_CURVE ( 3, ( #503, #1850, #1118, #1408 ),
 .UNSPECIFIED., .F., .T. ) 
 B_SPLINE_CURVE_WITH_KNOTS ( ( 4, 4 ),
 ( 5.497787143782137953, 7.068583470577035399 ),
 .UNSPECIFIED. ) 
 CURVE ( )  GEOMETRIC_REPRESENTATION_ITEM ( )  RATIONAL_B_SPLINE_CURVE ( ( 1.000000000000000000, 0.8047378541243648264, 0.8047378541243648264, 1.000000000000000000 ) ) 
 REPRESENTATION_ITEM ( '' )  );
#534 = EDGE_CURVE ( 'NONE', #1765, #546, #676, .T. ) ;
#535 = CARTESIAN_POINT ( 'NONE',  ( 0.000000000000000000, 27.00000000000000000, -22.50000000000000355 ) ) ;
#536 = CARTESIAN_POINT ( 'NONE',  ( -17.03641405046337809, 21.80922433054842458, -18.29695394673176523 ) ) ;
#537 = CARTESIAN_POINT ( 'NONE',  ( 22.47358480056753649, 19.69136816274695789, -1.092002441072930985 ) ) ;
#538 = CARTESIAN_POINT ( 'NONE',  ( 18.64796567370360947, 21.02999933591251036, -16.65108426711858058 ) ) ;
#539 = CARTESIAN_POINT ( 'NONE',  ( 18.29188625470518659, 19.49687088874227570, -17.04151034852063873 ) ) ;
#540 = CARTESIAN_POINT ( 'NONE',  ( -14.85152577039425381, 20.64999999999999858, -16.90213543583518430 ) ) ;
#541 = B_SPLINE_CURVE_WITH_KNOTS ( 'NONE', 3,
 ( #234, #990, #90, #844, #817, #1420, #680, #1874, #537, #669, #1632, #1317, #437, #1887, #1031, #6, #154, #1172, #1336, #713, #999, #734, #1905, #744, #874, #570, #1162, #429 ),
 .UNSPECIFIED., .F., .F.,
 ( 4, 2, 2, 2, 2, 2, 2, 2, 2, 2, 2, 2, 2, 4 ),
 ( 0.000000000000000000, 0.0002834084802660876085, 0.0005668169605321752170, 0.0008502254407982627171, 0.001133633921064350434, 0.001700450881596518278, 0.002267267842128686123, 0.002550676322394770153, 0.002834084802660854184, 0.003117493282926938215, 0.003400901763193022245, 0.003967718723725182500, 0.004251127203991259158, 0.004534535684257334949 ),
 .UNSPECIFIED. ) ;
#542 =( BOUNDED_CURVE ( )  B_SPLINE_CURVE ( 3, ( #966, #83, #1707, #1000 ),
 .UNSPECIFIED., .F., .T. ) 
 B_SPLINE_CURVE_WITH_KNOTS ( ( 4, 4 ),
 ( 0.000000000000000000, 0.7853981633974481680 ),
 .UNSPECIFIED. ) 
 CURVE ( )  GEOMETRIC_REPRESENTATION_ITEM ( )  RATIONAL_B_SPLINE_CURVE ( ( 1.000000000000000000, 0.9492530216741911220, 0.9492530216741911220, 1.000000000000000000 ) ) 
 REPRESENTATION_ITEM ( '' )  );
#543 = CARTESIAN_POINT ( 'NONE',  ( -0.3765401785602767171, 19.24654280818543839, -22.49704091786665217 ) ) ;
#544 = CARTESIAN_POINT ( 'NONE',  ( -16.62260580848576552, 20.64999999999999858, -18.67321547392668890 ) ) ;
#545 = ADVANCED_FACE ( 'NONE', ( #112 ), #254, .F. ) ;
#546 = VERTEX_POINT ( 'NONE', #702 ) ;
#547 = CARTESIAN_POINT ( 'NONE',  ( 16.62260580848576197, 20.55535543989996228, 18.67321547392668890 ) ) ;
#548 = AXIS2_PLACEMENT_3D ( 'NONE', #1503, #498, #1216 ) ;
#549 = LINE ( 'NONE', #972, #1011 ) ;
#550 = EDGE_CURVE ( 'NONE', #504, #1866, #974, .T. ) ;
#551 = CARTESIAN_POINT ( 'NONE',  ( 17.74419435820739110, 19.19996630481194799, -17.61114746494694216 ) ) ;
#552 = CARTESIAN_POINT ( 'NONE',  ( 0.6424949144400513568, 21.95335110320034389, 22.49099615521949502 ) ) ;
#553 = DIRECTION ( 'NONE',  ( -0.7071067811865511255, -0.7071067811865439090, 1.387778780781452332E-16 ) ) ;
#554 = DIRECTION ( 'NONE',  ( 0.7071067811865437980, -0.000000000000000000, -0.7071067811865513475 ) ) ;
#555 = DIRECTION ( 'NONE',  ( 1.000000000000000000, -0.000000000000000000, -3.491481338843133750E-15 ) ) ;
#556 = DIRECTION ( 'NONE',  ( 0.000000000000000000, 1.000000000000000000, 0.000000000000000000 ) ) ;
#557 = CARTESIAN_POINT ( 'NONE',  ( -14.90715029419956394, 21.11702381800047235, 16.85313617322233526 ) ) ;
#558 = DIRECTION ( 'NONE',  ( 0.000000000000000000, 1.000000000000000000, 0.000000000000000000 ) ) ;
#559 = CARTESIAN_POINT ( 'NONE',  ( 0.09458164773231877986, 22.09999999999999432, 22.49999999999999645 ) ) ;
#560 = DIRECTION ( 'NONE',  ( 1.962615573354718404E-16, 0.000000000000000000, 1.000000000000000000 ) ) ;
#561 = DIRECTION ( 'NONE',  ( -0.000000000000000000, -0.000000000000000000, -1.000000000000000000 ) ) ;
#562 = CARTESIAN_POINT ( 'NONE',  ( -24.95791457634231847, 20.64999999999999858, -1.449999999999912692 ) ) ;
#563 = CARTESIAN_POINT ( 'NONE',  ( -0.6428325061821944519, 19.34680981205025674, 24.99188837023750054 ) ) ;
#564 = CARTESIAN_POINT ( 'NONE',  ( -1.449999999999999956, 20.64999999999999858, -25.00000000000000355 ) ) ;
#565 = EDGE_LOOP ( 'NONE', ( #1914, #1121 ) ) ;
#566 = CARTESIAN_POINT ( 'NONE',  ( 18.67321547392663206, 20.64999999999999858, -16.62260580848583658 ) ) ;
#567 = CARTESIAN_POINT ( 'NONE',  ( -26.02530483272036577, 20.64999999999999858, 23.97469516727964489 ) ) ;
#568 = LINE ( 'NONE', #962, #244 ) ;
#569 = CARTESIAN_POINT ( 'NONE',  ( -2.304813613580882436E-16, 22.09999999999999787, -25.00000000000000000 ) ) ;
#570 = CARTESIAN_POINT ( 'NONE',  ( 22.45384736995399066, 20.45922460613536131, 1.440514968523767037 ) ) ;
#571 = ORIENTED_EDGE ( 'NONE', *, *, #126, .T. ) ;
#572 = CYLINDRICAL_SURFACE ( 'NONE', #177, 22.50000000000000355 ) ;
#573 = VECTOR ( 'NONE', #225, 1000.000000000000000 ) ;
#574 = VERTEX_POINT ( 'NONE', #1747 ) ;
#575 = VECTOR ( 'NONE', #925, 1000.000000000000000 ) ;
#576 = CARTESIAN_POINT ( 'NONE',  ( 22.45322916642505007, 20.83925014523461883, 1.449999999999921352 ) ) ;
#577 = CARTESIAN_POINT ( 'NONE',  ( 1.449999999999999734, 20.46065277306402663, 22.45322916642504651 ) ) ;
#578 =( GEOMETRIC_REPRESENTATION_CONTEXT ( 3 ) GLOBAL_UNCERTAINTY_ASSIGNED_CONTEXT ( ( #228 ) ) GLOBAL_UNIT_ASSIGNED_CONTEXT ( ( #327, #1657, #1538 ) ) REPRESENTATION_CONTEXT ( 'NONE', 'WORKASPACE' ) );
#579 = DIRECTION ( 'NONE',  ( -0.000000000000000000, -1.000000000000000000, -0.000000000000000000 ) ) ;
#580 = VERTEX_POINT ( 'NONE', #1603 ) ;
#581 = CARTESIAN_POINT ( 'NONE',  ( 3.061616997402319681E-15, 19.19999999999999929, 25.00000000000000000 ) ) ;
#582 = LINE ( 'NONE', #459, #1665 ) ;
#583 = VERTEX_POINT ( 'NONE', #535 ) ;
#584 = CARTESIAN_POINT ( 'NONE',  ( 22.45322916642504651, 20.64999999999999858, 1.449999999999921574 ) ) ;
#585 = CARTESIAN_POINT ( 'NONE',  ( 15.26742095726167214, 19.49078238683515707, -16.52796992350253902 ) ) ;
#586 = CARTESIAN_POINT ( 'NONE',  ( 24.99733914959259806, 22.05349748567170209, 0.3763302971390004581 ) ) ;
#587 = CARTESIAN_POINT ( 'NONE',  ( -0.8835062644322594361, 19.49636590963944371, 24.98450758825665474 ) ) ;
#588 = CARTESIAN_POINT ( 'NONE',  ( 16.62260580848563407, 20.65000000000000213, -18.67321547392680969 ) ) ;
#589 = ORIENTED_EDGE ( 'NONE', *, *, #23, .F. ) ;
#590 = CARTESIAN_POINT ( 'NONE',  ( -22.45791393354137355, 21.11702381800047590, 1.376019811150223759 ) ) ;
#591 = CARTESIAN_POINT ( 'NONE',  ( 22.48280609891321902, 21.80404484114765751, -0.8829748912305488417 ) ) ;
#592 = CARTESIAN_POINT ( 'NONE',  ( 16.52290457333895546, 19.49687701940530005, -15.27251790418327992 ) ) ;
#593 = FACE_OUTER_BOUND ( 'NONE', #1852, .T. ) ;
#594 = CARTESIAN_POINT ( 'NONE',  ( 16.52210218585034696, 21.80404484114765395, 15.27338711943725613 ) ) ;
#595 = EDGE_CURVE ( 'NONE', #583, #480, #1221, .T. ) ;
#596 = CARTESIAN_POINT ( 'NONE',  ( 16.57378764204302968, 21.74147017358902545, -15.21722817131555949 ) ) ;
#597 = EDGE_LOOP ( 'NONE', ( #1430, #9, #1308, #863 ) ) ;
#598 = FACE_BOUND ( 'NONE', #1753, .T. ) ;
#599 = EDGE_LOOP ( 'NONE', ( #238, #156 ) ) ;
#600 = CARTESIAN_POINT ( 'NONE',  ( -22.49745800603515633, 22.06185219708664391, -0.3805919186858740533 ) ) ;
#601 = CYLINDRICAL_SURFACE ( 'NONE', #454, 22.50000000000000355 ) ;
#602 = CARTESIAN_POINT ( 'NONE',  ( 15.38612335942097431, 19.38276365724765427, -16.41790714161109932 ) ) ;
#603 = PLANE ( 'NONE',  #1008 ) ;
#604 = CARTESIAN_POINT ( 'NONE',  ( 0.000000000000000000, 30.00000000000000000, -22.50000000000000355 ) ) ;
#605 = AXIS2_PLACEMENT_3D ( 'NONE', #1416, #950, #657 ) ;
#606 = EDGE_CURVE ( 'NONE', #574, #1325, #814, .T. ) ;
#607 = CARTESIAN_POINT ( 'NONE',  ( -18.00596358229168104, 19.27449740207909556, -17.34338393775131237 ) ) ;
#608 = DIRECTION ( 'NONE',  ( 0.000000000000000000, 1.000000000000000000, 0.000000000000000000 ) ) ;
#609 = ORIENTED_EDGE ( 'NONE', *, *, #44, .F. ) ;
#610 = PLANE ( 'NONE',  #548 ) ;
#611 = CARTESIAN_POINT ( 'NONE',  ( -22.50000998767489335, 19.19984501878679239, -0.1901758767496601055 ) ) ;
#612 = EDGE_CURVE ( 'NONE', #1740, #1466, #1500, .T. ) ;
#613 = CARTESIAN_POINT ( 'NONE',  ( -0.09585348762463283268, 22.10000000000000497, -22.50000000000000711 ) ) ;
#614 = CARTESIAN_POINT ( 'NONE',  ( 15.07356693469371223, 19.76597147852925573, -16.70450110055985249 ) ) ;
#615 = FACE_BOUND ( 'NONE', #1608, .T. ) ;
#616 = CARTESIAN_POINT ( 'NONE',  ( 16.17571746779589503, 22.06261894554025105, 15.64055900444474112 ) ) ;
#617 = B_SPLINE_CURVE_WITH_KNOTS ( 'NONE', 3,
 ( #1844, #1666, #1248, #204, #663, #1826, #1099, #1256, #49, #779, #1854, #1555, #1706, #1383 ),
 .UNSPECIFIED., .F., .F.,
 ( 4, 2, 2, 2, 2, 2, 4 ),
 ( 0.000000000000000000, 0.0002834591844572109643, 0.0005669183689144219286, 0.0008503775533716329471, 0.001133836737828843857, 0.001700755106743265460, 0.002267673475657686847 ),
 .UNSPECIFIED. ) ;
#618 = CARTESIAN_POINT ( 'NONE',  ( -17.54322804472005259, 19.19984392139582141, -17.81212381685481816 ) ) ;
#619 = ORIENTED_EDGE ( 'NONE', *, *, #1074, .F. ) ;
#620 = EDGE_LOOP ( 'NONE', ( #165, #706, #589, #1477 ) ) ;
#621 = CARTESIAN_POINT ( 'NONE',  ( 24.99944974357920202, 19.20939969085638666, 0.1901628462964528310 ) ) ;
#622 = CARTESIAN_POINT ( 'NONE',  ( 1.303040581704103529, 20.00687559013617545, -24.96604519861904947 ) ) ;
#623 = CARTESIAN_POINT ( 'NONE',  ( -16.70960988005145609, 21.54017006118123945, -15.06842095408065418 ) ) ;
#624 = CARTESIAN_POINT ( 'NONE',  ( -17.67766952966369587, 110.0000000000000000, -17.67766952966369232 ) ) ;
#625 = CARTESIAN_POINT ( 'NONE',  ( -1.091845565962707099, 21.60881254567491894, 22.47359250183391310 ) ) ;
#626 = CARTESIAN_POINT ( 'NONE',  ( -16.98760849900553893, 19.55712069436376765, -18.34190957279214018 ) ) ;
#627 = DIRECTION ( 'NONE',  ( -0.000000000000000000, -1.000000000000000000, -0.000000000000000000 ) ) ;
#628 = B_SPLINE_CURVE_WITH_KNOTS ( 'NONE', 3,
 ( #1214, #1513, #1719, #1127, #1585, #1551, #1702, #1568, #1287, #1262, #527, #1295 ),
 .UNSPECIFIED., .F., .F.,
 ( 4, 2, 2, 2, 2, 4 ),
 ( 0.006802446281262100602, 0.007368842531401109328, 0.007652040656470611088, 0.007935238781540112848, 0.008501635031679111165, 0.009068031281818109482 ),
 .UNSPECIFIED. ) ;
#629 = VERTEX_POINT ( 'NONE', #143 ) ;
#630 = CARTESIAN_POINT ( 'NONE',  ( 17.94515835212969890, 19.23814274419038739, 17.40694562233672116 ) ) ;
#631 = B_SPLINE_CURVE_WITH_KNOTS ( 'NONE', 3,
 ( #1652, #1501, #1053, #639, #35, #311, #1379, #1389, #1643, #607, #1223, #54, #164, #618, #321, #1511, #1071, #1244, #626, #1831, #861, #514, #1736, #1601 ),
 .UNSPECIFIED., .F., .F.,
 ( 4, 2, 2, 2, 2, 2, 2, 2, 2, 2, 2, 4 ),
 ( 0.004534312584917979914, 0.005100972053355641578, 0.005667631521793303241, 0.005950961256012130170, 0.006234290990230957098, 0.006517620724449784894, 0.006800950458668611823, 0.007367609927106265680, 0.007650939661325094343, 0.007934269395543924741, 0.008500928863981576863, 0.009067588332419228986 ),
 .UNSPECIFIED. ) ;
#632 = LINE ( 'NONE', #68, #1423 ) ;
#633 = CARTESIAN_POINT ( 'NONE',  ( -16.17380645605731715, 22.05356277026863410, -15.64182325321116274 ) ) ;
#634 = SURFACE_STYLE_FILL_AREA ( #940 ) ;
#635 = CARTESIAN_POINT ( 'NONE',  ( -18.43302654920852035, 21.60862671755549869, 16.88869486055941849 ) ) ;
#636 = DIRECTION ( 'NONE',  ( -0.000000000000000000, -1.000000000000000000, -0.000000000000000000 ) ) ;
#637 = VECTOR ( 'NONE', #1377, 1000.000000000000000 ) ;
#638 = VECTOR ( 'NONE', #971, 1000.000000000000000 ) ;
#639 = CARTESIAN_POINT ( 'NONE',  ( -18.55130993288400276, 19.92099546792112719, -16.75870313635251918 ) ) ;
#640 = VECTOR ( 'NONE', #463, 1000.000000000000000 ) ;
#641 = LINE ( 'NONE', #1380, #1693 ) ;
#642 = ORIENTED_EDGE ( 'NONE', *, *, #534, .F. ) ;
#643 = FACE_OUTER_BOUND ( 'NONE', #597, .T. ) ;
#644 = CARTESIAN_POINT ( 'NONE',  ( -16.90213543583513456, 20.64999999999999858, 14.85152577039431243 ) ) ;
#645 = DIRECTION ( 'NONE',  ( -0.000000000000000000, -1.000000000000000000, -0.000000000000000000 ) ) ;
#646 = CARTESIAN_POINT ( 'NONE',  ( 0.8841765152808098716, 19.49686254335894020, 22.48275916568001165 ) ) ;
#647 = PLANE ( 'NONE',  #1514 ) ;
#648 = CARTESIAN_POINT ( 'NONE',  ( 2.755455271706670665E-15, 22.09999999999999787, 22.50000000000000355 ) ) ;
#649 = CARTESIAN_POINT ( 'NONE',  ( 1.449999999999999956, 20.64999999999999858, -22.45322916642504296 ) ) ;
#650 = EDGE_LOOP ( 'NONE', ( #708, #1663, #1107, #66 ) ) ;
#651 = ORIENTED_EDGE ( 'NONE', *, *, #1723, .T. ) ;
#652 = CARTESIAN_POINT ( 'NONE',  ( 15.17766952966368699, 110.0000000000000000, -15.17766952966368521 ) ) ;
#653 = CARTESIAN_POINT ( 'NONE',  ( -14.98842097788237382, 19.92097978410128079, 16.78101521098899696 ) ) ;
#654 = DIRECTION ( 'NONE',  ( -0.000000000000000000, -1.000000000000000000, -0.000000000000000000 ) ) ;
#655 = CYLINDRICAL_SURFACE ( 'NONE', #1635, 1.449999999999999956 ) ;
#656 = PLANE ( 'NONE',  #1268 ) ;
#657 = DIRECTION ( 'NONE',  ( 0.000000000000000000, 0.000000000000000000, 1.000000000000000000 ) ) ;
#658 = CARTESIAN_POINT ( 'NONE',  ( -24.98954868776213090, 19.39190083398302633, 0.7270996903679189938 ) ) ;
#659 = CARTESIAN_POINT ( 'NONE',  ( -18.66690210479819356, 20.84076922787790664, -16.62970566684901641 ) ) ;
#660 = ORIENTED_EDGE ( 'NONE', *, *, #1230, .F. ) ;
#661 = B_SPLINE_CURVE_WITH_KNOTS ( 'NONE', 3,
 ( #1102, #1125, #511, #1114, #1818, #379, #959, #1229, #967, #1838, #1557, #1081, #1669, #1847, #339, #941, #932, #1529, #1539, #361, #207, #791, #802, #949, #1283, #691, #1744, #1137 ),
 .UNSPECIFIED., .F., .F.,
 ( 4, 2, 2, 2, 2, 2, 2, 2, 2, 2, 2, 2, 2, 4 ),
 ( 3.469446951953614189E-18, 0.0002834084802660931921, 0.0005668169605321829148, 0.0008502254407982726917, 0.001133633921064362360, 0.001700450881596537360, 0.002267267842128712144, 0.002550676322394792271, 0.002834084802660872399, 0.003117493282926952960, 0.003400901763193032654, 0.003967718723725187704, 0.004251127203991260026, 0.004534535684257332347 ),
 .UNSPECIFIED. ) ;
#662 = CARTESIAN_POINT ( 'NONE',  ( 17.04151034852057833, 19.49687088874227925, 18.29188625470526119 ) ) ;
#663 = CARTESIAN_POINT ( 'NONE',  ( -1.375816211826829782, 21.11761947877736390, 24.96214052910867309 ) ) ;
#664 = CARTESIAN_POINT ( 'NONE',  ( -14.85152577039413480, 20.74464678175479193, 16.90213543583528732 ) ) ;
#665 = CARTESIAN_POINT ( 'NONE',  ( -17.04151034852043978, 21.80312911125771791, 18.29188625470537488 ) ) ;
#666 = CARTESIAN_POINT ( 'NONE',  ( 1.449999999999999956, 20.64999999999999858, -22.45322916642504296 ) ) ;
#667 = ADVANCED_FACE ( 'NONE', ( #175 ), #1623, .F. ) ;
#668 = CARTESIAN_POINT ( 'NONE',  ( -18.47946152070592873, 21.54018129493337241, -16.83828573573211429 ) ) ;
#669 = CARTESIAN_POINT ( 'NONE',  ( 22.48273650226528986, 19.49078238683515707, -0.8913427220465627299 ) ) ;
#670 = CARTESIAN_POINT ( 'NONE',  ( -16.87150839655016199, 21.02542646987015473, 14.88632074528725902 ) ) ;
#671 = EDGE_CURVE ( 'NONE', #1832, #854, #283, .T. ) ;
#672 = EDGE_LOOP ( 'NONE', ( #1898, #777, #1401, #723 ) ) ;
#673 = EDGE_CURVE ( 'NONE', #243, #469, #1769, .T. ) ;
#674 = CARTESIAN_POINT ( 'NONE',  ( -0.4669047690645327098, 19.27394101429924689, -24.99579403017621715 ) ) ;
#675 = CARTESIAN_POINT ( 'NONE',  ( -14.98917553135796155, 19.91923008135477957, -16.78034226122113992 ) ) ;
#676 = LINE ( 'NONE', #1903, #1822 ) ;
#677 = CARTESIAN_POINT ( 'NONE',  ( -18.67321547392674930, 20.74464456010001712, -16.62260580848569802 ) ) ;
#678 = PRODUCT_CONTEXT ( 'NONE', #1330, 'mechanical' ) ;
#679 = ORIENTED_EDGE ( 'NONE', *, *, #1020, .F. ) ;
#680 = CARTESIAN_POINT ( 'NONE',  ( 22.46483872010699301, 19.92358336982837841, -1.258490537460851488 ) ) ;
#681 = CARTESIAN_POINT ( 'NONE',  ( 18.55130993288386776, 21.37900453207885931, -16.75870313635264353 ) ) ;
#682 = VERTEX_POINT ( 'NONE', #666 ) ;
#683 = CARTESIAN_POINT ( 'NONE',  ( -1.440535927575624875, 20.45936211806850125, -24.95846952718692080 ) ) ;
#684 = CARTESIAN_POINT ( 'NONE',  ( -16.90213543583523759, 20.64999999999999858, -14.85152577039419164 ) ) ;
#685 = EDGE_CURVE ( 'NONE', #1832, #1784, #812, .T. ) ;
#686 = CARTESIAN_POINT ( 'NONE',  ( -1.440534550646454415, 20.45935080458746569, -22.45384611629251737 ) ) ;
#687 = DIRECTION ( 'NONE',  ( -0.000000000000000000, -1.000000000000000000, -0.000000000000000000 ) ) ;
#688 = EDGE_CURVE ( 'NONE', #1612, #1662, #960, .T. ) ;
#689 = CARTESIAN_POINT ( 'NONE',  ( 1.449999999999999956, 20.64999999999999858, -24.95791457634231136 ) ) ;
#690 = CARTESIAN_POINT ( 'NONE',  ( -16.66338654120703211, 21.60863183725303927, 15.11906187889744047 ) ) ;
#691 = CARTESIAN_POINT ( 'NONE',  ( 14.85866983637827765, 20.45922460613536842, 16.89586564166609861 ) ) ;
#692 = CARTESIAN_POINT ( 'NONE',  ( -18.34190957279207979, 19.55712069436376765, 16.98760849900560643 ) ) ;
#693 = FACE_OUTER_BOUND ( 'NONE', #796, .T. ) ;
#694 = DIRECTION ( 'NONE',  ( -0.7071067811865511255, 0.000000000000000000, -0.7071067811865439090 ) ) ;
#695 = LINE ( 'NONE', #1851, #1602 ) ;
#696 = CARTESIAN_POINT ( 'NONE',  ( 17.21788521776741021, 19.34647252640646897, 18.12600727646964316 ) ) ;
#697 = CARTESIAN_POINT ( 'NONE',  ( -15.27251790418310051, 21.80312298059470066, 16.52290457333911533 ) ) ;
#698 = EDGE_LOOP ( 'NONE', ( #827, #714, #727, #1504 ) ) ;
#699 = CARTESIAN_POINT ( 'NONE',  ( 18.18437082895071555, 19.39188705141969038, -17.15618941574774681 ) ) ;
#700 = CARTESIAN_POINT ( 'NONE',  ( 0.9576010702382719009, 21.74300497512261998, 22.47971507399344304 ) ) ;
#701 = CARTESIAN_POINT ( 'NONE',  ( -24.99186119594444122, 19.34733028443298153, 0.6438671460102460831 ) ) ;
#702 = CARTESIAN_POINT ( 'NONE',  ( -14.85152577039413657, 20.64999999999999858, 16.90213543583529088 ) ) ;
#703 = EDGE_CURVE ( 'NONE', #322, #1833, #220, .T. ) ;
#704 = DIRECTION ( 'NONE',  ( -0.000000000000000000, -1.000000000000000000, -0.000000000000000000 ) ) ;
#705 = CARTESIAN_POINT ( 'NONE',  ( -1.411517613308475250, 20.26823296727937063, 24.96022582533732503 ) ) ;
#706 = ORIENTED_EDGE ( 'NONE', *, *, #703, .F. ) ;
#707 = CARTESIAN_POINT ( 'NONE',  ( -22.45322916642504651, 20.64999999999999858, -1.449999999999921352 ) ) ;
#708 = ORIENTED_EDGE ( 'NONE', *, *, #809, .T. ) ;
#709 = CARTESIAN_POINT ( 'NONE',  ( 17.94177256910781537, 19.24643365160558517, -17.40980891532884201 ) ) ;
#710 = CARTESIAN_POINT ( 'NONE',  ( -16.17392718384592243, 19.24650614072063348, -15.64169648140651958 ) ) ;
#711 = CARTESIAN_POINT ( 'NONE',  ( 3.061616997868383043E-15, 32.67766952966378824, 25.00000000000000000 ) ) ;
#712 = CARTESIAN_POINT ( 'NONE',  ( -0.8899871240258309113, 19.48937013642187210, -22.48279963502425360 ) ) ;
#713 = CARTESIAN_POINT ( 'NONE',  ( 22.48275884454714557, 19.49687701940530360, 0.8841568928652856485 ) ) ;
#714 = ORIENTED_EDGE ( 'NONE', *, *, #409, .T. ) ;
#715 = ORIENTED_EDGE ( 'NONE', *, *, #1231, .F. ) ;
#716 = CARTESIAN_POINT ( 'NONE',  ( -12.92659958493586814, 35.24893005527230372, -22.42873947439150939 ) ) ;
#717 = ORIENTED_EDGE ( 'NONE', *, *, #392, .F. ) ;
#718 = CARTESIAN_POINT ( 'NONE',  ( -22.48275884454713847, 21.80312298059470777, 0.8841568928654428561 ) ) ;
#719 = DIRECTION ( 'NONE',  ( -0.000000000000000000, -0.000000000000000000, -1.000000000000000000 ) ) ;
#720 = CARTESIAN_POINT ( 'NONE',  ( 16.57254216410344583, 19.55680824687537012, -15.21858861120953321 ) ) ;
#721 = CARTESIAN_POINT ( 'NONE',  ( 17.67766952966368876, 110.0000000000000000, -17.67766952966369232 ) ) ;
#722 = B_SPLINE_CURVE_WITH_KNOTS ( 'NONE', 3,
 ( #122, #1004, #269, #1167, #813, #1148, #1559, #231, #427, #1400, #64, #804, #1453, #649 ),
 .UNSPECIFIED., .F., .F.,
 ( 4, 2, 2, 2, 2, 2, 4 ),
 ( 0.004534535840398545153, 0.005101513538384460505, 0.005668491236370375858, 0.005951980085363330064, 0.006235468934356283403, 0.006518957783349237610, 0.006802446632342191817 ),
 .UNSPECIFIED. ) ;
#723 = ORIENTED_EDGE ( 'NONE', *, *, #1010, .F. ) ;
#724 = CARTESIAN_POINT ( 'NONE',  ( 0.8841737657653786497, 19.49685964090929957, 24.98448447321466404 ) ) ;
#725 = VERTEX_POINT ( 'NONE', #1531 ) ;
#726 = CARTESIAN_POINT ( 'NONE',  ( 3.061616997868383043E-15, 0.000000000000000000, 25.00000000000000000 ) ) ;
#727 = ORIENTED_EDGE ( 'NONE', *, *, #868, .T. ) ;
#728 = EDGE_CURVE ( 'NONE', #854, #1524, #1242, .T. ) ;
#729 = CARTESIAN_POINT ( 'NONE',  ( -22.47048740073527995, 21.53402852147073432, -1.153244608352573364 ) ) ;
#730 = VECTOR ( 'NONE', #654, 1000.000000000000000 ) ;
#731 = DIRECTION ( 'NONE',  ( 1.000000000000000000, 0.000000000000000000, 0.000000000000000000 ) ) ;
#732 = CARTESIAN_POINT ( 'NONE',  ( 14.90728229346974487, 20.18246647018831652, -16.85301944667066820 ) ) ;
#733 = CARTESIAN_POINT ( 'NONE',  ( 16.04438429111782938, 22.10015498121319766, 15.77543498698210556 ) ) ;
#734 = CARTESIAN_POINT ( 'NONE',  ( 22.47046109557001614, 19.75982993881875771, 1.160495818762102171 ) ) ;
#735 = CARTESIAN_POINT ( 'NONE',  ( 16.98643519662412160, 21.74146969407322061, 18.34299560218545366 ) ) ;
#736 = ORIENTED_EDGE ( 'NONE', *, *, #1554, .T. ) ;
#737 = CARTESIAN_POINT ( 'NONE',  ( 0.1893436391901970051, 19.20000000000000639, -25.00000000000000000 ) ) ;
#738 = CARTESIAN_POINT ( 'NONE',  ( 0.000000000000000000, 0.000000000000000000, -25.00000000000000000 ) ) ;
#739 = DIRECTION ( 'NONE',  ( 0.7071067811865463515, 0.000000000000000000, -0.7071067811865487940 ) ) ;
#740 = CARTESIAN_POINT ( 'NONE',  ( -24.95847070821353952, 20.84076922787791020, 1.440515415882981598 ) ) ;
#741 = EDGE_CURVE ( 'NONE', #583, #945, #1456, .T. ) ;
#742 = CARTESIAN_POINT ( 'NONE',  ( 15.06908053399577163, 21.54082393880928592, 16.70900032753670317 ) ) ;
#743 = VERTEX_POINT ( 'NONE', #80 ) ;
#744 = CARTESIAN_POINT ( 'NONE',  ( 22.45791393354137711, 20.18297618199953192, 1.376019811150067218 ) ) ;
#745 = ORIENTED_EDGE ( 'NONE', *, *, #1580, .T. ) ;
#746 = ORIENTED_EDGE ( 'NONE', *, *, #1562, .F. ) ;
#747 = CARTESIAN_POINT ( 'NONE',  ( -17.67766952966369587, 40.00000000000012790, -17.67766952966373495 ) ) ;
#748 = EDGE_LOOP ( 'NONE', ( #1673, #873, #57, #1435 ) ) ;
#749 = CARTESIAN_POINT ( 'NONE',  ( -22.48273650226528986, 21.80921761316484719, -0.8913427220464056333 ) ) ;
#750 = CARTESIAN_POINT ( 'NONE',  ( 22.49095607273358155, 21.95266140925619780, 0.6438848239855823330 ) ) ;
#751 = CYLINDRICAL_SURFACE ( 'NONE', #522, 1.449999999999998401 ) ;
#752 = CARTESIAN_POINT ( 'NONE',  ( -15.17766952966368166, 110.0000000000000000, -15.17766952966368521 ) ) ;
#753 = CARTESIAN_POINT ( 'NONE',  ( 24.99186119594444477, 21.95266971556701918, 0.6438671460100724442 ) ) ;
#754 = CARTESIAN_POINT ( 'NONE',  ( 16.78101521098883353, 21.37902021589870216, -14.98842097788254968 ) ) ;
#755 = LINE ( 'NONE', #1233, #852 ) ;
#756 = ORIENTED_EDGE ( 'NONE', *, *, #1599, .F. ) ;
#757 = CARTESIAN_POINT ( 'NONE',  ( 24.98175350762996061, 19.55680281205112436, 0.9573833283334564070 ) ) ;
#758 = ORIENTED_EDGE ( 'NONE', *, *, #1103, .T. ) ;
#759 = CARTESIAN_POINT ( 'NONE',  ( -25.00000000000005684, 20.64999999999999858, -24.99999999999996803 ) ) ;
#760 = CARTESIAN_POINT ( 'NONE',  ( -15.63898598895943337, 22.06185219708664036, -16.17722424209464904 ) ) ;
#761 = CARTESIAN_POINT ( 'NONE',  ( 14.96183318334408163, 20.00686462542154587, -16.80460882141682433 ) ) ;
#762 = AXIS2_PLACEMENT_3D ( 'NONE', #160, #1037, #1353 ) ;
#763 = DIRECTION ( 'NONE',  ( 0.7071067811865437980, -0.000000000000000000, -0.7071067811865513475 ) ) ;
#764 = CARTESIAN_POINT ( 'NONE',  ( 14.88018743082414197, 21.03001501673177032, 16.87706304263901913 ) ) ;
#765 = AXIS2_PLACEMENT_3D ( 'NONE', #1828, #197, #88 ) ;
#766 = CARTESIAN_POINT ( 'NONE',  ( 16.70900032753665698, 21.54082393880928947, -15.06908053399583913 ) ) ;
#767 = ORIENTED_EDGE ( 'NONE', *, *, #889, .T. ) ;
#768 = ORIENTED_EDGE ( 'NONE', *, *, #313, .F. ) ;
#769 = CARTESIAN_POINT ( 'NONE',  ( 24.99734299331396059, 19.24643365160557806, 0.3761551069319301055 ) ) ;
#770 = CARTESIAN_POINT ( 'NONE',  ( -15.06908053399565439, 19.75917606119070769, 16.70900032753681330 ) ) ;
#771 = CARTESIAN_POINT ( 'NONE',  ( -0.8842027652714656849, 21.80311288998286656, -22.48275796432600515 ) ) ;
#772 =( NAMED_UNIT ( * ) PLANE_ANGLE_UNIT ( ) SI_UNIT ( $, .RADIAN. ) );
#773 = CARTESIAN_POINT ( 'NONE',  ( -24.99999607526474321, 22.09993233214628461, -0.1897104439198127046 ) ) ;
#774 = CARTESIAN_POINT ( 'NONE',  ( -16.65108426711837808, 20.27000066408748680, 18.64796567370379421 ) ) ;
#775 = CARTESIAN_POINT ( 'NONE',  ( 0.000000000000000000, 0.000000000000000000, 0.000000000000000000 ) ) ;
#776 = CARTESIAN_POINT ( 'NONE',  ( 22.45322916642504651, 20.64999999999999858, 1.449999999999921574 ) ) ;
#777 = ORIENTED_EDGE ( 'NONE', *, *, #534, .T. ) ;
#778 = CARTESIAN_POINT ( 'NONE',  ( 18.29695394673183628, 19.49077566945157969, 17.03641405046331769 ) ) ;
#779 = CARTESIAN_POINT ( 'NONE',  ( -0.8911001458629745908, 21.80941260665872861, 24.98447282143145998 ) ) ;
#780 = CARTESIAN_POINT ( 'NONE',  ( -15.38612335942108800, 21.91723634275234289, -16.41790714161098563 ) ) ;
#781 = FILL_AREA_STYLE_COLOUR ( '', #1209 ) ;
#782 = CARTESIAN_POINT ( 'NONE',  ( -18.67321547392663561, 20.64999999999999503, 16.62260580848583302 ) ) ;
#783 = CARTESIAN_POINT ( 'NONE',  ( 17.67766952966369587, 40.00000000000012790, 17.67766952966373495 ) ) ;
#784 = CARTESIAN_POINT ( 'NONE',  ( 14.98917553135784253, 21.38076991864521403, -16.78034226122125361 ) ) ;
#785 = ORIENTED_EDGE ( 'NONE', *, *, #1599, .T. ) ;
#786 = ORIENTED_EDGE ( 'NONE', *, *, #119, .F. ) ;
#787 = CARTESIAN_POINT ( 'NONE',  ( 24.96798707088168712, 19.91942667944768530, 1.266859672968645656 ) ) ;
#788 = DIRECTION ( 'NONE',  ( 0.000000000000000000, 1.000000000000000000, 0.000000000000000000 ) ) ;
#789 = CARTESIAN_POINT ( 'NONE',  ( 1.258676383296928991, 21.37607808654921016, -22.46482807847095486 ) ) ;
#790 =( NAMED_UNIT ( * ) SI_UNIT ( $, .STERADIAN. ) SOLID_ANGLE_UNIT ( ) );
#791 = CARTESIAN_POINT ( 'NONE',  ( 15.06842095408071280, 19.75982993881876126, 16.70960988005140990 ) ) ;
#792 = CLOSED_SHELL ( 'NONE', ( #1849, #857, #815, #194, #545, #466, #961, #1425, #818, #914, #1285, #185, #63, #33, #667, #305, #1038, #1386, #1373, #991, #206, #1375, #404, #1771, #272, #1781, #1625, #515, #1407, #1902, #894, #1530, #1637, #922, #377 ) ) ;
#793 = DIRECTION ( 'NONE',  ( -0.000000000000000000, -1.000000000000000000, -0.000000000000000000 ) ) ;
#794 = AXIS2_PLACEMENT_3D ( 'NONE', #1307, #1467, #1023 ) ;
#795 = CARTESIAN_POINT ( 'NONE',  ( -24.98174180462081395, 19.55712069436376410, -0.9576354730426803741 ) ) ;
#796 = EDGE_LOOP ( 'NONE', ( #1823, #1813, #816 ) ) ;
#797 = ORIENTED_EDGE ( 'NONE', *, *, #1415, .T. ) ;
#798 = CARTESIAN_POINT ( 'NONE',  ( 24.96056579012875432, 20.27458907546041544, -1.403743576657723091 ) ) ;
#799 = CARTESIAN_POINT ( 'NONE',  ( -16.87671063596745213, 20.26801626289494251, 14.88058828216840368 ) ) ;
#800 = CARTESIAN_POINT ( 'NONE',  ( -16.85313617322228197, 21.11702381800046879, -14.90715029419962256 ) ) ;
#801 = CARTESIAN_POINT ( 'NONE',  ( 0.1899444107658575243, 19.20938914976636269, 22.49938935338372659 ) ) ;
#802 = CARTESIAN_POINT ( 'NONE',  ( 14.98894401112266372, 19.91942467776953407, 16.78055042302088751 ) ) ;
#803 = CARTESIAN_POINT ( 'NONE',  ( -1.153113156147969054, 21.53420241318773876, 22.47049420130820252 ) ) ;
#804 = CARTESIAN_POINT ( 'NONE',  ( 1.440610853894399135, 20.46005563602241750, -22.45384112872191196 ) ) ;
#805 = CARTESIAN_POINT ( 'NONE',  ( -17.40694562233677445, 22.06185725580960622, -17.94515835212963850 ) ) ;
#806 = VERTEX_POINT ( 'NONE', #783 ) ;
#807 = LINE ( 'NONE', #1411, #638 ) ;
#808 = CARTESIAN_POINT ( 'NONE',  ( -16.04438429111772990, 19.19984501878678884, 15.77543498698221569 ) ) ;
#809 = EDGE_CURVE ( 'NONE', #743, #1638, #1251, .T. ) ;
#810 = DIRECTION ( 'NONE',  ( -0.000000000000000000, -1.000000000000000000, -0.000000000000000000 ) ) ;
#811 = CARTESIAN_POINT ( 'NONE',  ( -17.21788521776729297, 21.95352747359352463, 18.12600727646976040 ) ) ;
#812 = LINE ( 'NONE', #1699, #575 ) ;
#813 = CARTESIAN_POINT ( 'NONE',  ( 0.8912183263668623789, 19.49068823876377010, -22.48274148493140245 ) ) ;
#814 = B_SPLINE_CURVE_WITH_KNOTS ( 'NONE', 3,
 ( #1030, #1357, #1211, #320, #300, #1810, #1180, #1491, #753, #1651, #586, #1770, #134, #281, #1801, #153, #1062, #163, #904, #915, #1040, #1509, #436, #465 ),
 .UNSPECIFIED., .F., .F.,
 ( 4, 2, 2, 2, 2, 2, 2, 2, 2, 2, 2, 4 ),
 ( 0.004534312584917973843, 0.005100972053355636374, 0.005667631521793298904, 0.005950961256012125833, 0.006234290990230952761, 0.006517620724449780557, 0.006800950458668607486, 0.007367609927106262210, 0.007650939661325087404, 0.007934269395543914333, 0.008500928863981564720, 0.009067588332419215108 ),
 .UNSPECIFIED. ) ;
#815 = ADVANCED_FACE ( 'NONE', ( #1819 ), #1260, .F. ) ;
#816 = ORIENTED_EDGE ( 'NONE', *, *, #1270, .F. ) ;
#817 = CARTESIAN_POINT ( 'NONE',  ( 22.45792473298419267, 20.18246647018832007, -1.375843935434940324 ) ) ;
#818 = ADVANCED_FACE ( 'NONE', ( #485, #208, #188, #1839 ), #1549, .T. ) ;
#819 = B_SPLINE_CURVE_WITH_KNOTS ( 'NONE', 3,
 ( #584, #576, #1178, #434, #1341, #1028, #1621, #307, #750, #1207, #1187, #289, #880, #1776, #1048, #19, #1479, #591, #441, #11, #141, #1195, #450, #370 ),
 .UNSPECIFIED., .F., .F.,
 ( 4, 2, 2, 2, 2, 2, 2, 2, 2, 2, 2, 4 ),
 ( 0.004534535684257334949, 0.005101222633952422550, 0.005667909583647510151, 0.005951253058495057854, 0.006234596533342604691, 0.006517940008190153262, 0.006801283483037700098, 0.007367970432732795505, 0.007651313907580345811, 0.007934657382427896116, 0.008501344332123001932, 0.009068031281818109482 ),
 .UNSPECIFIED. ) ;
#820 = LINE ( 'NONE', #1274, #1607 ) ;
#821 = CARTESIAN_POINT ( 'NONE',  ( -16.67789348513807468, 21.11700723971260274, 18.62388780166661206 ) ) ;
#822 = CARTESIAN_POINT ( 'NONE',  ( 1.403457206642568122, 21.02654011187321714, 22.45619408196216327 ) ) ;
#823 = B_SPLINE_CURVE_WITH_KNOTS ( 'NONE', 3,
 ( #562, #1069, #1894, #1809, #1159, #1748, #892, #1356, #924, #187, #1519, #418, #773, #299, #1150, #1739, #1508, #997, #1594, #263, #851, #113, #21, #13, #152, #740, #1343, #1455 ),
 .UNSPECIFIED., .F., .F.,
 ( 4, 2, 2, 2, 2, 2, 2, 2, 2, 2, 2, 2, 2, 4 ),
 ( 0.000000000000000000, 0.0002833945365573758588, 0.0005667890731147517177, 0.0008501836096721275765, 0.001133578146229503435, 0.001700367219344247997, 0.002267156292458992993, 0.002550550829016365491, 0.002833945365573737121, 0.003117339902131109619, 0.003400734438688481683, 0.003967523511803233184, 0.004250918048360603947, 0.004534312584917974710 ),
 .UNSPECIFIED. ) ;
#824 = CARTESIAN_POINT ( 'NONE',  ( -0.4676195542574488329, 22.02581618969043475, -24.99578059930366436 ) ) ;
#825 = FACE_BOUND ( 'NONE', #116, .T. ) ;
#826 = AXIS2_PLACEMENT_3D ( 'NONE', #407, #1291, #1424 ) ;
#827 = ORIENTED_EDGE ( 'NONE', *, *, #1720, .F. ) ;
#828 = CARTESIAN_POINT ( 'NONE',  ( 15.17766952966368699, 27.00000000000000000, -15.17766952966368521 ) ) ;
#829 = VECTOR ( 'NONE', #1042, 1000.000000000000000 ) ;
#830 = EDGE_CURVE ( 'NONE', #1765, #725, #1605, .T. ) ;
#831 = DIRECTION ( 'NONE',  ( -0.000000000000000000, -0.000000000000000000, -1.000000000000000000 ) ) ;
#832 = ORIENTED_EDGE ( 'NONE', *, *, #612, .T. ) ;
#833 = CARTESIAN_POINT ( 'NONE',  ( -0.7304178689849317729, 19.38305749195972894, -24.98994531378851036 ) ) ;
#834 = CARTESIAN_POINT ( 'NONE',  ( -14.85152577039425381, 20.45838077413024436, -16.90213543583518430 ) ) ;
#835 = DIRECTION ( 'NONE',  ( 1.000000000000000000, 0.000000000000000000, 0.000000000000000000 ) ) ;
#836 = CARTESIAN_POINT ( 'NONE',  ( -18.00460488850896468, 22.02617301739972433, -17.34479501082454078 ) ) ;
#837 = CYLINDRICAL_SURFACE ( 'NONE', #486, 1.449999999999998401 ) ;
#838 = CARTESIAN_POINT ( 'NONE',  ( 17.94189372936979154, 22.05349748567169854, -17.40968231922399312 ) ) ;
#839 = CARTESIAN_POINT ( 'NONE',  ( -1.449999999999999734, 20.55542351747135044, -24.95791457634230781 ) ) ;
#840 = CARTESIAN_POINT ( 'NONE',  ( -18.67321547392663916, 20.45839080608688221, 16.62260580848584368 ) ) ;
#841 = CARTESIAN_POINT ( 'NONE',  ( -0.3754948305231238237, 22.05372259493586284, -24.99735182823902591 ) ) ;
#842 = CARTESIAN_POINT ( 'NONE',  ( -16.88869486055935809, 21.60862671755550224, -18.43302654920858430 ) ) ;
#843 = ORIENTED_EDGE ( 'NONE', *, *, #688, .T. ) ;
#844 = CARTESIAN_POINT ( 'NONE',  ( 22.45617634195697221, 20.27457353012984598, -1.403739650135988448 ) ) ;
#845 = CARTESIAN_POINT ( 'NONE',  ( -16.04405302893842844, 22.09993220281346638, 15.77574594554255860 ) ) ;
#846 = ORIENTED_EDGE ( 'NONE', *, *, #1020, .T. ) ;
#847 = CARTESIAN_POINT ( 'NONE',  ( -22.48273757897856484, 19.49728280979001482, 0.8847196028506064680 ) ) ;
#848 = CARTESIAN_POINT ( 'NONE',  ( 2.755455271706670665E-15, 22.09999999999999787, 22.50000000000000355 ) ) ;
#849 = CARTESIAN_POINT ( 'NONE',  ( -24.95791457634231847, 20.64999999999999858, -1.449999999999912692 ) ) ;
#850 = CARTESIAN_POINT ( 'NONE',  ( -1.449999999999999956, 20.64999999999999858, -24.95791457634231492 ) ) ;
#851 = CARTESIAN_POINT ( 'NONE',  ( -24.98175350762995350, 21.74319718794887280, 0.9573833283336310451 ) ) ;
#852 = VECTOR ( 'NONE', #627, 1000.000000000000000 ) ;
#853 = CARTESIAN_POINT ( 'NONE',  ( 3.061616997402319681E-15, 19.19999999999999929, 25.00000000000000000 ) ) ;
#854 = VERTEX_POINT ( 'NONE', #1442 ) ;
#855 = AXIS2_PLACEMENT_3D ( 'NONE', #150, #1798, #297 ) ;
#856 = CARTESIAN_POINT ( 'NONE',  ( -16.90213543583513456, 20.64999999999999858, 14.85152577039431243 ) ) ;
#857 = ADVANCED_FACE ( 'NONE', ( #1463 ), #1600, .F. ) ;
#858 = ORIENTED_EDGE ( 'NONE', *, *, #1212, .F. ) ;
#859 = DIRECTION ( 'NONE',  ( 0.000000000000000000, 0.000000000000000000, 1.000000000000000000 ) ) ;
#860 = CARTESIAN_POINT ( 'NONE',  ( -18.67321547392663561, 20.64999999999999503, 16.62260580848583302 ) ) ;
#861 = CARTESIAN_POINT ( 'NONE',  ( -16.75945376599349146, 19.91924424913933933, -18.55063274558452591 ) ) ;
#862 = CARTESIAN_POINT ( 'NONE',  ( -1.860121582852140459E-16, 22.09999999999999787, -22.50000000000000355 ) ) ;
#863 = ORIENTED_EDGE ( 'NONE', *, *, #956, .T. ) ;
#864 = CARTESIAN_POINT ( 'NONE',  ( 14.85152577039413480, 20.64999999999999858, -16.90213543583529088 ) ) ;
#865 = VERTEX_POINT ( 'NONE', #268 ) ;
#866 = CARTESIAN_POINT ( 'NONE',  ( 18.67321547392675640, 20.84160919391312561, 16.62260580848571934 ) ) ;
#867 = EDGE_LOOP ( 'NONE', ( #1046, #1794 ) ) ;
#868 = EDGE_CURVE ( 'NONE', #445, #1449, #304, .T. ) ;
#869 = CARTESIAN_POINT ( 'NONE',  ( 17.40694562233665010, 19.23814274419038739, -17.94515835212976640 ) ) ;
#870 = DIRECTION ( 'NONE',  ( 0.7071067811865437980, -0.000000000000000000, -0.7071067811865513475 ) ) ;
#871 = DIRECTION ( 'NONE',  ( 0.7071067811865487940, -0.000000000000000000, 0.7071067811865463515 ) ) ;
#872 = CARTESIAN_POINT ( 'NONE',  ( 14.85152577039425559, 20.64999999999999858, 16.90213543583518430 ) ) ;
#873 = ORIENTED_EDGE ( 'NONE', *, *, #1750, .T. ) ;
#874 = CARTESIAN_POINT ( 'NONE',  ( 22.45619540389768432, 20.27337610836530146, 1.403436165165762528 ) ) ;
#875 = EDGE_CURVE ( 'NONE', #439, #743, #968, .T. ) ;
#876 = ORIENTED_EDGE ( 'NONE', *, *, #1074, .T. ) ;
#877 = CARTESIAN_POINT ( 'NONE',  ( 18.34190957279219347, 21.74287930563622950, 16.98760849900547143 ) ) ;
#878 = VERTEX_POINT ( 'NONE', #975 ) ;
#879 = CARTESIAN_POINT ( 'NONE',  ( -22.50000217560175031, 22.10003375933953507, 0.09408257723733373656 ) ) ;
#880 = CARTESIAN_POINT ( 'NONE',  ( 22.49999495990573806, 22.09992179161512382, 0.09685495138780655933 ) ) ;
#881 = CARTESIAN_POINT ( 'NONE',  ( 1.376059010711279562, 21.11690468642026985, 24.96212707966029143 ) ) ;
#882 = CARTESIAN_POINT ( 'NONE',  ( 14.85152577039424671, 20.83925014523462593, 16.90213543583519495 ) ) ;
#883 = CARTESIAN_POINT ( 'NONE',  ( -0.7260728619881516854, 19.39132087773833746, 24.98957824666174332 ) ) ;
#884 = ORIENTED_EDGE ( 'NONE', *, *, #126, .F. ) ;
#885 = CARTESIAN_POINT ( 'NONE',  ( 17.21792186099917288, 21.95356071929167641, -18.12597301558761131 ) ) ;
#886 = ORIENTED_EDGE ( 'NONE', *, *, #612, .F. ) ;
#887 = CARTESIAN_POINT ( 'NONE',  ( -22.45322916642503586, 20.64999999999999858, 1.450000000000078337 ) ) ;
#888 = VECTOR ( 'NONE', #101, 1000.000000000000000 ) ;
#889 = EDGE_CURVE ( 'NONE', #469, #1543, #1447, .T. ) ;
#890 = FACE_OUTER_BOUND ( 'NONE', #166, .T. ) ;
#891 = CARTESIAN_POINT ( 'NONE',  ( 0.4669437473880538869, 22.02604020913181060, 24.99579304436096194 ) ) ;
#892 = CARTESIAN_POINT ( 'NONE',  ( -24.96835910689542359, 21.37640257111855746, -1.258498767866815138 ) ) ;
#893 = CARTESIAN_POINT ( 'NONE',  ( 15.38754293305878385, 21.90808991253645033, 16.41583809326090559 ) ) ;
#894 = ADVANCED_FACE ( 'NONE', ( #1131 ), #246, .F. ) ;
#895 = ORIENTED_EDGE ( 'NONE', *, *, #1344, .T. ) ;
#896 = CARTESIAN_POINT ( 'NONE',  ( 1.411968863954208508, 20.26980547926989118, 24.96020002859057030 ) ) ;
#897 = ORIENTED_EDGE ( 'NONE', *, *, #1032, .T. ) ;
#898 = CARTESIAN_POINT ( 'NONE',  ( 17.15614221425029129, 21.90809916601697438, 18.18441645756570324 ) ) ;
#899 = ORIENTED_EDGE ( 'NONE', *, *, #1294, .T. ) ;
#900 = CARTESIAN_POINT ( 'NONE',  ( -22.48280609891320836, 19.49595515885233254, -0.8829748912303921893 ) ) ;
#901 = DIRECTION ( 'NONE',  ( -0.000000000000000000, -1.000000000000000000, -0.000000000000000000 ) ) ;
#902 = CARTESIAN_POINT ( 'NONE',  ( 15.63898598895932146, 19.23814780291335680, -16.17722424209476628 ) ) ;
#903 = CARTESIAN_POINT ( 'NONE',  ( -15.17766952966368166, 110.0000000000000000, -15.17766952966368521 ) ) ;
#904 = CARTESIAN_POINT ( 'NONE',  ( 24.98174180462080685, 21.74287930563622950, -0.9576354730428549011 ) ) ;
#905 = CARTESIAN_POINT ( 'NONE',  ( 16.52328743235755937, 21.80271719020998233, -15.27210497110917764 ) ) ;
#906 = EDGE_LOOP ( 'NONE', ( #1337, #832, #148, #785, #758, #1595, #909, #1254, #430, #168, #927, #651 ) ) ;
#907 = ORIENTED_EDGE ( 'NONE', *, *, #455, .F. ) ;
#908 = CARTESIAN_POINT ( 'NONE',  ( 0.000000000000000000, 30.00000000000000000, -25.00000000000000000 ) ) ;
#909 = ORIENTED_EDGE ( 'NONE', *, *, #1365, .F. ) ;
#910 = CARTESIAN_POINT ( 'NONE',  ( -22.47055696795204938, 19.75766262175231702, -1.158460182011916029 ) ) ;
#911 = CYLINDRICAL_SURFACE ( 'NONE', #1792, 1.449999999999999956 ) ;
#912 = CARTESIAN_POINT ( 'NONE',  ( -25.00000000000005684, 20.64999999999999858, -24.99999999999996803 ) ) ;
#913 = PLANE ( 'NONE',  #1361 ) ;
#914 = ADVANCED_FACE ( 'NONE', ( #1284, #1497, #462, #1333 ), #601, .F. ) ;
#915 = CARTESIAN_POINT ( 'NONE',  ( 24.97350390260789155, 21.54232477796357514, -1.158473130591943567 ) ) ;
#916 = PLANE ( 'NONE',  #216 ) ;
#917 = ORIENTED_EDGE ( 'NONE', *, *, #352, .T. ) ;
#918 = CARTESIAN_POINT ( 'NONE',  ( 24.97622873202896088, 19.69137328244449492, -1.092007409445268751 ) ) ;
#919 = CARTESIAN_POINT ( 'NONE',  ( -15.17766952966368166, 110.0000000000000000, -15.17766952966368521 ) ) ;
#920 = VECTOR ( 'NONE', #859, 1000.000000000000000 ) ;
#921 = CARTESIAN_POINT ( 'NONE',  ( -1.159406567914881059, 21.54110570352599296, -22.47050727335119902 ) ) ;
#922 = ADVANCED_FACE ( 'NONE', ( #1059 ), #911, .F. ) ;
#923 = AXIS2_PLACEMENT_3D ( 'NONE', #1583, #1437, #93 ) ;
#924 = CARTESIAN_POINT ( 'NONE',  ( -24.97622873202896443, 21.60862671755550224, -1.092007409445094002 ) ) ;
#925 = DIRECTION ( 'NONE',  ( 0.7071067811865487940, -0.000000000000000000, 0.7071067811865463515 ) ) ;
#926 = DIRECTION ( 'NONE',  ( 0.000000000000000000, 0.000000000000000000, 1.000000000000000000 ) ) ;
#927 = ORIENTED_EDGE ( 'NONE', *, *, #477, .T. ) ;
#928 = ORIENTED_EDGE ( 'NONE', *, *, #550, .T. ) ;
#929 = CARTESIAN_POINT ( 'NONE',  ( 18.67321547392674930, 20.64999999999999858, 16.62260580848570868 ) ) ;
#930 = CARTESIAN_POINT ( 'NONE',  ( -15.38754293305866483, 19.39191008746355038, 16.41583809326101218 ) ) ;
#931 = CARTESIAN_POINT ( 'NONE',  ( -14.90728229346986744, 21.11753352981168419, -16.85301944667056517 ) ) ;
#932 = CARTESIAN_POINT ( 'NONE',  ( 15.57668649224816271, 19.27383216290139245, 16.23651903821801668 ) ) ;
#933 = CARTESIAN_POINT ( 'NONE',  ( -16.98643519662399370, 19.55853030592676944, 18.34299560218558511 ) ) ;
#934 = CARTESIAN_POINT ( 'NONE',  ( 15.06992815864214208, 21.54233737824768369, -16.70823825951288200 ) ) ;
#935 = FACE_OUTER_BOUND ( 'NONE', #1202, .T. ) ;
#936 = EDGE_LOOP ( 'NONE', ( #1316, #1493 ) ) ;
#937 = CARTESIAN_POINT ( 'NONE',  ( 17.61114746494688887, 19.19996630481195155, 17.74419435820746216 ) ) ;
#938 = CARTESIAN_POINT ( 'NONE',  ( -16.70823825951271857, 19.75766262175232058, 15.06992815864231439 ) ) ;
#939 = CARTESIAN_POINT ( 'NONE',  ( -16.41579241234133946, 21.90810425832129482, -15.38759039447633903 ) ) ;
#940 = FILL_AREA_STYLE ('',( #781 ) ) ;
#941 = CARTESIAN_POINT ( 'NONE',  ( 15.64182325321122491, 19.24643722973135951, 16.17380645605726386 ) ) ;
#942 = CARTESIAN_POINT ( 'NONE',  ( -17.81212381685475776, 19.19984392139582141, 17.54322804472012365 ) ) ;
#943 = LINE ( 'NONE', #1671, #1013 ) ;
#944 = ORIENTED_EDGE ( 'NONE', *, *, #889, .F. ) ;
#945 = VERTEX_POINT ( 'NONE', #170 ) ;
#946 = CARTESIAN_POINT ( 'NONE',  ( 25.00000195432077987, 19.19996630481195155, 0.09407836044031545053 ) ) ;
#947 = CARTESIAN_POINT ( 'NONE',  ( -15.84141221989453996, 19.20007820838486978, 15.97838580573044887 ) ) ;
#948 = CARTESIAN_POINT ( 'NONE',  ( -14.99515260415218876, 21.37641663017161520, -16.77492699034736390 ) ) ;
#949 = CARTESIAN_POINT ( 'NONE',  ( 14.90715029419968118, 20.18297618199952481, 16.85313617322222868 ) ) ;
#950 = DIRECTION ( 'NONE',  ( 0.000000000000000000, 1.000000000000000000, 0.000000000000000000 ) ) ;
#951 = VECTOR ( 'NONE', #1520, 1000.000000000000000 ) ;
#952 = CARTESIAN_POINT ( 'NONE',  ( -24.99775500781171189, 19.23736857897700148, -0.3783760861333259062 ) ) ;
#953 = CARTESIAN_POINT ( 'NONE',  ( -18.12600727646970711, 21.95352747359352463, -17.21788521776734981 ) ) ;
#954 = ORIENTED_EDGE ( 'NONE', *, *, #1156, .T. ) ;
#955 = CARTESIAN_POINT ( 'NONE',  ( 0.8919288966758718296, 21.80876116645878326, -24.98444244939697967 ) ) ;
#956 = EDGE_CURVE ( 'NONE', #1534, #1381, #1017, .T. ) ;
#957 = DIRECTION ( 'NONE',  ( 0.7071067811865487940, -0.000000000000000000, 0.7071067811865463515 ) ) ;
#958 = DIRECTION ( 'NONE',  ( -1.962615573354718404E-16, 0.000000000000000000, -1.000000000000000000 ) ) ;
#959 = CARTESIAN_POINT ( 'NONE',  ( 16.77492699034741364, 19.92358336982837130, 14.99515260415213724 ) ) ;
#960 = LINE ( 'NONE', #229, #1047 ) ;
#961 = ADVANCED_FACE ( 'NONE', ( #890 ), #1786, .F. ) ;
#962 = CARTESIAN_POINT ( 'NONE',  ( -17.67766952966369587, 40.00000000000017764, -17.67766952966369232 ) ) ;
#963 = FACE_BOUND ( 'NONE', #420, .T. ) ;
#964 = VERTEX_POINT ( 'NONE', #1166 ) ;
#965 = LINE ( 'NONE', #1288, #1825 ) ;
#966 = CARTESIAN_POINT ( 'NONE',  ( 3.061616997868383043E-15, 32.67766952966378824, 25.00000000000000000 ) ) ;
#967 = CARTESIAN_POINT ( 'NONE',  ( 16.66338654120712803, 19.69136816274694723, 15.11906187889732678 ) ) ;
#968 = LINE ( 'NONE', #388, #888 ) ;
#969 = B_SPLINE_CURVE_WITH_KNOTS ( 'NONE', 3,
 ( #1300, #531, #1436, #1130, #259, #1715, #847, #1450, #1153, #28, #449, #471, #1027, #611, #1655, #139, #1352, #900, #1066, #910, #18, #1620, #10, #1205 ),
 .UNSPECIFIED., .F., .F.,
 ( 4, 2, 2, 2, 2, 2, 2, 2, 2, 2, 2, 4 ),
 ( 0.004534535684257335816, 0.005101222633952429489, 0.005667909583647523161, 0.005951253058495073467, 0.006234596533342623773, 0.006517940008190174078, 0.006801283483037723517, 0.007367970432732823260, 0.007651313907580371831, 0.007934657382427920402, 0.008501344332123015810, 0.009068031281818111217 ),
 .UNSPECIFIED. ) ;
#970 = CARTESIAN_POINT ( 'NONE',  ( 17.67766952966369587, 40.00000000000012790, 17.67766952966373495 ) ) ;
#971 = DIRECTION ( 'NONE',  ( -0.000000000000000000, -0.000000000000000000, -1.000000000000000000 ) ) ;
#972 = CARTESIAN_POINT ( 'NONE',  ( -17.67766952966369587, 110.0000000000000000, -17.67766952966369232 ) ) ;
#973 = CARTESIAN_POINT ( 'NONE',  ( 18.62388780166643798, 20.18299276028738376, -16.67789348513827363 ) ) ;
#974 = B_SPLINE_CURVE_WITH_KNOTS ( 'NONE', 3,
 ( #569, #1169, #1567, #841, #824, #1293, #1149, #86, #1278, #1737, #410, #1871, #996, #850 ),
 .UNSPECIFIED., .F., .F.,
 ( 4, 2, 2, 2, 2, 2, 4 ),
 ( 2.239778060411505137E-19, 0.0002834591954610163615, 0.0005669183909220326147, 0.0008503775863830488136, 0.001133836781844065229, 0.001700755172766105433, 0.002267673563688146071 ),
 .UNSPECIFIED. ) ;
#975 = CARTESIAN_POINT ( 'NONE',  ( -15.17766952966368166, 27.00000000000000000, -15.17766952966368521 ) ) ;
#976 = FACE_OUTER_BOUND ( 'NONE', #285, .T. ) ;
#977 = AXIS2_PLACEMENT_3D ( 'NONE', #759, #2, #1036 ) ;
#978 = CARTESIAN_POINT ( 'NONE',  ( -17.67766952966369587, 40.00000000000012790, -17.67766952966373495 ) ) ;
#979 = VECTOR ( 'NONE', #1406, 1000.000000000000000 ) ;
#980 = B_SPLINE_CURVE_WITH_KNOTS ( 'NONE', 3,
 ( #929, #470, #1226, #1075, #490, #1664, #1525, #1098, #193, #778, #48, #630, #1674, #937, #357, #75, #1440, #696, #239, #662, #1128, #1122, #519, #394, #1864, #82, #547, #1579 ),
 .UNSPECIFIED., .F., .F.,
 ( 4, 2, 2, 2, 2, 2, 2, 2, 2, 2, 2, 2, 2, 4 ),
 ( 0.000000000000000000, 0.0002833945365573716847, 0.0005667890731147433693, 0.0008501836096721149998, 0.001133578146229486739, 0.001700367219344237372, 0.002267156292458987789, 0.002550550829016359419, 0.002833945365573731050, 0.003117339902131103114, 0.003400734438688474744, 0.003967523511803212367, 0.004250918048360587467, 0.004534312584917960832 ),
 .UNSPECIFIED. ) ;
#981 = CARTESIAN_POINT ( 'NONE',  ( -15.17766952966368166, 27.00000000000000000, 15.17766952966368699 ) ) ;
#982 = CIRCLE ( 'NONE', #1083, 22.50000000000000355 ) ;
#983 = CARTESIAN_POINT ( 'NONE',  ( 18.29227674958227112, 21.80271691475243401, -17.04109236212453382 ) ) ;
#984 = ORIENTED_EDGE ( 'NONE', *, *, #728, .T. ) ;
#985 = CARTESIAN_POINT ( 'NONE',  ( -1.376040227482038247, 20.18305631460697214, -24.96212806690417452 ) ) ;
#986 = CARTESIAN_POINT ( 'NONE',  ( -16.57378764204314336, 19.55852982641097171, -15.21722817131544581 ) ) ;
#987 = DIRECTION ( 'NONE',  ( 0.7071067811865437980, -0.000000000000000000, -0.7071067811865513475 ) ) ;
#988 = DIRECTION ( 'NONE',  ( 0.000000000000000000, 0.000000000000000000, -1.000000000000000000 ) ) ;
#989 = VERTEX_POINT ( 'NONE', #1900 ) ;
#990 = CARTESIAN_POINT ( 'NONE',  ( 22.45322916642503586, 20.55416840616723206, -1.450000000000078559 ) ) ;
#991 = ADVANCED_FACE ( 'NONE', ( #317 ), #1488, .T. ) ;
#992 = CARTESIAN_POINT ( 'NONE',  ( 0.1915209053475345202, 22.09999999999999432, -22.50000000000000355 ) ) ;
#993 = CARTESIAN_POINT ( 'NONE',  ( -1.257938570510828580, 19.92266716928679671, -24.96838707075099251 ) ) ;
#994 = CARTESIAN_POINT ( 'NONE',  ( -16.78101521098894722, 19.92097978410128789, -14.98842097788243244 ) ) ;
#995 = CARTESIAN_POINT ( 'NONE',  ( -24.99576334194227201, 19.27449740207909556, 0.4685145597307098231 ) ) ;
#996 = CARTESIAN_POINT ( 'NONE',  ( -1.450000000000000844, 20.83923928996382102, -24.95791457634231847 ) ) ;
#997 = CARTESIAN_POINT ( 'NONE',  ( -24.99190605620334438, 21.95352747359353174, 0.6421392658535632902 ) ) ;
#998 = EDGE_CURVE ( 'NONE', #1073, #1325, #1614, .T. ) ;
#999 = CARTESIAN_POINT ( 'NONE',  ( 22.47972415281214253, 19.55680824687536656, 0.9573897386629512951 ) ) ;
#1000 = CARTESIAN_POINT ( 'NONE',  ( -17.67766952966368876, 40.00000000000017764, 17.67766952966369232 ) ) ;
#1001 = CARTESIAN_POINT ( 'NONE',  ( 15.17766952966368699, 27.00000000000000000, 15.17766952966368699 ) ) ;
#1002 = B_SPLINE_CURVE_WITH_KNOTS ( 'NONE', 3,
 ( #581, #1896, #1751, #563, #883, #587, #302, #1190, #1915, #705, #1617, #1482 ),
 .UNSPECIFIED., .F., .F.,
 ( 4, 2, 2, 2, 2, 4 ),
 ( 0.006802121818967442855, 0.007368488447330390038, 0.007651671761511861895, 0.007934855075693332885, 0.008501221704056276599, 0.009067588332419220312 ),
 .UNSPECIFIED. ) ;
#1003 = CARTESIAN_POINT ( 'NONE',  ( -18.55063274558445841, 19.91924424913932867, 16.75945376599354830 ) ) ;
#1004 = CARTESIAN_POINT ( 'NONE',  ( 0.1893472328053664999, 19.20000000000000639, -22.50000000000000000 ) ) ;
#1005 = CARTESIAN_POINT ( 'NONE',  ( -24.99999999999986855, 20.64999999999999858, 25.00000000000013500 ) ) ;
#1006 = LINE ( 'NONE', #1650, #513 ) ;
#1007 = APPLICATION_PROTOCOL_DEFINITION ( 'draft international standard', 'automotive_design', 1998, #1649 ) ;
#1008 = AXIS2_PLACEMENT_3D ( 'NONE', #903, #1499, #1210 ) ;
#1009 = CARTESIAN_POINT ( 'NONE',  ( 1.449999999999999956, 20.64999999999999858, 24.95791457634231492 ) ) ;
#1010 = EDGE_CURVE ( 'NONE', #725, #1320, #1909, .T. ) ;
#1011 = VECTOR ( 'NONE', #810, 1000.000000000000000 ) ;
#1012 = ORIENTED_EDGE ( 'NONE', *, *, #1562, .T. ) ;
#1013 = VECTOR ( 'NONE', #341, 1000.000000000000000 ) ;
#1014 = CARTESIAN_POINT ( 'NONE',  ( 18.47809816598669741, 21.54232477796357870, 16.83976975305882107 ) ) ;
#1015 = EDGE_LOOP ( 'NONE', ( #756, #1362, #46, #1542, #1821, #746 ) ) ;
#1016 = CARTESIAN_POINT ( 'NONE',  ( -1.303361947206797655, 20.00752762895938375, -24.96602835796569053 ) ) ;
#1017 = LINE ( 'NONE', #1313, #59 ) ;
#1018 = CARTESIAN_POINT ( 'NONE',  ( -24.98446490105517270, 19.49728308524756670, 0.8847209648863226805 ) ) ;
#1019 = CARTESIAN_POINT ( 'NONE',  ( 15.27210497110911902, 21.80271719020997878, 16.52328743235761266 ) ) ;
#1020 = EDGE_CURVE ( 'NONE', #1024, #1279, #520, .T. ) ;
#1021 = EDGE_CURVE ( 'NONE', #155, #243, #1755, .T. ) ;
#1022 = ORIENTED_EDGE ( 'NONE', *, *, #1181, .T. ) ;
#1023 = DIRECTION ( 'NONE',  ( -2.392722035830078873E-15, 0.000000000000000000, -1.000000000000000000 ) ) ;
#1024 = VERTEX_POINT ( 'NONE', #738 ) ;
#1025 = CARTESIAN_POINT ( 'NONE',  ( 16.65108426711850953, 21.02999933591251391, 18.64796567370368052 ) ) ;
#1026 = ORIENTED_EDGE ( 'NONE', *, *, #1156, .F. ) ;
#1027 = CARTESIAN_POINT ( 'NONE',  ( -22.49999495990574516, 19.20007820838487334, 0.09685495138796355874 ) ) ;
#1028 = CARTESIAN_POINT ( 'NONE',  ( 22.47964286243462340, 21.74147017358903256, 0.9592324008342689723 ) ) ;
#1029 = CARTESIAN_POINT ( 'NONE',  ( 1.159312086190025237, 19.75878209623921933, 22.47051198784502901 ) ) ;
#1030 = CARTESIAN_POINT ( 'NONE',  ( 24.95791457634231847, 20.64999999999999858, 1.449999999999912914 ) ) ;
#1031 = CARTESIAN_POINT ( 'NONE',  ( 22.49938852668176281, 19.20940094890374183, 0.1901733107454716687 ) ) ;
#1032 = EDGE_CURVE ( 'NONE', #1, #1073, #819, .T. ) ;
#1033 = EDGE_LOOP ( 'NONE', ( #1371, #1318 ) ) ;
#1034 = CARTESIAN_POINT ( 'NONE',  ( 17.04238154066246835, 21.80405596669505996, -18.29107553703549982 ) ) ;
#1035 = ORIENTED_EDGE ( 'NONE', *, *, #526, .T. ) ;
#1036 = DIRECTION ( 'NONE',  ( 0.7071067811865463515, 0.000000000000000000, -0.7071067811865487940 ) ) ;
#1037 = DIRECTION ( 'NONE',  ( 0.7071067811865487940, -0.000000000000000000, 0.7071067811865463515 ) ) ;
#1038 = ADVANCED_FACE ( 'NONE', ( #337 ), #69, .F. ) ;
#1039 = CARTESIAN_POINT ( 'NONE',  ( 16.85313617322217539, 20.18297618199953192, -14.90715029419974336 ) ) ;
#1040 = CARTESIAN_POINT ( 'NONE',  ( 24.96800161662044815, 21.38075575086066138, -1.266554802787758449 ) ) ;
#1041 = ORIENTED_EDGE ( 'NONE', *, *, #875, .T. ) ;
#1042 = DIRECTION ( 'NONE',  ( 1.000000000000000000, 0.000000000000000000, 0.000000000000000000 ) ) ;
#1043 = EDGE_LOOP ( 'NONE', ( #1645, #1569, #717, #1410, #277, #767 ) ) ;
#1044 = VERTEX_POINT ( 'NONE', #1218 ) ;
#1045 = CARTESIAN_POINT ( 'NONE',  ( -15.17766952966368166, 110.0000000000000000, -15.17766952966368521 ) ) ;
#1046 = ORIENTED_EDGE ( 'NONE', *, *, #1085, .F. ) ;
#1047 = VECTOR ( 'NONE', #1659, 1000.000000000000000 ) ;
#1048 = CARTESIAN_POINT ( 'NONE',  ( 22.49750484562736119, 22.06261894554025815, -0.3784141784450147372 ) ) ;
#1049 = CARTESIAN_POINT ( 'NONE',  ( 15.77574594554239873, 19.20006779718653434, -16.04405302893859542 ) ) ;
#1050 = DIRECTION ( 'NONE',  ( 1.000000000000000000, -0.000000000000000000, -3.491481338843133750E-15 ) ) ;
#1051 = CARTESIAN_POINT ( 'NONE',  ( -1.450000000000000400, 20.74585349424560476, 22.45322916642505007 ) ) ;
#1052 = EDGE_LOOP ( 'NONE', ( #1193, #1174 ) ) ;
#1053 = CARTESIAN_POINT ( 'NONE',  ( -18.64796567370374447, 20.27000066408748324, -16.65108426711844203 ) ) ;
#1054 = EDGE_LOOP ( 'NONE', ( #1351, #1486, #1057, #917 ) ) ;
#1055 = ORIENTED_EDGE ( 'NONE', *, *, #127, .F. ) ;
#1056 = CARTESIAN_POINT ( 'NONE',  ( 24.96212893586396930, 20.18299276028738376, 1.376025777367593461 ) ) ;
#1057 = ORIENTED_EDGE ( 'NONE', *, *, #51, .T. ) ;
#1058 = CARTESIAN_POINT ( 'NONE',  ( -22.48838764737244134, 21.90810425832129127, 0.7270486192620693178 ) ) ;
#1059 = FACE_OUTER_BOUND ( 'NONE', #293, .T. ) ;
#1060 = CARTESIAN_POINT ( 'NONE',  ( -1.449999999999999956, 20.64999999999999858, -24.95791457634231492 ) ) ;
#1061 = DIRECTION ( 'NONE',  ( -0.000000000000000000, -0.000000000000000000, 1.000000000000000000 ) ) ;
#1062 = CARTESIAN_POINT ( 'NONE',  ( 24.98959805026393610, 21.90907162514974971, -0.7253979358229207808 ) ) ;
#1063 = CARTESIAN_POINT ( 'NONE',  ( -17.67766952966368876, 40.00000000000017764, 17.67766952966369232 ) ) ;
#1064 = ORIENTED_EDGE ( 'NONE', *, *, #550, .F. ) ;
#1065 = LINE ( 'NONE', #27, #1397 ) ;
#1066 = CARTESIAN_POINT ( 'NONE',  ( -22.47971103846787955, 19.55712889155461198, -0.9576438470572056216 ) ) ;
#1067 = CARTESIAN_POINT ( 'NONE',  ( -14.85861096818663718, 20.84005662128004488, -16.89591728798753323 ) ) ;
#1068 = CARTESIAN_POINT ( 'NONE',  ( 1.266942606994497345, 21.38041767450247121, 24.96798276591160004 ) ) ;
#1069 = CARTESIAN_POINT ( 'NONE',  ( -24.95791457634232557, 20.74582650910053516, -1.449999999999912914 ) ) ;
#1070 = CARTESIAN_POINT ( 'NONE',  ( -0.8911061442114303066, 21.80940622319045730, 22.48274619688037390 ) ) ;
#1071 = CARTESIAN_POINT ( 'NONE',  ( -17.15738044098874227, 19.39092837485024035, -18.18324803994678263 ) ) ;
#1072 = ORIENTED_EDGE ( 'NONE', *, *, #1294, .F. ) ;
#1073 = VERTEX_POINT ( 'NONE', #1384 ) ;
#1074 = EDGE_CURVE ( 'NONE', #480, #964, #1700, .T. ) ;
#1075 = CARTESIAN_POINT ( 'NONE',  ( 18.64238193455469883, 20.27458907546041544, 16.65718873035130798 ) ) ;
#1076 = CARTESIAN_POINT ( 'NONE',  ( -16.41467061585170484, 19.39093414656143111, 15.38878823406727214 ) ) ;
#1077 = CIRCLE ( 'NONE', #1725, 25.00000000000000000 ) ;
#1078 = CARTESIAN_POINT ( 'NONE',  ( -17.67766952966369587, 110.0000000000000000, -17.67766952966369232 ) ) ;
#1079 = VECTOR ( 'NONE', #1372, 1000.000000000000000 ) ;
#1080 = B_SPLINE_CURVE_WITH_KNOTS ( 'NONE', 3,
 ( #1592, #1314, #408, #1756, #363, #1901, #1018, #658, #701, #995, #415, #1615, #1261, #1891, #952, #1303, #1701, #1417, #795, #261, #1155, #373, #1746, #849 ),
 .UNSPECIFIED., .F., .F.,
 ( 4, 2, 2, 2, 2, 2, 2, 2, 2, 2, 2, 4 ),
 ( 0.004534312584917974710, 0.005100972053355634639, 0.005667631521793294568, 0.005950961256012120629, 0.006234290990230945823, 0.006517620724449771884, 0.006800950458668597945, 0.007367609927106250067, 0.007650939661325076996, 0.007934269395543903924, 0.008500928863981559516, 0.009067588332419215108 ),
 .UNSPECIFIED. ) ;
#1081 = CARTESIAN_POINT ( 'NONE',  ( 16.17722424209469523, 19.23814780291334969, 15.63898598895937653 ) ) ;
#1082 = CARTESIAN_POINT ( 'NONE',  ( -0.1892497742772819014, 22.09999999999999787, 22.50000000000000711 ) ) ;
#1083 = AXIS2_PLACEMENT_3D ( 'NONE', #1780, #556, #444 ) ;
#1084 = EDGE_CURVE ( 'NONE', #135, #1760, #1257, .T. ) ;
#1085 = EDGE_CURVE ( 'NONE', #1449, #445, #1302, .T. ) ;
#1086 = CARTESIAN_POINT ( 'NONE',  ( -24.99999999999986855, 20.64999999999999858, 25.00000000000013500 ) ) ;
#1087 = ORIENTED_EDGE ( 'NONE', *, *, #505, .F. ) ;
#1088 = ORIENTED_EDGE ( 'NONE', *, *, #703, .T. ) ;
#1089 = CARTESIAN_POINT ( 'NONE',  ( 24.98954979995799874, 19.39188705141969038, 0.7270340495658369484 ) ) ;
#1090 = CARTESIAN_POINT ( 'NONE',  ( -15.77440617405585854, 19.20953188716349658, 16.04452240550350339 ) ) ;
#1091 = CARTESIAN_POINT ( 'NONE',  ( 3.061616997868383043E-15, 30.00000000000000000, 25.00000000000000000 ) ) ;
#1092 = CARTESIAN_POINT ( 'NONE',  ( -17.40980891532865726, 22.05356634839441554, 17.94177256910800011 ) ) ;
#1093 = CARTESIAN_POINT ( 'NONE',  ( -17.34338393775125908, 19.27449740207909912, 18.00596358229174854 ) ) ;
#1094 = CYLINDRICAL_SURFACE ( 'NONE', #1427, 1.449999999999998179 ) ;
#1095 = ORIENTED_EDGE ( 'NONE', *, *, #1181, .F. ) ;
#1096 = ORIENTED_EDGE ( 'NONE', *, *, #1085, .T. ) ;
#1097 = PRODUCT_RELATED_PRODUCT_CATEGORY ( 'part', '', ( #257 ) ) ;
#1098 = CARTESIAN_POINT ( 'NONE',  ( 18.47436271321452139, 19.76598191829889828, 16.84341705178016468 ) ) ;
#1099 = CARTESIAN_POINT ( 'NONE',  ( -1.258413883282513135, 21.37655257189002356, 24.96836343417739812 ) ) ;
#1100 = CARTESIAN_POINT ( 'NONE',  ( 1.450000000000000178, 20.84128104375336576, -22.45322916642504296 ) ) ;
#1101 = CARTESIAN_POINT ( 'NONE',  ( 2.755455297896063857E-15, 19.19999999999999929, 22.50000000000000355 ) ) ;
#1102 = CARTESIAN_POINT ( 'NONE',  ( 16.90213543583523403, 20.64999999999999503, 14.85152577039419519 ) ) ;
#1103 = EDGE_CURVE ( 'NONE', #1694, #1279, #1827, .T. ) ;
#1104 = CARTESIAN_POINT ( 'NONE',  ( -17.60918382057531062, 19.20007876753756904, 17.74614877789525735 ) ) ;
#1105 = B_SPLINE_CURVE_WITH_KNOTS ( 'NONE', 3,
 ( #1433, #91, #538, #681, #1875, #1722, #983, #396, #1581, #251, #838, #98, #1881, #303, #1460, #885, #1618, #1034, #128, #8, #1773, #1203, #1795, #588 ),
 .UNSPECIFIED., .F., .F.,
 ( 4, 2, 2, 2, 2, 2, 2, 2, 2, 2, 2, 4 ),
 ( 0.004534312584917966037, 0.005100972053355615557, 0.005667631521793265945, 0.005950961256012093741, 0.006234290990230922404, 0.006517620724449751934, 0.006800950458668579730, 0.007367609927106229251, 0.007650939661325056179, 0.007934269395543883108, 0.008500928863981536965, 0.009067588332419190822 ),
 .UNSPECIFIED. ) ;
#1106 = FACE_OUTER_BOUND ( 'NONE', #1841, .T. ) ;
#1107 = ORIENTED_EDGE ( 'NONE', *, *, #7, .F. ) ;
#1108 = ORIENTED_EDGE ( 'NONE', *, *, #1762, .T. ) ;
#1109 =( BOUNDED_CURVE ( )  B_SPLINE_CURVE ( 3, ( #970, #516, #248, #1886 ),
 .UNSPECIFIED., .F., .F. ) 
 B_SPLINE_CURVE_WITH_KNOTS ( ( 4, 4 ),
 ( 5.497787143782138841, 6.283185307179586232 ),
 .UNSPECIFIED. ) 
 CURVE ( )  GEOMETRIC_REPRESENTATION_ITEM ( )  RATIONAL_B_SPLINE_CURVE ( ( 1.000000000000000000, 0.9492530216741912330, 0.9492530216741912330, 1.000000000000000000 ) ) 
 REPRESENTATION_ITEM ( '' )  );
#1110 = CARTESIAN_POINT ( 'NONE',  ( 1.412357178447563255, 21.02934200036963475, -24.96017946814422928 ) ) ;
#1111 = CARTESIAN_POINT ( 'NONE',  ( -15.27210497110899823, 19.49728280979001482, 16.52328743235772635 ) ) ;
#1112 = CARTESIAN_POINT ( 'NONE',  ( -1.267415432139601394, 21.37928128912725612, -22.46439184040528048 ) ) ;
#1113 = DIRECTION ( 'NONE',  ( -1.000000000000000000, 0.000000000000000000, 0.000000000000000000 ) ) ;
#1114 = CARTESIAN_POINT ( 'NONE',  ( 16.87150839655025081, 20.27457353012984598, 14.88632074528713645 ) ) ;
#1115 = CARTESIAN_POINT ( 'NONE',  ( -16.62260580848563762, 20.64999999999999858, 18.67321547392680969 ) ) ;
#1116 = VECTOR ( 'NONE', #763, 1000.000000000000000 ) ;
#1117 = VECTOR ( 'NONE', #870, 1000.000000000000000 ) ;
#1118 = CARTESIAN_POINT ( 'NONE',  ( 28.03300858899106984, 29.64466094067268287, 7.322330470336324559 ) ) ;
#1119 = AXIS2_PLACEMENT_3D ( 'NONE', #775, #478, #926 ) ;
#1120 = CARTESIAN_POINT ( 'NONE',  ( -16.73226621045692397, 21.29311942374651778, -18.57505306457328942 ) ) ;
#1121 = ORIENTED_EDGE ( 'NONE', *, *, #1230, .T. ) ;
#1122 = CARTESIAN_POINT ( 'NONE',  ( 16.83828573573217469, 19.75981870506662119, 18.47946152070586834 ) ) ;
#1123 = FACE_BOUND ( 'NONE', #1184, .T. ) ;
#1124 = CARTESIAN_POINT ( 'NONE',  ( -14.85152577039413657, 20.64999999999999858, 16.90213543583529088 ) ) ;
#1125 = CARTESIAN_POINT ( 'NONE',  ( 16.90213543583523759, 20.55416840616722851, 14.85152577039420407 ) ) ;
#1126 = CARTESIAN_POINT ( 'NONE',  ( -16.90213543583524114, 20.46074985476538188, -14.85152577039419342 ) ) ;
#1127 = CARTESIAN_POINT ( 'NONE',  ( -0.6428399733338517885, 19.34681407760310989, 22.49098651092256773 ) ) ;
#1128 = CARTESIAN_POINT ( 'NONE',  ( 16.98779506751639801, 19.55680281205112792, 18.34173955483553087 ) ) ;
#1129 = LINE ( 'NONE', #385, #517 ) ;
#1130 = CARTESIAN_POINT ( 'NONE',  ( -22.46438376362424094, 19.92097978410128079, 1.267555538145553884 ) ) ;
#1131 = FACE_OUTER_BOUND ( 'NONE', #448, .T. ) ;
#1132 = CARTESIAN_POINT ( 'NONE',  ( 0.000000000000000000, 20.64999999999999858, 25.00000000000000355 ) ) ;
#1133 = CARTESIAN_POINT ( 'NONE',  ( -28.03300858899107695, 29.64466094067268287, 7.322330470336315678 ) ) ;
#1134 = LINE ( 'NONE', #981, #395 ) ;
#1135 = CARTESIAN_POINT ( 'NONE',  ( 0.3817906435131568355, 22.06151091031693667, -22.49743632564206663 ) ) ;
#1136 = ORIENTED_EDGE ( 'NONE', *, *, #1711, .T. ) ;
#1137 = CARTESIAN_POINT ( 'NONE',  ( 14.85152577039425559, 20.64999999999999858, 16.90213543583518430 ) ) ;
#1138 = CARTESIAN_POINT ( 'NONE',  ( -15.21839965619897939, 19.55712889155461909, -16.57271257263048625 ) ) ;
#1139 = LINE ( 'NONE', #1315, #1911 ) ;
#1140 = CIRCLE ( 'NONE', #1574, 22.50000000000000355 ) ;
#1141 = CARTESIAN_POINT ( 'NONE',  ( -16.65718873035136482, 21.02541092453958882, -18.64238193455464554 ) ) ;
#1142 = VECTOR ( 'NONE', #1624, 1000.000000000000000 ) ;
#1143 = ORIENTED_EDGE ( 'NONE', *, *, #1103, .F. ) ;
#1144 = CARTESIAN_POINT ( 'NONE',  ( 1.258679217508735571, 21.37607269320864489, -24.96834979880329897 ) ) ;
#1145 = CARTESIAN_POINT ( 'NONE',  ( -14.88654882039493188, 21.02662389163469570, 16.87130727909751826 ) ) ;
#1146 = CARTESIAN_POINT ( 'NONE',  ( 0.000000000000000000, 0.000000000000000000, 0.000000000000000000 ) ) ;
#1147 = CARTESIAN_POINT ( 'NONE',  ( 0.3765855871622688089, 22.05344939514930047, 22.49704042204579579 ) ) ;
#1148 = CARTESIAN_POINT ( 'NONE',  ( 1.091890988679480756, 19.69124167013331572, -22.47359022863764366 ) ) ;
#1149 = CARTESIAN_POINT ( 'NONE',  ( -0.7265527709400269041, 21.90841377064923279, -24.98956462302870563 ) ) ;
#1150 = CARTESIAN_POINT ( 'NONE',  ( -24.99944974357919847, 22.09060030914360695, 0.1901628462966274968 ) ) ;
#1151 = CARTESIAN_POINT ( 'NONE',  ( 1.159312797482213053, 19.75878237571665963, 24.97346393468156123 ) ) ;
#1152 = CARTESIAN_POINT ( 'NONE',  ( -1.860121582852140459E-16, 22.09999999999999787, -22.50000000000000355 ) ) ;
#1153 = CARTESIAN_POINT ( 'NONE',  ( -22.49095607273357800, 19.34733859074380291, 0.6438848239857387634 ) ) ;
#1154 = CARTESIAN_POINT ( 'NONE',  ( -15.27338711943731475, 19.49595515885234676, -16.52210218585030432 ) ) ;
#1155 = CARTESIAN_POINT ( 'NONE',  ( -24.96800161662045525, 19.91924424913933933, -1.266554802787584588 ) ) ;
#1156 = EDGE_CURVE ( 'NONE', #682, #480, #1738, .T. ) ;
#1157 = DIRECTION ( 'NONE',  ( -0.000000000000000000, -0.000000000000000000, 1.000000000000000000 ) ) ;
#1158 = B_SPLINE_CURVE_WITH_KNOTS ( 'NONE', 3,
 ( #99, #1276, #278, #1165, #406, #1876, #92, #413, #1598, #1312, #1290, #869, #245, #551, #266, #709, #387, #1441, #699, #539, #1462, #1882, #120, #973, #84, #1899, #424, #566 ),
 .UNSPECIFIED., .F., .F.,
 ( 4, 2, 2, 2, 2, 2, 2, 2, 2, 2, 2, 2, 2, 4 ),
 ( 3.469446951953614189E-18, 0.0002833945365573832314, 0.0005667890731147629934, 0.0008501836096721428638, 0.001133578146229522517, 0.001700367219344274669, 0.002267156292459027254, 0.002550550829016399318, 0.002833945365573771382, 0.003117339902131143446, 0.003400734438688515510, 0.003967523511803248797, 0.004250918048360607417, 0.004534312584917966037 ),
 .UNSPECIFIED. ) ;
#1159 = CARTESIAN_POINT ( 'NONE',  ( -24.96213863105175079, 21.11751517043449411, -1.375850229300263683 ) ) ;
#1160 = EDGE_CURVE ( 'NONE', #1740, #1638, #542, .T. ) ;
#1161 = EDGE_LOOP ( 'NONE', ( #129, #191, #1055, #468 ) ) ;
#1162 = CARTESIAN_POINT ( 'NONE',  ( 22.45322916642504651, 20.55535321824520167, 1.449999999999921796 ) ) ;
#1163 = DIRECTION ( 'NONE',  ( -0.000000000000000000, -0.000000000000000000, 1.000000000000000000 ) ) ;
#1164 = ORIENTED_EDGE ( 'NONE', *, *, #1222, .F. ) ;
#1165 = CARTESIAN_POINT ( 'NONE',  ( 16.65718873035123337, 20.27458907546041189, -18.64238193455475923 ) ) ;
#1166 = CARTESIAN_POINT ( 'NONE',  ( -1.449999999999999956, 20.64999999999999858, -22.45322916642504296 ) ) ;
#1167 = CARTESIAN_POINT ( 'NONE',  ( 0.7293638243119405784, 19.38262772688291946, -22.48885333341244674 ) ) ;
#1168 = EDGE_CURVE ( 'NONE', #439, #1044, #549, .T. ) ;
#1169 = CARTESIAN_POINT ( 'NONE',  ( -0.09584836467858486031, 22.09999999999999787, -25.00000000000000000 ) ) ;
#1170 = ORIENTED_EDGE ( 'NONE', *, *, #1434, .T. ) ;
#1171 = VECTOR ( 'NONE', #1487, 1000.000000000000000 ) ;
#1172 = CARTESIAN_POINT ( 'NONE',  ( 22.49100579607546990, 19.34648299852919706, 0.6421610678807198047 ) ) ;
#1173 = VECTOR ( 'NONE', #719, 1000.000000000000000 ) ;
#1174 = ORIENTED_EDGE ( 'NONE', *, *, #1571, .F. ) ;
#1175 = CARTESIAN_POINT ( 'NONE',  ( 16.75870313635257602, 21.37900453207886642, 18.55130993288394237 ) ) ;
#1176 = VERTEX_POINT ( 'NONE', #523 ) ;
#1177 = CARTESIAN_POINT ( 'NONE',  ( 17.67766952966368876, 110.0000000000000000, -17.67766952966369232 ) ) ;
#1178 = CARTESIAN_POINT ( 'NONE',  ( 22.45576716162549502, 21.03001501673176676, 1.412004286300293732 ) ) ;
#1179 = CARTESIAN_POINT ( 'NONE',  ( 1.411965059965109459, 20.26979124599662185, 22.45576986039946377 ) ) ;
#1180 = CARTESIAN_POINT ( 'NONE',  ( 24.98446490105518336, 21.80271691475244111, 0.8847209648861481535 ) ) ;
#1181 = EDGE_CURVE ( 'NONE', #1320, #546, #510, .T. ) ;
#1182 = ORIENTED_EDGE ( 'NONE', *, *, #332, .F. ) ;
#1183 = CARTESIAN_POINT ( 'NONE',  ( 0.09572445551259398111, 19.19999999999999574, 24.99999999999999645 ) ) ;
#1184 = EDGE_LOOP ( 'NONE', ( #1088, #1391, #1763, #1170 ) ) ;
#1185 = CARTESIAN_POINT ( 'NONE',  ( 24.95791457634230781, 20.64999999999999858, -1.450000000000086775 ) ) ;
#1186 = ORIENTED_EDGE ( 'NONE', *, *, #1084, .T. ) ;
#1187 = CARTESIAN_POINT ( 'NONE',  ( 22.49704324137920253, 22.05349385927936723, 0.3763439388504602467 ) ) ;
#1188 = CARTESIAN_POINT ( 'NONE',  ( 14.85152577039425559, 20.64999999999999858, 16.90213543583518430 ) ) ;
#1189 = CARTESIAN_POINT ( 'NONE',  ( 16.87671063596755161, 21.03198373710504043, 14.88058828216828644 ) ) ;
#1190 = CARTESIAN_POINT ( 'NONE',  ( -1.158761373138378348, 19.75807136543955878, 24.97348984962764717 ) ) ;
#1191 = ORIENTED_EDGE ( 'NONE', *, *, #475, .T. ) ;
#1192 = CARTESIAN_POINT ( 'NONE',  ( 17.60918382057544562, 22.09992123246242812, 17.74614877789513656 ) ) ;
#1193 = ORIENTED_EDGE ( 'NONE', *, *, #741, .F. ) ;
#1194 = CARTESIAN_POINT ( 'NONE',  ( 0.7293505808865153872, 19.38262014275639800, -24.98996879196699794 ) ) ;
#1195 = CARTESIAN_POINT ( 'NONE',  ( 22.45580141718206235, 21.03198373710505464, -1.411471652449561187 ) ) ;
#1196 = CARTESIAN_POINT ( 'NONE',  ( 0.09457649989046121308, 22.09999999999999787, 25.00000000000000711 ) ) ;
#1197 = DIRECTION ( 'NONE',  ( 0.000000000000000000, 1.000000000000000000, 0.000000000000000000 ) ) ;
#1198 = CARTESIAN_POINT ( 'NONE',  ( 16.78034226122119321, 21.38076991864521403, 14.98917553135791181 ) ) ;
#1199 = CARTESIAN_POINT ( 'NONE',  ( 15.77543498698204871, 22.10015498121320476, -16.04438429111790043 ) ) ;
#1200 = B_SPLINE_CURVE_WITH_KNOTS ( 'NONE', 3,
 ( #1910, #577, #1179, #1768, #1029, #1622, #646, #1817, #184, #360, #41, #801, #1846, #1101 ),
 .UNSPECIFIED., .F., .F.,
 ( 4, 2, 2, 2, 2, 2, 4 ),
 ( 0.004534535684257335816, 0.005101513333508523110, 0.005668490982759710403, 0.005951979807385307519, 0.006235468632010905503, 0.006518957456636503486, 0.006802446281262100602 ),
 .UNSPECIFIED. ) ;
#1201 = EDGE_LOOP ( 'NONE', ( #886, #1275, #1704, #1215, #138, #928, #1370, #1681, #846, #1143, #1012, #1907 ) ) ;
#1202 = EDGE_LOOP ( 'NONE', ( #397, #1774, #1041, #745 ) ) ;
#1203 = CARTESIAN_POINT ( 'NONE',  ( 16.65148094214858787, 21.03196156469677902, -18.64761240023206312 ) ) ;
#1204 = VERTEX_POINT ( 'NONE', #1731 ) ;
#1205 = CARTESIAN_POINT ( 'NONE',  ( -22.45322916642504651, 20.64999999999999858, -1.449999999999921352 ) ) ;
#1206 = VECTOR ( 'NONE', #279, 1000.000000000000000 ) ;
#1207 = CARTESIAN_POINT ( 'NONE',  ( 22.49529239376955658, 22.02550047717927484, 0.4685219856142413541 ) ) ;
#1208 = LINE ( 'NONE', #435, #640 ) ;
#1209 = COLOUR_RGB ( '',0.7921568627450980005, 0.8196078431372548767, 0.9333333333333333481 ) ;
#1210 = DIRECTION ( 'NONE',  ( 0.000000000000000000, 0.000000000000000000, -1.000000000000000000 ) ) ;
#1211 = CARTESIAN_POINT ( 'NONE',  ( 24.96019758259796717, 21.02999933591250681, 1.412008383821663049 ) ) ;
#1212 = EDGE_CURVE ( 'NONE', #1733, #365, #820, .T. ) ;
#1213 = CARTESIAN_POINT ( 'NONE',  ( -17.67766952966369587, 40.00000000000017764, -17.67766952966369232 ) ) ;
#1214 = CARTESIAN_POINT ( 'NONE',  ( 2.755455297896063857E-15, 19.19999999999999929, 22.50000000000000355 ) ) ;
#1215 = ORIENTED_EDGE ( 'NONE', *, *, #1270, .T. ) ;
#1216 = DIRECTION ( 'NONE',  ( -1.000000000000000000, 0.000000000000000000, -0.000000000000000000 ) ) ;
#1217 = CARTESIAN_POINT ( 'NONE',  ( -22.48884563634357292, 21.91723634275234289, -0.7295813091047390619 ) ) ;
#1218 = CARTESIAN_POINT ( 'NONE',  ( -17.67766952966369587, 40.00000000000012790, -17.67766952966373495 ) ) ;
#1219 = CARTESIAN_POINT ( 'NONE',  ( 15.97643054343595281, 19.19996624066046564, -15.84337768672418356 ) ) ;
#1220 = CARTESIAN_POINT ( 'NONE',  ( 0.000000000000000000, 0.000000000000000000, 0.000000000000000000 ) ) ;
#1221 = LINE ( 'NONE', #604, #1759 ) ;
#1222 = EDGE_CURVE ( 'NONE', #1381, #1672, #1129, .T. ) ;
#1223 = CARTESIAN_POINT ( 'NONE',  ( -17.94189372936992299, 19.24650251432830217, -17.40968231922386522 ) ) ;
#1224 = EDGE_LOOP ( 'NONE', ( #306, #1245, #343, #1096 ) ) ;
#1225 = ORIENTED_EDGE ( 'NONE', *, *, #1710, .F. ) ;
#1226 = CARTESIAN_POINT ( 'NONE',  ( 18.66695446874372522, 20.45995251424243833, 16.62964676276085640 ) ) ;
#1227 = CARTESIAN_POINT ( 'NONE',  ( 16.90213543583513456, 20.64999999999999858, -14.85152577039431598 ) ) ;
#1228 = CARTESIAN_POINT ( 'NONE',  ( -16.78055042302093369, 21.38057532223046309, -14.98894401112259445 ) ) ;
#1229 = CARTESIAN_POINT ( 'NONE',  ( 16.70450110055978854, 19.76597147852925573, 15.07356693469377440 ) ) ;
#1230 = EDGE_CURVE ( 'NONE', #1272, #1662, #1105, .T. ) ;
#1231 = EDGE_CURVE ( 'NONE', #1784, #1524, #1451, .T. ) ;
#1232 = CARTESIAN_POINT ( 'NONE',  ( 16.41583809326084875, 21.90808991253645033, -15.38754293305883714 ) ) ;
#1233 = CARTESIAN_POINT ( 'NONE',  ( 15.17766952966368699, 110.0000000000000000, 15.17766952966368699 ) ) ;
#1234 = ORIENTED_EDGE ( 'NONE', *, *, #1720, .T. ) ;
#1235 = CARTESIAN_POINT ( 'NONE',  ( 24.96604488489235152, 20.00688057625347582, -1.303047080827240745 ) ) ;
#1236 = CARTESIAN_POINT ( 'NONE',  ( -16.17571746779578490, 19.23738105445974256, 15.64055900444484593 ) ) ;
#1237 = AXIS2_PLACEMENT_3D ( 'NONE', #1835, #788, #1265 ) ;
#1238 = CARTESIAN_POINT ( 'NONE',  ( -16.35761915982344661, 21.95351700147079299, -15.44946626839837478 ) ) ;
#1239 = SURFACE_SIDE_STYLE ('',( #634 ) ) ;
#1240 = VECTOR ( 'NONE', #96, 1000.000000000000000 ) ;
#1241 = FACE_OUTER_BOUND ( 'NONE', #1339, .T. ) ;
#1242 = LINE ( 'NONE', #1558, #951 ) ;
#1243 = PRESENTATION_LAYER_ASSIGNMENT (  '', '', ( #369 ) ) ;
#1244 = CARTESIAN_POINT ( 'NONE',  ( -17.04238154066259625, 19.49594403330494430, -18.29107553703538258 ) ) ;
#1245 = ORIENTED_EDGE ( 'NONE', *, *, #100, .F. ) ;
#1246 = ORIENTED_EDGE ( 'NONE', *, *, #284, .T. ) ;
#1247 = FACE_OUTER_BOUND ( 'NONE', #650, .T. ) ;
#1248 = CARTESIAN_POINT ( 'NONE',  ( -1.440589843365824629, 20.84009047997694708, 24.95846633518708302 ) ) ;
#1249 = CARTESIAN_POINT ( 'NONE',  ( -16.89586564166615545, 20.84077539386463584, -14.85866983637821548 ) ) ;
#1250 = DIRECTION ( 'NONE',  ( 1.000000000000000000, 0.000000000000000000, -0.000000000000000000 ) ) ;
#1251 = LINE ( 'NONE', #1269, #25 ) ;
#1252 = PLANE ( 'NONE',  #1328 ) ;
#1253 = EDGE_LOOP ( 'NONE', ( #884, #179, #843, #660 ) ) ;
#1254 = ORIENTED_EDGE ( 'NONE', *, *, #390, .T. ) ;
#1255 = CARTESIAN_POINT ( 'NONE',  ( -15.17766952966368166, 110.0000000000000000, 15.17766952966368699 ) ) ;
#1256 = CARTESIAN_POINT ( 'NONE',  ( -1.153121520306459313, 21.53419166517464234, 24.97344767632638352 ) ) ;
#1257 = LINE ( 'NONE', #1405, #730 ) ;
#1258 = CARTESIAN_POINT ( 'NONE',  ( -18.62377052597063454, 21.11751517043449766, 16.67802447190011961 ) ) ;
#1259 = PRODUCT_DEFINITION_CONTEXT ( 'detailed design', #1649, 'design' ) ;
#1260 = CYLINDRICAL_SURFACE ( 'NONE', #241, 1.449999999999998179 ) ;
#1261 = CARTESIAN_POINT ( 'NONE',  ( -24.99999543148434356, 19.20007876753756904, 0.09684885010581313625 ) ) ;
#1262 = CARTESIAN_POINT ( 'NONE',  ( -1.411510902610181306, 20.26820939600234794, 22.45579871630673452 ) ) ;
#1263 = VERTEX_POINT ( 'NONE', #707 ) ;
#1264 = FACE_OUTER_BOUND ( 'NONE', #47, .T. ) ;
#1265 = DIRECTION ( 'NONE',  ( 0.000000000000000000, -0.000000000000000000, 1.000000000000000000 ) ) ;
#1266 = CARTESIAN_POINT ( 'NONE',  ( -16.89591728798748704, 20.84005662128004843, 14.85861096818669758 ) ) ;
#1267 = CARTESIAN_POINT ( 'NONE',  ( -16.65741528632765878, 21.02660701648793662, 18.64217961331151230 ) ) ;
#1268 = AXIS2_PLACEMENT_3D ( 'NONE', #1708, #70, #198 ) ;
#1269 = CARTESIAN_POINT ( 'NONE',  ( -17.67766952966368876, 110.0000000000000000, 17.67766952966369232 ) ) ;
#1270 = EDGE_CURVE ( 'NONE', #1044, #1468, #133, .T. ) ;
#1271 = CARTESIAN_POINT ( 'NONE',  ( -18.55083803596647485, 21.38057332055230475, -16.75922790483048530 ) ) ;
#1272 = VERTEX_POINT ( 'NONE', #1350 ) ;
#1273 = DIRECTION ( 'NONE',  ( -1.000000000000000000, 0.000000000000000000, 0.000000000000000000 ) ) ;
#1274 = CARTESIAN_POINT ( 'NONE',  ( 17.67766952966368876, 110.0000000000000000, -17.67766952966369232 ) ) ;
#1275 = ORIENTED_EDGE ( 'NONE', *, *, #1160, .T. ) ;
#1276 = CARTESIAN_POINT ( 'NONE',  ( 16.62260580848564118, 20.55417349089946910, -18.67321547392682035 ) ) ;
#1277 = CARTESIAN_POINT ( 'NONE',  ( 1.450000000000000178, 20.74462515210728952, 22.45322916642504651 ) ) ;
#1278 = CARTESIAN_POINT ( 'NONE',  ( -0.9588073626590800647, 21.74185058923551850, -24.98169664725130446 ) ) ;
#1279 = VERTEX_POINT ( 'NONE', #726 ) ;
#1280 = CARTESIAN_POINT ( 'NONE',  ( 0.1915101580797286263, 22.09999999999999787, -25.00000000000000355 ) ) ;
#1281 = CARTESIAN_POINT ( 'NONE',  ( -16.17722424209459930, 22.06185219708664391, 15.63898598895949199 ) ) ;
#1282 = ORIENTED_EDGE ( 'NONE', *, *, #323, .F. ) ;
#1283 = CARTESIAN_POINT ( 'NONE',  ( 14.88654882039504734, 20.27337610836530502, 16.87130727909741168 ) ) ;
#1284 = FACE_BOUND ( 'NONE', #1749, .T. ) ;
#1285 = ADVANCED_FACE ( 'NONE', ( #1752, #438, #16, #598 ), #572, .F. ) ;
#1286 = CARTESIAN_POINT ( 'NONE',  ( -1.093005291240753740, 19.69239928800674022, -22.47353840766322719 ) ) ;
#1287 = CARTESIAN_POINT ( 'NONE',  ( -1.266729868806242054, 19.91957373201504922, 22.46443087315912024 ) ) ;
#1288 = CARTESIAN_POINT ( 'NONE',  ( -25.00000000000008527, 20.64999999999999858, 1.450000000000087219 ) ) ;
#1289 = CARTESIAN_POINT ( 'NONE',  ( -15.21858861120934137, 21.74319175312462349, 16.57254216410359504 ) ) ;
#1290 = CARTESIAN_POINT ( 'NONE',  ( 17.15468928187930686, 19.38275557676799110, -18.18645374514154511 ) ) ;
#1291 = DIRECTION ( 'NONE',  ( 1.000000000000000000, -0.000000000000000000, -3.491481338843133750E-15 ) ) ;
#1292 = DIRECTION ( 'NONE',  ( -1.962615573354718404E-16, 0.000000000000000000, -1.000000000000000000 ) ) ;
#1293 = CARTESIAN_POINT ( 'NONE',  ( -0.6432556255838604020, 21.95298136421552115, -24.99187744080473195 ) ) ;
#1294 = EDGE_CURVE ( 'NONE', #1176, #1534, #1329, .T. ) ;
#1295 = CARTESIAN_POINT ( 'NONE',  ( -1.449999999999999956, 20.64999999999999858, 22.45322916642504296 ) ) ;
#1296 = CARTESIAN_POINT ( 'NONE',  ( 1.449999999999999734, 20.84125110532286129, -24.95791457634231136 ) ) ;
#1297 = CIRCLE ( 'NONE', #1119, 22.50000000000000355 ) ;
#1298 = CARTESIAN_POINT ( 'NONE',  ( -16.85301944667050833, 21.11753352981168419, 14.90728229346992606 ) ) ;
#1299 = ORIENTED_EDGE ( 'NONE', *, *, #384, .T. ) ;
#1300 = CARTESIAN_POINT ( 'NONE',  ( -22.45322916642503586, 20.64999999999999858, 1.450000000000078337 ) ) ;
#1301 = CARTESIAN_POINT ( 'NONE',  ( 1.160630104068207658, 21.53998679933346239, 22.47045385015907115 ) ) ;
#1302 = B_SPLINE_CURVE_WITH_KNOTS ( 'NONE', 3,
 ( #1376, #217, #1067, #196, #931, #1518, #948, #472, #1656, #1546, #780, #760, #1676, #50, #40, #633, #500, #1238, #939, #1363, #183, #623, #1228, #800, #1816, #1249, #483, #359 ),
 .UNSPECIFIED., .F., .F.,
 ( 4, 2, 2, 2, 2, 2, 2, 2, 2, 2, 2, 2, 2, 4 ),
 ( 0.000000000000000000, 0.0002834084802660840306, 0.0005668169605321680612, 0.0008502254407982522003, 0.001133633921064336122, 0.001700450881596496811, 0.002267267842128657934, 0.002550676322394745434, 0.002834084802660832934, 0.003117493282926920434, 0.003400901763193007934, 0.003967718723725176429, 0.004251127203991256556, 0.004534535684257335816 ),
 .UNSPECIFIED. ) ;
#1303 = CARTESIAN_POINT ( 'NONE',  ( -24.99190774077899491, 19.34643928070831720, -0.6420891290735439849 ) ) ;
#1304 = CARTESIAN_POINT ( 'NONE',  ( 6.719027551617261729, 32.67766952966378113, -25.00000000000000000 ) ) ;
#1305 = LINE ( 'NONE', #328, #637 ) ;
#1306 = EDGE_LOOP ( 'NONE', ( #1461, #1225 ) ) ;
#1307 = CARTESIAN_POINT ( 'NONE',  ( -25.00000000000008882, 20.64999999999999858, 8.728703347107862418E-14 ) ) ;
#1308 = ORIENTED_EDGE ( 'NONE', *, *, #1554, .F. ) ;
#1309 = EDGE_CURVE ( 'NONE', #1638, #806, #582, .T. ) ;
#1310 = CARTESIAN_POINT ( 'NONE',  ( 18.29107553703543587, 21.80405596669505286, 17.04238154066253230 ) ) ;
#1311 = ORIENTED_EDGE ( 'NONE', *, *, #140, .T. ) ;
#1312 = CARTESIAN_POINT ( 'NONE',  ( 17.03641405046325019, 19.49077566945157614, -18.29695394673189668 ) ) ;
#1313 = CARTESIAN_POINT ( 'NONE',  ( -15.17766952966368166, 110.0000000000000000, 15.17766952966368699 ) ) ;
#1314 = CARTESIAN_POINT ( 'NONE',  ( -24.95791457634231136, 20.46075416354774745, 1.450000000000087441 ) ) ;
#1315 = CARTESIAN_POINT ( 'NONE',  ( 17.67766952966368876, 110.0000000000000000, -17.67766952966369232 ) ) ;
#1316 = ORIENTED_EDGE ( 'NONE', *, *, #1354, .T. ) ;
#1317 = CARTESIAN_POINT ( 'NONE',  ( 22.49745800603515988, 19.23814780291336035, -0.3805919186860317605 ) ) ;
#1318 = ORIENTED_EDGE ( 'NONE', *, *, #107, .F. ) ;
#1319 = DIRECTION ( 'NONE',  ( 0.000000000000000000, 0.000000000000000000, -1.000000000000000000 ) ) ;
#1320 = VERTEX_POINT ( 'NONE', #856 ) ;
#1321 = CARTESIAN_POINT ( 'NONE',  ( -22.46483872010699301, 21.37641663017161520, -1.258490537460694503 ) ) ;
#1322 = DIRECTION ( 'NONE',  ( 0.000000000000000000, 0.000000000000000000, -1.000000000000000000 ) ) ;
#1323 = CARTESIAN_POINT ( 'NONE',  ( 16.89586564166603821, 20.45922460613535421, -14.85866983637833805 ) ) ;
#1324 = CARTESIAN_POINT ( 'NONE',  ( 16.35757893502974625, 21.95355371401898736, 15.44950943482154671 ) ) ;
#1325 = VERTEX_POINT ( 'NONE', #1906 ) ;
#1326 = CARTESIAN_POINT ( 'NONE',  ( -17.67766952966368876, 110.0000000000000000, 17.67766952966369232 ) ) ;
#1327 = VERTEX_POINT ( 'NONE', #1597 ) ;
#1328 = AXIS2_PLACEMENT_3D ( 'NONE', #1840, #111, #1550 ) ;
#1329 = LINE ( 'NONE', #1045, #1426 ) ;
#1330 = APPLICATION_CONTEXT ( 'automotive_design' ) ;
#1331 = ORIENTED_EDGE ( 'NONE', *, *, #1309, .F. ) ;
#1332 = CARTESIAN_POINT ( 'NONE',  ( -22.49533336187400678, 22.02616783709860115, 0.4665720677029832619 ) ) ;
#1333 = FACE_OUTER_BOUND ( 'NONE', #17, .T. ) ;
#1334 = CARTESIAN_POINT ( 'NONE',  ( 14.99515260415207329, 19.92358336982837486, -16.77492699034747758 ) ) ;
#1335 = CARTESIAN_POINT ( 'NONE',  ( 16.57271257263053243, 21.74287110844538518, 15.21839965619892254 ) ) ;
#1336 = CARTESIAN_POINT ( 'NONE',  ( 22.48838764737244134, 19.39189574167869878, 0.7270486192619122212 ) ) ;
#1337 = ORIENTED_EDGE ( 'NONE', *, *, #76, .T. ) ;
#1338 = CARTESIAN_POINT ( 'NONE',  ( 0.000000000000000000, 30.00000000000000000, 0.000000000000000000 ) ) ;
#1339 = EDGE_LOOP ( 'NONE', ( #1331, #275, #1402 ) ) ;
#1340 = CARTESIAN_POINT ( 'NONE',  ( 0.3801945829896743456, 19.23803114359713007, -24.99771878736916619 ) ) ;
#1341 = CARTESIAN_POINT ( 'NONE',  ( 22.47049647028405772, 21.54082393880928947, 1.159598406614796406 ) ) ;
#1342 = CARTESIAN_POINT ( 'NONE',  ( 14.85152577039413657, 20.55416840616722496, -16.90213543583529443 ) ) ;
#1343 = CARTESIAN_POINT ( 'NONE',  ( -24.95791457634230781, 20.74464456010002777, 1.450000000000086997 ) ) ;
#1344 = EDGE_CURVE ( 'NONE', #1866, #964, #117, .T. ) ;
#1345 = CARTESIAN_POINT ( 'NONE',  ( 15.77440617405596157, 22.09046811283650058, 16.04452240550338971 ) ) ;
#1346 = EDGE_LOOP ( 'NONE', ( #1683, #1299, #74, #858 ) ) ;
#1347 = CARTESIAN_POINT ( 'NONE',  ( 16.62260580848563407, 20.65000000000000213, -18.67321547392680969 ) ) ;
#1348 = ORIENTED_EDGE ( 'NONE', *, *, #1682, .T. ) ;
#1349 = ORIENTED_EDGE ( 'NONE', *, *, #192, .T. ) ;
#1350 = CARTESIAN_POINT ( 'NONE',  ( 18.67321547392663206, 20.64999999999999858, -16.62260580848583658 ) ) ;
#1351 = ORIENTED_EDGE ( 'NONE', *, *, #140, .F. ) ;
#1352 = CARTESIAN_POINT ( 'NONE',  ( -22.48844141796502782, 19.39093414656143466, -0.7254083888596123408 ) ) ;
#1353 = DIRECTION ( 'NONE',  ( 0.7071067811865463515, 0.000000000000000000, -0.7071067811865487940 ) ) ;
#1354 = EDGE_CURVE ( 'NONE', #1325, #574, #97, .T. ) ;
#1355 = CARTESIAN_POINT ( 'NONE',  ( 15.11906187889726283, 19.69136816274695434, -16.66338654120719198 ) ) ;
#1356 = CARTESIAN_POINT ( 'NONE',  ( -24.97344156828076933, 21.53401808170109533, -1.153252736946881241 ) ) ;
#1357 = CARTESIAN_POINT ( 'NONE',  ( 24.95791457634230781, 20.83924583645225326, 1.449999999999912692 ) ) ;
#1358 = CARTESIAN_POINT ( 'NONE',  ( 15.21839965619885326, 21.74287110844537807, -16.57271257263059283 ) ) ;
#1359 = FACE_BOUND ( 'NONE', #65, .T. ) ;
#1360 = DIRECTION ( 'NONE',  ( -1.000000000000000000, 0.000000000000000000, 0.000000000000000000 ) ) ;
#1361 = AXIS2_PLACEMENT_3D ( 'NONE', #1220, #1197, #42 ) ;
#1362 = ORIENTED_EDGE ( 'NONE', *, *, #1510, .T. ) ;
#1363 = CARTESIAN_POINT ( 'NONE',  ( -16.52290457333906204, 21.80312298059469356, -15.27251790418315380 ) ) ;
#1364 = CARTESIAN_POINT ( 'NONE',  ( 0.9575942814636402289, 21.74301074617478591, 24.98174535278514341 ) ) ;
#1365 = EDGE_CURVE ( 'NONE', #1327, #1024, #1065, .T. ) ;
#1366 = CARTESIAN_POINT ( 'NONE',  ( 6.147987464839955505E-24, 19.19999999999999929, -22.50000000000000355 ) ) ;
#1367 = CARTESIAN_POINT ( 'NONE',  ( 15.21722817131549732, 21.74147017358902545, 16.57378764204308652 ) ) ;
#1368 = B_SPLINE_CURVE_WITH_KNOTS ( 'NONE', 3,
 ( #1799, #1342, #1507, #172, #732, #761, #1334, #614, #1355, #585, #602, #902, #1049, #1219, #1808, #12, #1648, #1473, #132, #592, #720, #4, #442, #1039, #1498, #1323, #1788, #308 ),
 .UNSPECIFIED., .F., .F.,
 ( 4, 2, 2, 2, 2, 2, 2, 2, 2, 2, 2, 2, 2, 4 ),
 ( 0.000000000000000000, 0.0002834084802660898311, 0.0005668169605321796622, 0.0008502254407982695475, 0.001133633921064359324, 0.001700450881596531722, 0.002267267842128707807, 0.002550676322394788802, 0.002834084802660868929, 0.003117493282926949924, 0.003400901763193030919, 0.003967718723725186837, 0.004251127203991260893, 0.004534535684257334949 ),
 .UNSPECIFIED. ) ;
#1369 = CARTESIAN_POINT ( 'NONE',  ( 15.97838580573027123, 22.09992179161511672, -15.84141221989471227 ) ) ;
#1370 = ORIENTED_EDGE ( 'NONE', *, *, #344, .T. ) ;
#1371 = ORIENTED_EDGE ( 'NONE', *, *, #1750, .F. ) ;
#1372 = DIRECTION ( 'NONE',  ( -0.000000000000000000, -1.000000000000000000, -0.000000000000000000 ) ) ;
#1373 = ADVANCED_FACE ( 'NONE', ( #1814 ), #1544, .T. ) ;
#1374 = CARTESIAN_POINT ( 'NONE',  ( -15.64169648140646629, 19.24650614072063348, 16.17392718384597927 ) ) ;
#1375 = ADVANCED_FACE ( 'NONE', ( #643 ), #1805, .T. ) ;
#1376 = CARTESIAN_POINT ( 'NONE',  ( -14.85152577039425381, 20.64999999999999858, -16.90213543583518430 ) ) ;
#1377 = DIRECTION ( 'NONE',  ( -1.000000000000000000, -0.000000000000000000, -0.000000000000000000 ) ) ;
#1378 = CARTESIAN_POINT ( 'NONE',  ( -16.83893382464940203, 19.75917930020669289, 18.47885767715906979 ) ) ;
#1379 = CARTESIAN_POINT ( 'NONE',  ( -18.29227674958239547, 19.49728308524756315, -17.04109236212440237 ) ) ;
#1380 = CARTESIAN_POINT ( 'NONE',  ( 17.67766952966369587, 110.0000000000000000, 17.67766952966369232 ) ) ;
#1381 = VERTEX_POINT ( 'NONE', #1824 ) ;
#1382 = CARTESIAN_POINT ( 'NONE',  ( 24.95791457634231492, 20.55417349089947265, -1.450000000000086775 ) ) ;
#1383 = CARTESIAN_POINT ( 'NONE',  ( 3.061616970775897547E-15, 22.09999999999999787, 25.00000000000000000 ) ) ;
#1384 = CARTESIAN_POINT ( 'NONE',  ( 22.45322916642503230, 20.64999999999999858, -1.450000000000078115 ) ) ;
#1385 = EDGE_CURVE ( 'NONE', #1468, #504, #58, .T. ) ;
#1386 = ADVANCED_FACE ( 'NONE', ( #1247 ), #610, .F. ) ;
#1387 = CARTESIAN_POINT ( 'NONE',  ( -17.94515835212957811, 22.06185725580961332, 17.40694562233683840 ) ) ;
#1388 = CARTESIAN_POINT ( 'NONE',  ( 15.17766952966368699, 27.00000000000000000, 15.17766952966368699 ) ) ;
#1389 = CARTESIAN_POINT ( 'NONE',  ( -18.18441645756575653, 19.39190083398303344, -17.15614221425022734 ) ) ;
#1390 = EDGE_CURVE ( 'NONE', #1524, #1784, #980, .T. ) ;
#1391 = ORIENTED_EDGE ( 'NONE', *, *, #1443, .T. ) ;
#1392 = ORIENTED_EDGE ( 'NONE', *, *, #1032, .F. ) ;
#1393 = CARTESIAN_POINT ( 'NONE',  ( 24.96835910689541649, 19.92359742888144325, -1.258498767866989665 ) ) ;
#1394 = CARTESIAN_POINT ( 'NONE',  ( 1.153140547130624194, 19.76582648283019594, -24.97344686066921682 ) ) ;
#1395 = VECTOR ( 'NONE', #687, 1000.000000000000000 ) ;
#1396 = CARTESIAN_POINT ( 'NONE',  ( 1.153626259444181734, 21.53351688108220685, -22.47046758050769100 ) ) ;
#1397 = VECTOR ( 'NONE', #167, 1000.000000000000000 ) ;
#1398 = CARTESIAN_POINT ( 'NONE',  ( -17.81181229581434167, 22.09993233214628106, 17.54352121309919355 ) ) ;
#1399 = CARTESIAN_POINT ( 'NONE',  ( -17.21663170099814977, 19.34733028443297798, 18.12719735125235232 ) ) ;
#1400 = CARTESIAN_POINT ( 'NONE',  ( 1.375804563886785514, 20.18236058834947855, -22.45792712071477126 ) ) ;
#1401 = ORIENTED_EDGE ( 'NONE', *, *, #455, .T. ) ;
#1402 = ORIENTED_EDGE ( 'NONE', *, *, #76, .F. ) ;
#1403 = CARTESIAN_POINT ( 'NONE',  ( 24.96058292667292733, 20.27339298351205699, 1.403440314667215860 ) ) ;
#1404 = CARTESIAN_POINT ( 'NONE',  ( 1.440613590095280117, 20.46007647023123965, -24.95846496159966676 ) ) ;
#1405 = CARTESIAN_POINT ( 'NONE',  ( 0.000000000000000000, 30.00000000000000000, -22.50000000000000355 ) ) ;
#1406 = DIRECTION ( 'NONE',  ( 0.000000000000000000, 0.000000000000000000, -1.000000000000000000 ) ) ;
#1407 = ADVANCED_FACE ( 'NONE', ( #1692 ), #837, .F. ) ;
#1408 = CARTESIAN_POINT ( 'NONE',  ( 17.67766952966369587, 40.00000000000012790, 17.67766952966373495 ) ) ;
#1409 = CARTESIAN_POINT ( 'NONE',  ( -18.34173955483558771, 21.74319718794886924, -16.98779506751633761 ) ) ;
#1410 = ORIENTED_EDGE ( 'NONE', *, *, #1021, .T. ) ;
#1411 = CARTESIAN_POINT ( 'NONE',  ( 1.449999999999999956, 20.64999999999999858, 25.00000000000000355 ) ) ;
#1412 = CARTESIAN_POINT ( 'NONE',  ( -16.52210218585024037, 19.49595515885233610, 15.27338711943736982 ) ) ;
#1413 = CARTESIAN_POINT ( 'NONE',  ( -15.57668649224804724, 22.02616783709860471, 16.23651903821812326 ) ) ;
#1414 = CARTESIAN_POINT ( 'NONE',  ( -16.75922790483042135, 21.38057332055230475, 18.55083803596653524 ) ) ;
#1415 = EDGE_CURVE ( 'NONE', #1, #574, #965, .T. ) ;
#1416 = CARTESIAN_POINT ( 'NONE',  ( 0.000000000000000000, 27.00000000000000000, 0.000000000000000000 ) ) ;
#1417 = CARTESIAN_POINT ( 'NONE',  ( -24.98452710240405139, 19.49594403330494075, -0.8829599924620813445 ) ) ;
#1418 = CARTESIAN_POINT ( 'NONE',  ( -16.62260580848576197, 20.74582650910052806, -18.67321547392668180 ) ) ;
#1419 = B_SPLINE_CURVE_WITH_KNOTS ( 'NONE', 3,
 ( #149, #737, #1340, #1194, #1785, #1517, #1394, #77, #622, #491, #347, #1404, #1695, #521 ),
 .UNSPECIFIED., .F., .F.,
 ( 4, 2, 2, 2, 2, 2, 4 ),
 ( 0.004534312687284889135, 0.005101265027756256287, 0.005668217368227624307, 0.005951693538463311353, 0.006235169708698999266, 0.006518645878934687179, 0.006802122049170374225 ),
 .UNSPECIFIED. ) ;
#1420 = CARTESIAN_POINT ( 'NONE',  ( 22.46226655573561715, 20.00686462542155297, -1.303039149886564996 ) ) ;
#1421 = DIRECTION ( 'NONE',  ( -1.962615573354718404E-16, -0.000000000000000000, -1.000000000000000000 ) ) ;
#1422 = CARTESIAN_POINT ( 'NONE',  ( -18.67321547392663916, 20.74582650910052806, 16.62260580848583658 ) ) ;
#1423 = VECTOR ( 'NONE', #957, 1000.000000000000000 ) ;
#1424 = DIRECTION ( 'NONE',  ( -2.392722035830078873E-15, 0.000000000000000000, -1.000000000000000000 ) ) ;
#1425 = ADVANCED_FACE ( 'NONE', ( #1264 ), #1587, .F. ) ;
#1426 = VECTOR ( 'NONE', #422, 1000.000000000000000 ) ;
#1427 = AXIS2_PLACEMENT_3D ( 'NONE', #1086, #178, #1532 ) ;
#1428 = CARTESIAN_POINT ( 'NONE',  ( 6.147987464839955505E-24, 19.19999999999999929, -22.50000000000000355 ) ) ;
#1429 = CARTESIAN_POINT ( 'NONE',  ( -16.76540302671307003, 21.37640257111855746, -18.54518905246020921 ) ) ;
#1430 = ORIENTED_EDGE ( 'NONE', *, *, #23, .T. ) ;
#1431 = CARTESIAN_POINT ( 'NONE',  ( -2.304813613580882436E-16, 22.09999999999999787, -25.00000000000000000 ) ) ;
#1432 = EDGE_CURVE ( 'NONE', #580, #1044, #105, .T. ) ;
#1433 = CARTESIAN_POINT ( 'NONE',  ( 18.67321547392663206, 20.64999999999999858, -16.62260580848583658 ) ) ;
#1434 = EDGE_CURVE ( 'NONE', #989, #322, #1134, .T. ) ;
#1435 = ORIENTED_EDGE ( 'NONE', *, *, #875, .F. ) ;
#1436 = CARTESIAN_POINT ( 'NONE',  ( -22.45576716162548081, 20.26998498326823039, 1.412004286300450717 ) ) ;
#1437 = DIRECTION ( 'NONE',  ( 0.7071067811865437980, -0.000000000000000000, -0.7071067811865513475 ) ) ;
#1438 = CARTESIAN_POINT ( 'NONE',  ( -1.449999999999999956, 20.64999999999999858, -22.45322916642504296 ) ) ;
#1439 = CARTESIAN_POINT ( 'NONE',  ( -18.29188625470531093, 21.80312911125771436, -17.04151034852050728 ) ) ;
#1440 = CARTESIAN_POINT ( 'NONE',  ( 17.34479501082460118, 19.27382698260028349, 18.00460488850889362 ) ) ;
#1441 = CARTESIAN_POINT ( 'NONE',  ( 18.12600727646958632, 19.34647252640646542, -17.21788521776748837 ) ) ;
#1442 = CARTESIAN_POINT ( 'NONE',  ( 16.90213543583523403, 20.64999999999999503, 14.85152577039419519 ) ) ;
#1443 = EDGE_CURVE ( 'NONE', #1833, #878, #1730, .T. ) ;
#1444 = CARTESIAN_POINT ( 'NONE',  ( -1.303351195708115862, 20.00750528200370226, -22.46224835332647984 ) ) ;
#1445 = CARTESIAN_POINT ( 'NONE',  ( -17.54352121309913670, 22.09993233214628106, -17.81181229581440917 ) ) ;
#1446 = DIRECTION ( 'NONE',  ( 0.7071067811865463515, 0.000000000000000000, -0.7071067811865487940 ) ) ;
#1447 = B_SPLINE_CURVE_WITH_KNOTS ( 'NONE', 3,
 ( #848, #559, #1566, #1147, #1726, #552, #1575, #110, #700, #1301, #1890, #236, #822, #1745, #1277, #532 ),
 .UNSPECIFIED., .F., .F.,
 ( 4, 2, 2, 2, 2, 2, 2, 4 ),
 ( 0.002267785981290948698, 0.002551129694161745950, 0.002834473407032542767, 0.003117817119903340019, 0.003401160832774137270, 0.003967848258515731773, 0.004251191971386533361, 0.004534535684257335816 ),
 .UNSPECIFIED. ) ;
#1448 = CARTESIAN_POINT ( 'NONE',  ( -15.77499736213852266, 22.09059905109626598, 16.04394303739643490 ) ) ;
#1449 = VERTEX_POINT ( 'NONE', #1880 ) ;
#1450 = CARTESIAN_POINT ( 'NONE',  ( -22.48838638837022685, 19.39191008746354683, 0.7271144808403455784 ) ) ;
#1451 = B_SPLINE_CURVE_WITH_KNOTS ( 'NONE', 3,
 ( #1611, #1485, #1025, #1175, #1636, #735, #147, #898, #286, #1917, #1469, #431, #1192, #157, #1494, #276, #265, #1310, #877, #1014, #1764, #294, #866, #1476 ),
 .UNSPECIFIED., .F., .F.,
 ( 4, 2, 2, 2, 2, 2, 2, 2, 2, 2, 2, 4 ),
 ( 0.004534312584917960832, 0.005100972053355606016, 0.005667631521793250332, 0.005950961256012072056, 0.006234290990230893781, 0.006517620724449714638, 0.006800950458668535495, 0.007367609927106192821, 0.007650939661325023219, 0.007934269395543853617, 0.008500928863981519618, 0.009067588332419187352 ),
 .UNSPECIFIED. ) ;
#1452 = CARTESIAN_POINT ( 'NONE',  ( -15.38878823406721530, 19.39093414656143111, -16.41467061585175458 ) ) ;
#1453 = CARTESIAN_POINT ( 'NONE',  ( 1.450000000000000178, 20.55426129654261302, -22.45322916642504651 ) ) ;
#1454 = AXIS2_PLACEMENT_3D ( 'NONE', #1879, #255, #988 ) ;
#1455 = CARTESIAN_POINT ( 'NONE',  ( -24.95791457634230781, 20.64999999999999858, 1.450000000000086997 ) ) ;
#1456 = CIRCLE ( 'NONE', #605, 22.50000000000000355 ) ;
#1457 = ORIENTED_EDGE ( 'NONE', *, *, #1571, .T. ) ;
#1458 = FACE_OUTER_BOUND ( 'NONE', #1054, .T. ) ;
#1459 = B_SPLINE_CURVE_WITH_KNOTS ( 'NONE', 3,
 ( #782, #1422, #1860, #493, #1258, #62, #524, #484, #635, #501, #227, #1387, #1398, #235, #1829, #1092, #1698, #811, #1687, #665, #371, #1548, #1414, #821, #1267, #52, #79, #1678 ),
 .UNSPECIFIED., .F., .F.,
 ( 4, 2, 2, 2, 2, 2, 2, 2, 2, 2, 2, 2, 2, 4 ),
 ( 3.469446951953614189E-18, 0.0002833945365573760215, 0.0005667890731147485735, 0.0008501836096721210713, 0.001133578146229493678, 0.001700367219344231301, 0.002267156292458969141, 0.002550550829016345108, 0.002833945365573721075, 0.003117339902131097476, 0.003400734438688473443, 0.003967523511803221041, 0.004250918048360596141, 0.004534312584917972108 ),
 .UNSPECIFIED. ) ;
#1460 = CARTESIAN_POINT ( 'NONE',  ( 17.40852978411977503, 22.06263142102299568, -17.94363437680749485 ) ) ;
#1461 = ORIENTED_EDGE ( 'NONE', *, *, #1857, .F. ) ;
#1462 = CARTESIAN_POINT ( 'NONE',  ( 18.34173955483546337, 19.55680281205112081, -16.98779506751647261 ) ) ;
#1463 = FACE_OUTER_BOUND ( 'NONE', #333, .T. ) ;
#1464 = CARTESIAN_POINT ( 'NONE',  ( 0.000000000000000000, 0.000000000000000000, -22.50000000000000355 ) ) ;
#1465 = CYLINDRICAL_SURFACE ( 'NONE', #214, 1.449999999999999956 ) ;
#1466 = VERTEX_POINT ( 'NONE', #383 ) ;
#1467 = DIRECTION ( 'NONE',  ( 1.000000000000000000, -0.000000000000000000, -3.491481338843133750E-15 ) ) ;
#1468 = VERTEX_POINT ( 'NONE', #1721 ) ;
#1469 = CARTESIAN_POINT ( 'NONE',  ( 17.40968231922392562, 22.05349748567170209, 17.94189372936985905 ) ) ;
#1470 = EDGE_LOOP ( 'NONE', ( #1191, #1523, #1783, #1895 ) ) ;
#1471 = CARTESIAN_POINT ( 'NONE',  ( -22.49704751514392242, 22.05356277026863410, 0.3761689302098871757 ) ) ;
#1472 = DIRECTION ( 'NONE',  ( 0.000000000000000000, 1.000000000000000000, 0.000000000000000000 ) ) ;
#1473 = CARTESIAN_POINT ( 'NONE',  ( 16.35761915982334358, 19.34648299852920061, -15.44946626839849912 ) ) ;
#1474 = CARTESIAN_POINT ( 'NONE',  ( 15.44821222905533453, 21.95266140925620135, 16.35880287974201508 ) ) ;
#1475 = CARTESIAN_POINT ( 'NONE',  ( 1.450000000000000178, 20.46065636448504677, 24.95791457634231136 ) ) ;
#1476 = CARTESIAN_POINT ( 'NONE',  ( 18.67321547392674930, 20.64999999999999858, 16.62260580848570868 ) ) ;
#1477 = ORIENTED_EDGE ( 'NONE', *, *, #1222, .T. ) ;
#1478 = CARTESIAN_POINT ( 'NONE',  ( -22.46442494925117117, 21.38057532223046309, 1.266857043070644062 ) ) ;
#1479 = CARTESIAN_POINT ( 'NONE',  ( 22.48844141796502072, 21.90906585343856250, -0.7254083888597689933 ) ) ;
#1480 = CARTESIAN_POINT ( 'NONE',  ( 0.3765710062583183526, 22.05345318380756581, 24.99733662151037805 ) ) ;
#1481 = CARTESIAN_POINT ( 'NONE',  ( 15.84141221989464654, 22.09992179161512382, 15.97838580573033163 ) ) ;
#1482 = CARTESIAN_POINT ( 'NONE',  ( -1.449999999999999956, 20.64999999999999858, 24.95791457634231136 ) ) ;
#1483 = VECTOR ( 'NONE', #1273, 1000.000000000000000 ) ;
#1484 =( GEOMETRIC_REPRESENTATION_CONTEXT ( 3 ) GLOBAL_UNCERTAINTY_ASSIGNED_CONTEXT ( ( #1716 ) ) GLOBAL_UNIT_ASSIGNED_CONTEXT ( ( #338, #772, #790 ) ) REPRESENTATION_CONTEXT ( 'NONE', 'WORKASPACE' ) );
#1485 = CARTESIAN_POINT ( 'NONE',  ( 16.62260580848576197, 20.83924583645224615, 18.67321547392669245 ) ) ;
#1486 = ORIENTED_EDGE ( 'NONE', *, *, #192, .F. ) ;
#1487 = DIRECTION ( 'NONE',  ( -1.962615573354718404E-16, 0.000000000000000000, -1.000000000000000000 ) ) ;
#1488 = PLANE ( 'NONE',  #855 ) ;
#1489 = CARTESIAN_POINT ( 'NONE',  ( 0.7273330189168936144, 21.90793846471579798, 24.98954100522043120 ) ) ;
#1490 = LINE ( 'NONE', #752, #56 ) ;
#1491 = CARTESIAN_POINT ( 'NONE',  ( 24.98954868776213800, 21.90809916601696727, 0.7270996903677445777 ) ) ;
#1492 = CARTESIAN_POINT ( 'NONE',  ( 1.267379948599384187, 19.92064959569658100, 24.96795925993786369 ) ) ;
#1493 = ORIENTED_EDGE ( 'NONE', *, *, #606, .T. ) ;
#1494 = CARTESIAN_POINT ( 'NONE',  ( 17.94363437680742379, 22.06263142102299568, 17.40852978411984608 ) ) ;
#1495 = ORIENTED_EDGE ( 'NONE', *, *, #1723, .F. ) ;
#1496 = CARTESIAN_POINT ( 'NONE',  ( -22.45322916642503941, 20.74583159383276865, -1.449999999999921352 ) ) ;
#1497 = FACE_BOUND ( 'NONE', #405, .T. ) ;
#1498 = CARTESIAN_POINT ( 'NONE',  ( 16.87130727909736549, 20.27337610836530146, -14.88654882039511484 ) ) ;
#1499 = DIRECTION ( 'NONE',  ( 1.000000000000000000, 0.000000000000000000, 0.000000000000000000 ) ) ;
#1500 = LINE ( 'NONE', #22, #367 ) ;
#1501 = CARTESIAN_POINT ( 'NONE',  ( -18.67321547392676351, 20.46075416354775101, -16.62260580848570513 ) ) ;
#1502 = ORIENTED_EDGE ( 'NONE', *, *, #1742, .T. ) ;
#1503 = CARTESIAN_POINT ( 'NONE',  ( -17.67766952966368876, 110.0000000000000000, 17.67766952966369232 ) ) ;
#1504 = ORIENTED_EDGE ( 'NONE', *, *, #1859, .F. ) ;
#1505 = CARTESIAN_POINT ( 'NONE',  ( -22.47972415281213543, 21.74319175312463415, 0.9573897386631082806 ) ) ;
#1506 = CARTESIAN_POINT ( 'NONE',  ( -25.00000000000008882, 20.64999999999999858, 8.728703347107862418E-14 ) ) ;
#1507 = CARTESIAN_POINT ( 'NONE',  ( 14.85861096818650573, 20.45994337871995228, -16.89591728798763981 ) ) ;
#1508 = CARTESIAN_POINT ( 'NONE',  ( -24.99580037969376889, 22.02617301739971367, 0.4665560388045560947 ) ) ;
#1509 = CARTESIAN_POINT ( 'NONE',  ( 24.96022827213427675, 21.03196156469677547, -1.411478090150561915 ) ) ;
#1510 = EDGE_CURVE ( 'NONE', #55, #1543, #807, .T. ) ;
#1511 = CARTESIAN_POINT ( 'NONE',  ( -17.21792186099929012, 19.34643928070831720, -18.12597301558748342 ) ) ;
#1512 = EDGE_CURVE ( 'NONE', #1803, #504, #1703, .T. ) ;
#1513 = CARTESIAN_POINT ( 'NONE',  ( -0.1912810935565065207, 19.20000000000000639, 22.50000000000000711 ) ) ;
#1514 = AXIS2_PLACEMENT_3D ( 'NONE', #624, #219, #1250 ) ;
#1515 = CARTESIAN_POINT ( 'NONE',  ( 24.99999607526473255, 19.20006766785371610, -0.1897104439199874537 ) ) ;
#1516 = AXIS2_PLACEMENT_3D ( 'NONE', #1255, #1644, #314 ) ;
#1517 = CARTESIAN_POINT ( 'NONE',  ( 1.091893493487483324, 19.69124437267539918, -24.97623371636965928 ) ) ;
#1518 = CARTESIAN_POINT ( 'NONE',  ( -14.96183318334420242, 21.29313537457844419, -16.80460882141671419 ) ) ;
#1519 = CARTESIAN_POINT ( 'NONE',  ( -24.98996188929011453, 21.91724442323200606, -0.7295676485598023842 ) ) ;
#1520 = DIRECTION ( 'NONE',  ( 0.7071067811865487940, -0.000000000000000000, 0.7071067811865463515 ) ) ;
#1521 = B_SPLINE_CURVE_WITH_KNOTS ( 'NONE', 3,
 ( #1541, #1680, #45, #754, #766, #596, #905, #1232, #189, #1811, #354, #15, #1369, #1199, #209, #1791, #1661, #1802, #1358, #934, #784, #457, #467, #200 ),
 .UNSPECIFIED., .F., .F.,
 ( 4, 2, 2, 2, 2, 2, 2, 2, 2, 2, 2, 4 ),
 ( 0.004534535684257334949, 0.005101222633952419080, 0.005667909583647502345, 0.005951253058495046579, 0.006234596533342590813, 0.006517940008190134180, 0.006801283483037679281, 0.007367970432732781627, 0.007651313907580332800, 0.007934657382427883973, 0.008501344332122993258, 0.009068031281818102543 ),
 .UNSPECIFIED. ) ;
#1522 = FACE_OUTER_BOUND ( 'NONE', #1253, .T. ) ;
#1523 = ORIENTED_EDGE ( 'NONE', *, *, #1432, .T. ) ;
#1524 = VERTEX_POINT ( 'NONE', #1553 ) ;
#1525 = CARTESIAN_POINT ( 'NONE',  ( 18.54518905246026605, 19.92359742888143970, 16.76540302671300608 ) ) ;
#1526 = EDGE_CURVE ( 'NONE', #1073, #1, #541, .T. ) ;
#1527 = CARTESIAN_POINT ( 'NONE',  ( -16.57271257263042941, 19.55712889155461909, 15.21839965619903268 ) ) ;
#1528 = CARTESIAN_POINT ( 'NONE',  ( -0.6432719042420532718, 21.95297327395606501, -22.49097413996876682 ) ) ;
#1529 = CARTESIAN_POINT ( 'NONE',  ( 15.44946626839843340, 19.34648299852920417, 16.35761915982339332 ) ) ;
#1530 = ADVANCED_FACE ( 'NONE', ( #1458 ), #145, .F. ) ;
#1531 = CARTESIAN_POINT ( 'NONE',  ( -18.67321547392663561, 20.64999999999999503, 16.62260580848583302 ) ) ;
#1532 = DIRECTION ( 'NONE',  ( -0.7071067811865511255, 0.000000000000000000, -0.7071067811865439090 ) ) ;
#1533 = CARTESIAN_POINT ( 'NONE',  ( -16.62260580848576552, 20.64999999999999858, -18.67321547392668890 ) ) ;
#1534 = VERTEX_POINT ( 'NONE', #115 ) ;
#1535 = CARTESIAN_POINT ( 'NONE',  ( 24.98448434049471345, 19.49687088874227925, 0.8841492822954157838 ) ) ;
#1536 = CARTESIAN_POINT ( 'NONE',  ( -16.90213543583513456, 20.45838077413024081, 14.85152577039431421 ) ) ;
#1537 = CARTESIAN_POINT ( 'NONE',  ( 1.412346745034059436, 21.02937282053257917, -22.45574740549572113 ) ) ;
#1538 =( NAMED_UNIT ( * ) SI_UNIT ( $, .STERADIAN. ) SOLID_ANGLE_UNIT ( ) );
#1539 = CARTESIAN_POINT ( 'NONE',  ( 15.38759039447640298, 19.39189574167870944, 16.41579241234129327 ) ) ;
#1540 = CARTESIAN_POINT ( 'NONE',  ( -17.94363437680730300, 19.23736857897700148, 17.40852978411997043 ) ) ;
#1541 = CARTESIAN_POINT ( 'NONE',  ( 16.90213543583513456, 20.64999999999999858, -14.85152577039431598 ) ) ;
#1542 = ORIENTED_EDGE ( 'NONE', *, *, #44, .T. ) ;
#1543 = VERTEX_POINT ( 'NONE', #292 ) ;
#1544 = PLANE ( 'NONE',  #1884 ) ;
#1545 = FACE_OUTER_BOUND ( 'NONE', #1015, .T. ) ;
#1546 = CARTESIAN_POINT ( 'NONE',  ( -15.26742095726179116, 21.80921761316484719, -16.52796992350242533 ) ) ;
#1547 = FACE_OUTER_BOUND ( 'NONE', #1043, .T. ) ;
#1548 = CARTESIAN_POINT ( 'NONE',  ( -16.83828573573205745, 21.54018129493337241, 18.47946152070598913 ) ) ;
#1549 = CYLINDRICAL_SURFACE ( 'NONE', #1604, 25.00000000000000000 ) ;
#1550 = DIRECTION ( 'NONE',  ( -1.000000000000000000, 0.000000000000000000, 0.000000000000000000 ) ) ;
#1551 = CARTESIAN_POINT ( 'NONE',  ( -0.8835171850882148625, 19.49637396986771165, 22.48278457107038264 ) ) ;
#1552 = ORIENTED_EDGE ( 'NONE', *, *, #1354, .F. ) ;
#1553 = CARTESIAN_POINT ( 'NONE',  ( 18.67321547392674930, 20.64999999999999858, 16.62260580848570868 ) ) ;
#1554 = EDGE_CURVE ( 'NONE', #1534, #989, #136, .T. ) ;
#1555 = CARTESIAN_POINT ( 'NONE',  ( -0.3801565038279690611, 22.06197545063060872, 24.99771921258936658 ) ) ;
#1556 = CARTESIAN_POINT ( 'NONE',  ( -1.449999999999999956, 20.83924973064680586, -22.45322916642504296 ) ) ;
#1557 = CARTESIAN_POINT ( 'NONE',  ( 16.41790714161103537, 19.38276365724765071, 15.38612335942103471 ) ) ;
#1558 = CARTESIAN_POINT ( 'NONE',  ( -23.97469516727956673, 20.64999999999999858, -26.02530483272046169 ) ) ;
#1559 = CARTESIAN_POINT ( 'NONE',  ( 1.153137743557475670, 19.76582386402500191, -22.47049299859541804 ) ) ;
#1560 = CARTESIAN_POINT ( 'NONE',  ( -18.62388780166655522, 21.11700723971259919, -16.67789348513814573 ) ) ;
#1561 = CARTESIAN_POINT ( 'NONE',  ( -25.00000000000005684, 20.64999999999999858, -24.99999999999996803 ) ) ;
#1562 = EDGE_CURVE ( 'NONE', #1694, #155, #1002, .T. ) ;
#1563 = CARTESIAN_POINT ( 'NONE',  ( -14.98894401112254648, 21.38057532223047019, 16.78055042302098343 ) ) ;
#1564 = VERTEX_POINT ( 'NONE', #282 ) ;
#1565 = CARTESIAN_POINT ( 'NONE',  ( -1.449999999999999956, 20.64999999999999858, 22.45322916642504296 ) ) ;
#1566 = CARTESIAN_POINT ( 'NONE',  ( 0.1906492314902099583, 22.09053454652621795, 22.49938437660357948 ) ) ;
#1567 = CARTESIAN_POINT ( 'NONE',  ( -0.1900904856943815280, 22.09058984396375891, -24.99944920192768549 ) ) ;
#1568 = CARTESIAN_POINT ( 'NONE',  ( -1.158746327670965748, 19.75805585188580693, 22.47054146380627415 ) ) ;
#1569 = ORIENTED_EDGE ( 'NONE', *, *, #1787, .F. ) ;
#1570 = CARTESIAN_POINT ( 'NONE',  ( 1.092455588847746961, 21.60811373844649452, -24.97620900381769715 ) ) ;
#1571 = EDGE_CURVE ( 'NONE', #945, #583, #982, .T. ) ;
#1572 = CARTESIAN_POINT ( 'NONE',  ( -16.90213543583512390, 20.74583159383276865, 14.85152577039431065 ) ) ;
#1573 = CARTESIAN_POINT ( 'NONE',  ( -1.449999999999999956, 20.64999999999999858, -24.95791457634231492 ) ) ;
#1574 = AXIS2_PLACEMENT_3D ( 'NONE', #389, #428, #1718 ) ;
#1575 = CARTESIAN_POINT ( 'NONE',  ( 0.7273481085529737156, 21.90792946667901120, 22.48837785730465910 ) ) ;
#1576 = AXIS2_PLACEMENT_3D ( 'NONE', #721, #291, #14 ) ;
#1577 = CARTESIAN_POINT ( 'NONE',  ( 0.000000000000000000, 20.64999999999999858, -25.00000000000000355 ) ) ;
#1578 = CARTESIAN_POINT ( 'NONE',  ( -17.94177256910793616, 22.05356634839441199, -17.40980891532871411 ) ) ;
#1579 = CARTESIAN_POINT ( 'NONE',  ( 16.62260580848576197, 20.64999999999999858, 18.67321547392669601 ) ) ;
#1580 = EDGE_CURVE ( 'NONE', #743, #1733, #1596, .T. ) ;
#1581 = CARTESIAN_POINT ( 'NONE',  ( 18.12719735125217113, 21.95266971556702629, -17.21663170099834161 ) ) ;
#1582 = CARTESIAN_POINT ( 'NONE',  ( -0.8899985896058429935, 19.48937959694475452, -24.98452022185906074 ) ) ;
#1583 = CARTESIAN_POINT ( 'NONE',  ( -24.99999999999986855, 20.64999999999999858, 25.00000000000013500 ) ) ;
#1584 = CARTESIAN_POINT ( 'NONE',  ( 2.755455271706670665E-15, 22.09999999999999787, 22.50000000000000355 ) ) ;
#1585 = CARTESIAN_POINT ( 'NONE',  ( -0.7260783437189491929, 19.39132376183256312, 22.48841957373371159 ) ) ;
#1586 = ORIENTED_EDGE ( 'NONE', *, *, #998, .T. ) ;
#1587 = CYLINDRICAL_SURFACE ( 'NONE', #1633, 1.449999999999999956 ) ;
#1588 = CARTESIAN_POINT ( 'NONE',  ( -16.90213543583513456, 20.64999999999999858, 14.85152577039431243 ) ) ;
#1589 = ORIENTED_EDGE ( 'NONE', *, *, #1870, .F. ) ;
#1590 = CARTESIAN_POINT ( 'NONE',  ( 5.659485349281843945E-24, 19.19999999999999929, -25.00000000000000000 ) ) ;
#1591 = CARTESIAN_POINT ( 'NONE',  ( -14.88058828216835217, 20.26801626289495317, -16.87671063596751608 ) ) ;
#1592 = CARTESIAN_POINT ( 'NONE',  ( -24.95791457634230781, 20.64999999999999858, 1.450000000000086997 ) ) ;
#1593 = DIRECTION ( 'NONE',  ( -0.000000000000000000, -1.000000000000000000, -0.000000000000000000 ) ) ;
#1594 = CARTESIAN_POINT ( 'NONE',  ( -24.98954979995799164, 21.90811294858030323, 0.7270340495660113644 ) ) ;
#1595 = ORIENTED_EDGE ( 'NONE', *, *, #332, .T. ) ;
#1596 = LINE ( 'NONE', #1326, #829 ) ;
#1597 = CARTESIAN_POINT ( 'NONE',  ( 5.659485349281843945E-24, 19.19999999999999929, -25.00000000000000000 ) ) ;
#1598 = CARTESIAN_POINT ( 'NONE',  ( 16.88869486055922664, 19.69137328244448781, -18.43302654920869799 ) ) ;
#1599 = EDGE_CURVE ( 'NONE', #55, #1694, #1869, .T. ) ;
#1600 = CYLINDRICAL_SURFACE ( 'NONE', #826, 1.449999999999999956 ) ;
#1601 = CARTESIAN_POINT ( 'NONE',  ( -16.62260580848576552, 20.64999999999999858, -18.67321547392668890 ) ) ;
#1602 = VECTOR ( 'NONE', #555, 1000.000000000000000 ) ;
#1603 = CARTESIAN_POINT ( 'NONE',  ( 17.67766952966368876, 40.00000000000017764, -17.67766952966369232 ) ) ;
#1604 = AXIS2_PLACEMENT_3D ( 'NONE', #1848, #793, #512 ) ;
#1605 = B_SPLINE_CURVE_WITH_KNOTS ( 'NONE', 3,
 ( #1115, #43, #774, #340, #1378, #933, #1830, #494, #1399, #1093, #1679, #353, #1104, #942, #1540, #1688, #362, #1735, #692, #400, #1003, #414, #840, #860 ),
 .UNSPECIFIED., .F., .F.,
 ( 4, 2, 2, 2, 2, 2, 2, 2, 2, 2, 2, 4 ),
 ( 0.004534312584917972108, 0.005100972053355635506, 0.005667631521793298904, 0.005950961256012124966, 0.006234290990230951027, 0.006517620724449776221, 0.006800950458668602282, 0.007367609927106253537, 0.007650939661325076996, 0.007934269395543902190, 0.008500928863981556047, 0.009067588332419209904 ),
 .UNSPECIFIED. ) ;
#1606 = CARTESIAN_POINT ( 'NONE',  ( -1.449999999999999956, 20.64999999999999858, 24.95791457634231136 ) ) ;
#1607 = VECTOR ( 'NONE', #1421, 1000.000000000000000 ) ;
#1608 = EDGE_LOOP ( 'NONE', ( #223, #1136 ) ) ;
#1609 = CARTESIAN_POINT ( 'NONE',  ( 0.9587558880270333761, 19.55810673542083578, 24.98169857939978655 ) ) ;
#1610 = B_SPLINE_CURVE_WITH_KNOTS ( 'NONE', 3,
 ( #1438, #1878, #686, #417, #1885, #1444, #123, #94, #1286, #712, #262, #1893, #543, #237, #401, #1428 ),
 .UNSPECIFIED., .F., .F.,
 ( 4, 2, 2, 2, 2, 2, 2, 4 ),
 ( 0.002267786115632897722, 0.002551129831228603814, 0.002834473546824309471, 0.003117817262420015563, 0.003401160978015721655, 0.003967848409207132970, 0.004251192124802839062, 0.004534535840398545153 ),
 .UNSPECIFIED. ) ;
#1611 = CARTESIAN_POINT ( 'NONE',  ( 16.62260580848576197, 20.64999999999999858, 18.67321547392669601 ) ) ;
#1612 = VERTEX_POINT ( 'NONE', #864 ) ;
#1613 = CARTESIAN_POINT ( 'NONE',  ( -1.093010953501221794, 19.69240595349674905, -24.97618694090478897 ) ) ;
#1614 = LINE ( 'NONE', #1767, #1206 ) ;
#1615 = CARTESIAN_POINT ( 'NONE',  ( -24.99944224689437178, 19.20953018485652919, 0.1909879485521104037 ) ) ;
#1616 = CARTESIAN_POINT ( 'NONE',  ( 15.57527872324577523, 22.02550047717927484, 16.23786886957145725 ) ) ;
#1617 = CARTESIAN_POINT ( 'NONE',  ( -1.449999999999999734, 20.45848982649292935, 24.95791457634231492 ) ) ;
#1618 = CARTESIAN_POINT ( 'NONE',  ( 17.15738044098861792, 21.90907162514976037, -18.18324803994689987 ) ) ;
#1619 = ORIENTED_EDGE ( 'NONE', *, *, #1010, .T. ) ;
#1620 = CARTESIAN_POINT ( 'NONE',  ( -22.45580141718207301, 20.26801626289494607, -1.411471652449405090 ) ) ;
#1621 = CARTESIAN_POINT ( 'NONE',  ( 22.48273757897857550, 21.80271719020998233, 0.8847196028504497045 ) ) ;
#1622 = CARTESIAN_POINT ( 'NONE',  ( 0.9587587274178883678, 19.55810936037872239, 22.47966325548202349 ) ) ;
#1623 = PLANE ( 'NONE',  #1576 ) ;
#1624 = DIRECTION ( 'NONE',  ( -0.000000000000000000, -1.000000000000000000, -0.000000000000000000 ) ) ;
#1625 = ADVANCED_FACE ( 'NONE', ( #1820 ), #916, .F. ) ;
#1626 = CARTESIAN_POINT ( 'NONE',  ( -6.719027551617256400, 32.67766952966378113, -25.00000000000000000 ) ) ;
#1627 = EDGE_LOOP ( 'NONE', ( #456, #1392 ) ) ;
#1628 = LINE ( 'NONE', #296, #1171 ) ;
#1629 = CARTESIAN_POINT ( 'NONE',  ( 0.000000000000000000, 0.000000000000000000, 0.000000000000000000 ) ) ;
#1630 = CARTESIAN_POINT ( 'NONE',  ( 1.440519783763729134, 20.84072567426824563, 24.95847044991874597 ) ) ;
#1631 = DIRECTION ( 'NONE',  ( -0.000000000000000000, -1.000000000000000000, -0.000000000000000000 ) ) ;
#1632 = CARTESIAN_POINT ( 'NONE',  ( 22.48884563634356937, 19.38276365724765427, -0.7295813091048962695 ) ) ;
#1633 = AXIS2_PLACEMENT_3D ( 'NONE', #507, #528, #366 ) ;
#1634 = ORIENTED_EDGE ( 'NONE', *, *, #685, .T. ) ;
#1635 = AXIS2_PLACEMENT_3D ( 'NONE', #349, #218, #1113 ) ;
#1636 = CARTESIAN_POINT ( 'NONE',  ( 16.83893382464953703, 21.54082069979330427, 18.47885767715895255 ) ) ;
#1637 = ADVANCED_FACE ( 'NONE', ( #1522 ), #1094, .F. ) ;
#1638 = VERTEX_POINT ( 'NONE', #1063 ) ;
#1639 = DIRECTION ( 'NONE',  ( 1.000000000000000000, -0.000000000000000000, -3.491481338843133750E-15 ) ) ;
#1640 = FACE_OUTER_BOUND ( 'NONE', #698, .T. ) ;
#1641 = DIRECTION ( 'NONE',  ( -2.392722035830078873E-15, 0.000000000000000000, -1.000000000000000000 ) ) ;
#1642 = CARTESIAN_POINT ( 'NONE',  ( -1.440588855101801347, 20.84009969470261936, 22.45384254347001729 ) ) ;
#1643 = CARTESIAN_POINT ( 'NONE',  ( -18.12719735125229903, 19.34733028443298153, -17.21663170099820661 ) ) ;
#1644 = DIRECTION ( 'NONE',  ( 0.000000000000000000, 0.000000000000000000, -1.000000000000000000 ) ) ;
#1645 = ORIENTED_EDGE ( 'NONE', *, *, #1510, .F. ) ;
#1646 = CARTESIAN_POINT ( 'NONE',  ( -22.45619540389767366, 21.02662389163469925, 1.403436165165919292 ) ) ;
#1647 = DIRECTION ( 'NONE',  ( -2.392722035830078873E-15, 0.000000000000000000, -1.000000000000000000 ) ) ;
#1648 = CARTESIAN_POINT ( 'NONE',  ( 16.23651903821795628, 19.27383216290139600, -15.57668649224823021 ) ) ;
#1649 = APPLICATION_CONTEXT ( 'automotive_design' ) ;
#1650 = CARTESIAN_POINT ( 'NONE',  ( -25.00000000000008527, 20.64999999999999858, 1.450000000000087219 ) ) ;
#1651 = CARTESIAN_POINT ( 'NONE',  ( 24.99576334194228266, 22.02550259792091225, 0.4685145597305365173 ) ) ;
#1652 = CARTESIAN_POINT ( 'NONE',  ( -18.67321547392675640, 20.64999999999999858, -16.62260580848570157 ) ) ;
#1653 = DIRECTION ( 'NONE',  ( -0.000000000000000000, -1.000000000000000000, -0.000000000000000000 ) ) ;
#1654 = CARTESIAN_POINT ( 'NONE',  ( 24.95791457634231847, 20.64999999999999858, 1.449999999999912914 ) ) ;
#1655 = CARTESIAN_POINT ( 'NONE',  ( -22.49750484562735409, 19.23738105445973545, -0.3784141784448575851 ) ) ;
#1656 = CARTESIAN_POINT ( 'NONE',  ( -15.11906187889738895, 21.60863183725304282, -16.66338654120708185 ) ) ;
#1657 =( NAMED_UNIT ( * ) PLANE_ANGLE_UNIT ( ) SI_UNIT ( $, .RADIAN. ) );
#1658 = DIRECTION ( 'NONE',  ( 1.000000000000000000, -0.000000000000000000, -3.491481338843133750E-15 ) ) ;
#1659 = DIRECTION ( 'NONE',  ( 0.7071067811865437980, -0.000000000000000000, -0.7071067811865513475 ) ) ;
#1660 =( BOUNDED_CURVE ( )  B_SPLINE_CURVE ( 3, ( #232, #1133, #391, #978 ),
 .UNSPECIFIED., .F., .T. ) 
 B_SPLINE_CURVE_WITH_KNOTS ( ( 4, 4 ),
 ( 5.497787143782137953, 7.068583470577035399 ),
 .UNSPECIFIED. ) 
 CURVE ( )  GEOMETRIC_REPRESENTATION_ITEM ( )  RATIONAL_B_SPLINE_CURVE ( ( 1.000000000000000000, 0.8047378541243648264, 0.8047378541243648264, 1.000000000000000000 ) ) 
 REPRESENTATION_ITEM ( '' )  );
#1661 = CARTESIAN_POINT ( 'NONE',  ( 15.38878823406710339, 21.90906585343856960, -16.41467061585186471 ) ) ;
#1662 = VERTEX_POINT ( 'NONE', #1347 ) ;
#1663 = ORIENTED_EDGE ( 'NONE', *, *, #1309, .T. ) ;
#1664 = CARTESIAN_POINT ( 'NONE',  ( 18.57505306457333916, 20.00688057625347227, 16.73226621045685647 ) ) ;
#1665 = VECTOR ( 'NONE', #1897, 1000.000000000000000 ) ;
#1666 = CARTESIAN_POINT ( 'NONE',  ( -1.450000000000000178, 20.74584836902288032, 24.95791457634231492 ) ) ;
#1667 = CARTESIAN_POINT ( 'NONE',  ( -0.4676381402573421275, 22.02580982159877721, -22.49531131318941846 ) ) ;
#1668 = PRESENTATION_STYLE_ASSIGNMENT (( #1837 ) ) ;
#1669 = CARTESIAN_POINT ( 'NONE',  ( 16.04405302893853147, 19.20006779718652368, 15.77574594554245380 ) ) ;
#1670 = CARTESIAN_POINT ( 'NONE',  ( -24.99999999999986855, 20.64999999999999858, 25.00000000000013500 ) ) ;
#1671 = CARTESIAN_POINT ( 'NONE',  ( 2.755455298081545172E-15, 30.00000000000000000, 22.50000000000000355 ) ) ;
#1672 = VERTEX_POINT ( 'NONE', #24 ) ;
#1673 = ORIENTED_EDGE ( 'NONE', *, *, #1168, .T. ) ;
#1674 = CARTESIAN_POINT ( 'NONE',  ( 17.81181229581447312, 19.20006766785372321, 17.54352121309906920 ) ) ;
#1675 = CARTESIAN_POINT ( 'NONE',  ( -16.35757893502964677, 19.34644628598099914, 15.44950943482165151 ) ) ;
#1676 = CARTESIAN_POINT ( 'NONE',  ( -15.77574594554250886, 22.09993220281347348, -16.04405302893848173 ) ) ;
#1677 = APPLICATION_PROTOCOL_DEFINITION ( 'draft international standard', 'automotive_design', 1998, #1330 ) ;
#1678 = CARTESIAN_POINT ( 'NONE',  ( -16.62260580848563762, 20.64999999999999858, 18.67321547392680969 ) ) ;
#1679 = CARTESIAN_POINT ( 'NONE',  ( -17.40968231922379772, 19.24650251432830572, 17.94189372936997628 ) ) ;
#1680 = CARTESIAN_POINT ( 'NONE',  ( 16.90213543583513456, 20.83925014523462593, -14.85152577039431954 ) ) ;
#1681 = ORIENTED_EDGE ( 'NONE', *, *, #1365, .T. ) ;
#1682 = EDGE_CURVE ( 'NONE', #1204, #1796, #943, .T. ) ;
#1683 = ORIENTED_EDGE ( 'NONE', *, *, #7, .T. ) ;
#1684 = CARTESIAN_POINT ( 'NONE',  ( 24.98996188929011808, 19.38275557676799465, -0.7295676485599768002 ) ) ;
#1685 = CARTESIAN_POINT ( 'NONE',  ( -14.85152577039414190, 20.46074985476537478, 16.90213543583529088 ) ) ;
#1686 = CARTESIAN_POINT ( 'NONE',  ( -1.411970618699136093, 21.03017370796401764, -22.45576945038454042 ) ) ;
#1687 = CARTESIAN_POINT ( 'NONE',  ( -17.15618941574755141, 21.90811294858030323, 18.18437082895090384 ) ) ;
#1688 = CARTESIAN_POINT ( 'NONE',  ( -18.12597301558744078, 19.34643928070832430, 17.21792186099935762 ) ) ;
#1689 = PLANE ( 'NONE',  #1862 ) ;
#1690 = CARTESIAN_POINT ( 'NONE',  ( -16.62964676276091325, 20.84004748575755883, -18.66695446874366482 ) ) ;
#1691 = ORIENTED_EDGE ( 'NONE', *, *, #1084, .F. ) ;
#1692 = FACE_OUTER_BOUND ( 'NONE', #212, .T. ) ;
#1693 = VECTOR ( 'NONE', #1653, 1000.000000000000000 ) ;
#1694 = VERTEX_POINT ( 'NONE', #331 ) ;
#1695 = CARTESIAN_POINT ( 'NONE',  ( 1.449999999999999734, 20.55427555583130328, -24.95791457634230426 ) ) ;
#1696 = CARTESIAN_POINT ( 'NONE',  ( -1.449999999999999956, 20.64999999999999858, -22.45322916642504296 ) ) ;
#1697 = CARTESIAN_POINT ( 'NONE',  ( -18.67321547392675640, 20.64999999999999858, -16.62260580848570157 ) ) ;
#1698 = CARTESIAN_POINT ( 'NONE',  ( -17.34479501082447683, 22.02617301739971367, 18.00460488850901442 ) ) ;
#1699 = CARTESIAN_POINT ( 'NONE',  ( -26.02530483272054695, 20.64999999999999858, -23.97469516727947081 ) ) ;
#1700 = B_SPLINE_CURVE_WITH_KNOTS ( 'NONE', 3,
 ( #1845, #613, #492, #509, #1667, #1528, #1807, #771, #326, #921, #1112, #1686, #1556, #1696 ),
 .UNSPECIFIED., .F., .F.,
 ( 4, 2, 2, 2, 2, 2, 4 ),
 ( 1.807620233480100746E-19, 0.0002834732644541121068, 0.0005669465289082241052, 0.0008504197933623363747, 0.001133893057816448644, 0.001700839586724673183, 0.002267786115632897722 ),
 .UNSPECIFIED. ) ;
#1701 = CARTESIAN_POINT ( 'NONE',  ( -24.98959805026393965, 19.39092837485024390, -0.7253979358227459207 ) ) ;
#1702 = CARTESIAN_POINT ( 'NONE',  ( -0.9581187318452152324, 19.55754961233982669, 22.47969061570508487 ) ) ;
#1703 = B_SPLINE_CURVE_WITH_KNOTS ( 'NONE', 3,
 ( #689, #1296, #1110, #256, #1144, #1853, #1570, #955, #1705, #403, #1280, #1431 ),
 .UNSPECIFIED., .F., .F.,
 ( 4, 2, 2, 2, 2, 4 ),
 ( 0.006802122049170374225, 0.007368488679565489245, 0.007651671994763047623, 0.007934855309960605133, 0.008501221940355720152, 0.009067588570750835172 ),
 .UNSPECIFIED. ) ;
#1704 = ORIENTED_EDGE ( 'NONE', *, *, #107, .T. ) ;
#1705 = CARTESIAN_POINT ( 'NONE',  ( 0.7304096891446330009, 21.91673981543154071, -24.98993606733653650 ) ) ;
#1706 = CARTESIAN_POINT ( 'NONE',  ( -0.1892393185539990585, 22.09999999999999432, 24.99999999999999289 ) ) ;
#1707 = CARTESIAN_POINT ( 'NONE',  ( -12.92659958493587702, 35.24893005527231793, 22.42873947439150584 ) ) ;
#1708 = CARTESIAN_POINT ( 'NONE',  ( -17.67766952966368876, 40.00000000000017764, 17.67766952966369232 ) ) ;
#1709 = CARTESIAN_POINT ( 'NONE',  ( -16.23786886957152120, 19.27449952282071877, -15.57527872324571838 ) ) ;
#1710 = EDGE_CURVE ( 'NONE', #393, #1612, #1521, .T. ) ;
#1711 = EDGE_CURVE ( 'NONE', #1796, #1760, #1297, .T. ) ;
#1712 = FACE_OUTER_BOUND ( 'NONE', #1201, .T. ) ;
#1713 = DIRECTION ( 'NONE',  ( 1.000000000000000000, 0.000000000000000000, 0.000000000000000000 ) ) ;
#1714 = CARTESIAN_POINT ( 'NONE',  ( -16.77492699034732127, 21.37641663017162941, 14.99515260415225448 ) ) ;
#1715 = CARTESIAN_POINT ( 'NONE',  ( -22.47964286243460919, 19.55852982641097171, 0.9592324008344254027 ) ) ;
#1716 = UNCERTAINTY_MEASURE_WITH_UNIT (LENGTH_MEASURE( 1.000000000000000082E-05 ), #338, 'distance_accuracy_value', 'NONE');
#1717 = CARTESIAN_POINT ( 'NONE',  ( -15.77543498698215707, 19.19984501878679595, -16.04438429111778674 ) ) ;
#1718 = DIRECTION ( 'NONE',  ( 0.000000000000000000, 0.000000000000000000, 1.000000000000000000 ) ) ;
#1719 = CARTESIAN_POINT ( 'NONE',  ( -0.3793728428864113211, 19.23765324205508875, 22.49748755104327103 ) ) ;
#1720 = EDGE_CURVE ( 'NONE', #1904, #37, #631, .T. ) ;
#1721 = CARTESIAN_POINT ( 'NONE',  ( 0.000000000000000000, 32.67766952966378824, -25.00000000000000000 ) ) ;
#1722 = CARTESIAN_POINT ( 'NONE',  ( 18.34299560218540392, 21.74146969407322061, -16.98643519662418200 ) ) ;
#1723 = EDGE_CURVE ( 'NONE', #580, #806, #533, .T. ) ;
#1724 = LINE ( 'NONE', #1889, #920 ) ;
#1725 = AXIS2_PLACEMENT_3D ( 'NONE', #1146, #558, #1754 ) ;
#1726 = CARTESIAN_POINT ( 'NONE',  ( 0.4669604844241950770, 22.02603478127597469, 22.49532519603051739 ) ) ;
#1727 = CARTESIAN_POINT ( 'NONE',  ( 17.67766952966368876, 40.00000000000017764, -17.67766952966369232 ) ) ;
#1728 = CARTESIAN_POINT ( 'NONE',  ( -16.67802447190006276, 21.11751517043449056, -18.62377052597068783 ) ) ;
#1729 = ORIENTED_EDGE ( 'NONE', *, *, #344, .F. ) ;
#1730 = LINE ( 'NONE', #828, #1483 ) ;
#1731 = CARTESIAN_POINT ( 'NONE',  ( 2.755455297896063857E-15, 19.19999999999999929, 22.50000000000000355 ) ) ;
#1732 =( BOUNDED_CURVE ( )  B_SPLINE_CURVE ( 3, ( #103, #1304, #271, #1727 ),
 .UNSPECIFIED., .F., .T. ) 
 B_SPLINE_CURVE_WITH_KNOTS ( ( 4, 4 ),
 ( 0.000000000000000000, 0.7853981633974481680 ),
 .UNSPECIFIED. ) 
 CURVE ( )  GEOMETRIC_REPRESENTATION_ITEM ( )  RATIONAL_B_SPLINE_CURVE ( ( 1.000000000000000000, 0.9492530216741911220, 0.9492530216741911220, 1.000000000000000000 ) ) 
 REPRESENTATION_ITEM ( '' )  );
#1733 = VERTEX_POINT ( 'NONE', #72 ) ;
#1734 = CARTESIAN_POINT ( 'NONE',  ( -1.152944481343564531, 19.76561234927689625, -24.97345553552737840 ) ) ;
#1735 = CARTESIAN_POINT ( 'NONE',  ( -18.29107553703531863, 19.49594403330493009, 17.04238154066266731 ) ) ;
#1736 = CARTESIAN_POINT ( 'NONE',  ( -16.62260580848575842, 20.45839080608687155, -18.67321547392668890 ) ) ;
#1737 = CARTESIAN_POINT ( 'NONE',  ( -1.159412832687866324, 21.54109985692484841, -24.97345946438547770 ) ) ;
#1738 = B_SPLINE_CURVE_WITH_KNOTS ( 'NONE', 3,
 ( #348, #1100, #1537, #205, #789, #1396, #61, #1836, #1865, #1135, #992, #1152 ),
 .UNSPECIFIED., .F., .F.,
 ( 4, 2, 2, 2, 2, 4 ),
 ( 0.006802446632342191817, 0.007368842885576912596, 0.007652041012194272553, 0.007935239138811632509, 0.008501635392046354156, 0.009068031645281074068 ),
 .UNSPECIFIED. ) ;
#1739 = CARTESIAN_POINT ( 'NONE',  ( -24.99734299331395349, 22.05356634839440844, 0.3761551069321045770 ) ) ;
#1740 = VERTEX_POINT ( 'NONE', #711 ) ;
#1741 = CARTESIAN_POINT ( 'NONE',  ( 0.7264248703262363716, 19.39150771015350472, 24.98956851464514628 ) ) ;
#1742 = EDGE_CURVE ( 'NONE', #1564, #629, #1080, .T. ) ;
#1743 = CARTESIAN_POINT ( 'NONE',  ( -16.41790714161093589, 21.91723634275234645, 15.38612335942115195 ) ) ;
#1744 = CARTESIAN_POINT ( 'NONE',  ( 14.85152577039424671, 20.55535321824520167, 16.90213543583518430 ) ) ;
#1745 = CARTESIAN_POINT ( 'NONE',  ( 1.440519345117051930, 20.84073175684712353, 22.45384708227017256 ) ) ;
#1746 = CARTESIAN_POINT ( 'NONE',  ( -24.95791457634231847, 20.45839080608687865, -1.449999999999913136 ) ) ;
#1747 = CARTESIAN_POINT ( 'NONE',  ( 24.95791457634231847, 20.64999999999999858, 1.449999999999912914 ) ) ;
#1748 = CARTESIAN_POINT ( 'NONE',  ( -24.96604488489236218, 21.29311942374651423, -1.303047080827066662 ) ) ;
#1749 = EDGE_LOOP ( 'NONE', ( #1095, #907 ) ) ;
#1750 = EDGE_CURVE ( 'NONE', #1044, #1638, #568, .T. ) ;
#1751 = CARTESIAN_POINT ( 'NONE',  ( -0.3793420147593405956, 19.23764281297892254, 24.99773932581716096 ) ) ;
#1752 = FACE_OUTER_BOUND ( 'NONE', #496, .T. ) ;
#1753 = EDGE_LOOP ( 'NONE', ( #768, #312 ) ) ;
#1754 = DIRECTION ( 'NONE',  ( 0.000000000000000000, 0.000000000000000000, 1.000000000000000000 ) ) ;
#1755 = LINE ( 'NONE', #426, #1173 ) ;
#1756 = CARTESIAN_POINT ( 'NONE',  ( -24.96794968504276113, 19.92099546792112719, 1.267564421828548227 ) ) ;
#1757 = VECTOR ( 'NONE', #1061, 1000.000000000000000 ) ;
#1758 = DIRECTION ( 'NONE',  ( -1.000000000000000000, 0.000000000000000000, 0.000000000000000000 ) ) ;
#1759 = VECTOR ( 'NONE', #579, 1000.000000000000000 ) ;
#1760 = VERTEX_POINT ( 'NONE', #1464 ) ;
#1761 = SHAPE_DEFINITION_REPRESENTATION ( #351, #386 ) ;
#1762 = EDGE_CURVE ( 'NONE', #135, #682, #722, .T. ) ;
#1763 = ORIENTED_EDGE ( 'NONE', *, *, #323, .T. ) ;
#1764 = CARTESIAN_POINT ( 'NONE',  ( 18.55063274558458630, 21.38075575086066138, 16.75945376599342396 ) ) ;
#1765 = VERTEX_POINT ( 'NONE', #102 ) ;
#1766 = CARTESIAN_POINT ( 'NONE',  ( -22.45322916642502875, 20.74464678175478483, 1.450000000000078115 ) ) ;
#1767 = CARTESIAN_POINT ( 'NONE',  ( -25.00000000000009237, 20.64999999999999858, -1.449999999999912470 ) ) ;
#1768 = CARTESIAN_POINT ( 'NONE',  ( 1.267372412472136167, 19.92063644505114084, 22.46439432795578739 ) ) ;
#1769 = B_SPLINE_CURVE_WITH_KNOTS ( 'NONE', 3,
 ( #443, #1051, #1642, #310, #53, #372, #502, #803, #625, #1070, #199, #329, #1082, #648 ),
 .UNSPECIFIED., .F., .F.,
 ( 4, 2, 2, 2, 2, 2, 4 ),
 ( 0.000000000000000000, 0.0002834732476613686415, 0.0005669464953227372830, 0.0008504197429841060330, 0.001133892990645474566, 0.001700839485968211415, 0.002267785981290948698 ),
 .UNSPECIFIED. ) ;
#1770 = CARTESIAN_POINT ( 'NONE',  ( 24.99944224689437178, 22.09046981514346442, 0.1909879485519361819 ) ) ;
#1771 = ADVANCED_FACE ( 'NONE', ( #693 ), #1252, .F. ) ;
#1772 = ORIENTED_EDGE ( 'NONE', *, *, #606, .F. ) ;
#1773 = CARTESIAN_POINT ( 'NONE',  ( 16.75945376599336001, 21.38075575086066493, -18.55063274558465736 ) ) ;
#1774 = ORIENTED_EDGE ( 'NONE', *, *, #171, .T. ) ;
#1775 = CARTESIAN_POINT ( 'NONE',  ( -22.45322916642504651, 20.64999999999999858, -1.449999999999921352 ) ) ;
#1776 = CARTESIAN_POINT ( 'NONE',  ( 22.50000998767489335, 22.10015498121320476, -0.1901758767498168690 ) ) ;
#1777 = CARTESIAN_POINT ( 'NONE',  ( 1.449999999999999956, 20.74462296980362908, 24.95791457634231492 ) ) ;
#1778 = CARTESIAN_POINT ( 'NONE',  ( 16.90213543583523403, 20.64999999999999503, 14.85152577039419519 ) ) ;
#1779 = PRODUCT_DEFINITION ( 'UNKNOWN', '', #1858, #1259 ) ;
#1780 = CARTESIAN_POINT ( 'NONE',  ( 0.000000000000000000, 27.00000000000000000, 0.000000000000000000 ) ) ;
#1781 = ADVANCED_FACE ( 'NONE', ( #1106 ), #1689, .F. ) ;
#1782 = ORIENTED_EDGE ( 'NONE', *, *, #1711, .F. ) ;
#1783 = ORIENTED_EDGE ( 'NONE', *, *, #1168, .F. ) ;
#1784 = VERTEX_POINT ( 'NONE', #290 ) ;
#1785 = CARTESIAN_POINT ( 'NONE',  ( 0.8912179012308519832, 19.49068741544255445, -24.98446835287651524 ) ) ;
#1786 = CYLINDRICAL_SURFACE ( 'NONE', #762, 1.449999999999998401 ) ;
#1787 = EDGE_CURVE ( 'NONE', #1466, #55, #1892, .T. ) ;
#1788 = CARTESIAN_POINT ( 'NONE',  ( 16.90213543583512745, 20.55535321824520167, -14.85152577039431776 ) ) ;
#1789 = CYLINDRICAL_SURFACE ( 'NONE', #176, 1.449999999999999956 ) ;
#1790 = CARTESIAN_POINT ( 'NONE',  ( 14.98842097788248928, 21.37902021589870927, 16.78101521098889748 ) ) ;
#1791 = CARTESIAN_POINT ( 'NONE',  ( 15.44950943482148098, 21.95355371401899802, -16.35757893502980664 ) ) ;
#1792 = AXIS2_PLACEMENT_3D ( 'NONE', #1506, #1639, #1647 ) ;
#1793 = ORIENTED_EDGE ( 'NONE', *, *, #313, .T. ) ;
#1794 = ORIENTED_EDGE ( 'NONE', *, *, #868, .F. ) ;
#1795 = CARTESIAN_POINT ( 'NONE',  ( 16.62260580848563407, 20.84160919391311495, -18.67321547392681680 ) ) ;
#1796 = VERTEX_POINT ( 'NONE', #142 ) ;
#1797 = CARTESIAN_POINT ( 'NONE',  ( -22.45384226332058475, 20.84005662128004133, -1.440593114085388704 ) ) ;
#1798 = DIRECTION ( 'NONE',  ( 0.000000000000000000, 0.000000000000000000, 1.000000000000000000 ) ) ;
#1799 = CARTESIAN_POINT ( 'NONE',  ( 14.85152577039413480, 20.64999999999999858, -16.90213543583529088 ) ) ;
#1800 = LINE ( 'NONE', #464, #1757 ) ;
#1801 = CARTESIAN_POINT ( 'NONE',  ( 24.99775500781171544, 22.06263142102299568, -0.3783760861335026537 ) ) ;
#1802 = CARTESIAN_POINT ( 'NONE',  ( 15.27338711943719218, 21.80404484114766106, -16.52210218585040380 ) ) ;
#1803 = VERTEX_POINT ( 'NONE', #30 ) ;
#1804 = ORIENTED_EDGE ( 'NONE', *, *, #673, .F. ) ;
#1805 = PLANE ( 'NONE',  #1516 ) ;
#1806 = CARTESIAN_POINT ( 'NONE',  ( -22.49938852668176281, 22.09059905109625888, 0.1901733107456297645 ) ) ;
#1807 = CARTESIAN_POINT ( 'NONE',  ( -0.7265672009943056064, 21.90840532802339524, -22.48840413001815364 ) ) ;
#1808 = CARTESIAN_POINT ( 'NONE',  ( 16.04394303739627148, 19.20940094890374539, -15.77499736213869674 ) ) ;
#1809 = CARTESIAN_POINT ( 'NONE',  ( -24.96056579012876497, 21.02541092453957816, -1.403743576657549008 ) ) ;
#1810 = CARTESIAN_POINT ( 'NONE',  ( 24.98168009329912209, 21.74146969407322061, 0.9592330618615525495 ) ) ;
#1811 = CARTESIAN_POINT ( 'NONE',  ( 16.23786886957140396, 22.02550047717926773, -15.57527872324583207 ) ) ;
#1812 = ORIENTED_EDGE ( 'NONE', *, *, #51, .F. ) ;
#1813 = ORIENTED_EDGE ( 'NONE', *, *, #477, .F. ) ;
#1814 = FACE_OUTER_BOUND ( 'NONE', #620, .T. ) ;
#1815 = CARTESIAN_POINT ( 'NONE',  ( -17.67766952966369587, 110.0000000000000000, -17.67766952966369232 ) ) ;
#1816 = CARTESIAN_POINT ( 'NONE',  ( -16.87130727909746142, 21.02662389163469214, -14.88654882039498695 ) ) ;
#1817 = CARTESIAN_POINT ( 'NONE',  ( 0.7264446658294463344, 19.39151986445130404, 22.48840825758085060 ) ) ;
#1818 = CARTESIAN_POINT ( 'NONE',  ( 16.85301944667061136, 20.18246647018830942, 14.90728229346980171 ) ) ;
#1819 = FACE_OUTER_BOUND ( 'NONE', #315, .T. ) ;
#1820 = FACE_OUTER_BOUND ( 'NONE', #1033, .T. ) ;
#1821 = ORIENTED_EDGE ( 'NONE', *, *, #1021, .F. ) ;
#1822 = VECTOR ( 'NONE', #987, 1000.000000000000000 ) ;
#1823 = ORIENTED_EDGE ( 'NONE', *, *, #1432, .F. ) ;
#1824 = CARTESIAN_POINT ( 'NONE',  ( 15.17766952966368699, 110.0000000000000000, 15.17766952966368699 ) ) ;
#1825 = VECTOR ( 'NONE', #224, 1000.000000000000000 ) ;
#1826 = CARTESIAN_POINT ( 'NONE',  ( -1.302981440997582618, 21.29325546252900736, 24.96604833384954247 ) ) ;
#1827 = LINE ( 'NONE', #1091, #1913 ) ;
#1828 = CARTESIAN_POINT ( 'NONE',  ( 0.000000000000000000, 0.000000000000000000, 0.000000000000000000 ) ) ;
#1829 = CARTESIAN_POINT ( 'NONE',  ( -17.54281500147103046, 22.09060030914360340, 17.81174587776325779 ) ) ;
#1830 = CARTESIAN_POINT ( 'NONE',  ( -17.04109236212434197, 19.49728308524756670, 18.29227674958245586 ) ) ;
#1831 = CARTESIAN_POINT ( 'NONE',  ( -16.83976975305888146, 19.75767522203641846, -18.47809816598663701 ) ) ;
#1832 = VERTEX_POINT ( 'NONE', #1188 ) ;
#1833 = VERTEX_POINT ( 'NONE', #151 ) ;
#1834 = CARTESIAN_POINT ( 'NONE',  ( 24.95791457634231847, 20.55535543989997294, 1.449999999999913136 ) ) ;
#1835 = CARTESIAN_POINT ( 'NONE',  ( 0.000000000000000000, 27.00000000000000000, 0.000000000000000000 ) ) ;
#1836 = CARTESIAN_POINT ( 'NONE',  ( 0.8919445478113496861, 21.80874601255512957, -22.48271202494628440 ) ) ;
#1837 = SURFACE_STYLE_USAGE ( .BOTH. , #1239 ) ;
#1838 = CARTESIAN_POINT ( 'NONE',  ( 16.52796992350247152, 19.49078238683515352, 15.26742095726173787 ) ) ;
#1839 = FACE_OUTER_BOUND ( 'NONE', #906, .T. ) ;
#1840 = CARTESIAN_POINT ( 'NONE',  ( -17.67766952966369587, 40.00000000000017764, -17.67766952966369232 ) ) ;
#1841 = EDGE_LOOP ( 'NONE', ( #201, #1495 ) ) ;
#1842 = EDGE_LOOP ( 'NONE', ( #679, #1182 ) ) ;
#1843 = CARTESIAN_POINT ( 'NONE',  ( 24.99771244955709548, 19.23814274419038384, -0.3805738709575879897 ) ) ;
#1844 = CARTESIAN_POINT ( 'NONE',  ( -1.449999999999999956, 20.64999999999999858, 24.95791457634231136 ) ) ;
#1845 = CARTESIAN_POINT ( 'NONE',  ( -1.860121582852140459E-16, 22.09999999999999787, -22.50000000000000355 ) ) ;
#1846 = CARTESIAN_POINT ( 'NONE',  ( 0.09573872067854831414, 19.20000000000000284, 22.50000000000000711 ) ) ;
#1847 = CARTESIAN_POINT ( 'NONE',  ( 15.84337768672412849, 19.19996624066047275, 15.97643054343601854 ) ) ;
#1848 = CARTESIAN_POINT ( 'NONE',  ( 0.000000000000000000, 30.00000000000000000, 0.000000000000000000 ) ) ;
#1849 = ADVANCED_FACE ( 'NONE', ( #1640 ), #751, .F. ) ;
#1850 = CARTESIAN_POINT ( 'NONE',  ( 28.03300858899107695, 29.64466094067268287, -7.322330470336315678 ) ) ;
#1851 = CARTESIAN_POINT ( 'NONE',  ( -25.00000000000009237, 20.64999999999999858, -1.449999999999912470 ) ) ;
#1852 = EDGE_LOOP ( 'NONE', ( #375, #1311, #158, #1812 ) ) ;
#1853 = CARTESIAN_POINT ( 'NONE',  ( 1.153634240854836124, 21.53350606491351016, -24.97342373576992358 ) ) ;
#1854 = CARTESIAN_POINT ( 'NONE',  ( -0.7292684646444818064, 21.91742303397929703, 24.98997103450376756 ) ) ;
#1855 = AXIS2_PLACEMENT_3D ( 'NONE', #1078, #29, #958 ) ;
#1856 = CARTESIAN_POINT ( 'NONE',  ( -16.80460882141666801, 21.29313537457844419, 14.96183318334425572 ) ) ;
#1857 = EDGE_CURVE ( 'NONE', #1612, #393, #1368, .T. ) ;
#1858 = PRODUCT_DEFINITION_FORMATION_WITH_SPECIFIED_SOURCE ( 'ANY', '', #257, .NOT_KNOWN. ) ;
#1859 = EDGE_CURVE ( 'NONE', #37, #1449, #1208, .T. ) ;
#1860 = CARTESIAN_POINT ( 'NONE',  ( -18.66695446874360442, 20.84004748575756594, 16.62964676276097720 ) ) ;
#1861 = CARTESIAN_POINT ( 'NONE',  ( -16.41583809326095889, 19.39191008746354683, -15.38754293305872700 ) ) ;
#1862 = AXIS2_PLACEMENT_3D ( 'NONE', #221, #553, #1292 ) ;
#1863 = CARTESIAN_POINT ( 'NONE',  ( -18.67321547392675640, 20.64999999999999858, -16.62260580848570157 ) ) ;
#1864 = CARTESIAN_POINT ( 'NONE',  ( 16.65741528632778312, 20.27339298351206409, 18.64217961331139151 ) ) ;
#1865 = CARTESIAN_POINT ( 'NONE',  ( 0.7304265444999805679, 21.91672972985865187, -22.48881682936840321 ) ) ;
#1866 = VERTEX_POINT ( 'NONE', #1060 ) ;
#1867 = CARTESIAN_POINT ( 'NONE',  ( -0.3765234332479674983, 19.24653869305474174, -24.99733708654323650 ) ) ;
#1868 = CARTESIAN_POINT ( 'NONE',  ( -15.64055900444479441, 19.23738105445974611, -16.17571746779584174 ) ) ;
#1869 = B_SPLINE_CURVE_WITH_KNOTS ( 'NONE', 3,
 ( #1009, #1475, #896, #1492, #1151, #1609, #724, #1741, #412, #274, #125, #264, #1183, #853 ),
 .UNSPECIFIED., .F., .F.,
 ( 4, 2, 2, 2, 2, 2, 4 ),
 ( 0.004534312584917975578, 0.005101264893430342180, 0.005668217201942708783, 0.005951693356198892518, 0.006235169510455075385, 0.006518645664711259120, 0.006802121818967442855 ),
 .UNSPECIFIED. ) ;
#1870 = EDGE_CURVE ( 'NONE', #1543, #1204, #1200, .T. ) ;
#1871 = CARTESIAN_POINT ( 'NONE',  ( -1.411975452424494071, 21.03015645124182598, -24.96019960274404426 ) ) ;
#1872 = LINE ( 'NONE', #95, #1395 ) ;
#1873 = ORIENTED_EDGE ( 'NONE', *, *, #1390, .F. ) ;
#1874 = CARTESIAN_POINT ( 'NONE',  ( 22.47048740073527284, 19.76597147852925929, -1.153244608352729905 ) ) ;
#1875 = CARTESIAN_POINT ( 'NONE',  ( 18.47885767715888861, 21.54082069979329361, -16.83893382464960098 ) ) ;
#1876 = CARTESIAN_POINT ( 'NONE',  ( 16.73226621045678897, 20.00688057625347582, -18.57505306457341376 ) ) ;
#1877 = CARTESIAN_POINT ( 'NONE',  ( -16.35880287974207903, 19.34733859074380291, -15.44821222905528657 ) ) ;
#1878 = CARTESIAN_POINT ( 'NONE',  ( -1.449999999999999734, 20.55541837876630851, -22.45322916642503941 ) ) ;
#1879 = CARTESIAN_POINT ( 'NONE',  ( 0.000000000000000000, 30.00000000000000000, 0.000000000000000000 ) ) ;
#1880 = CARTESIAN_POINT ( 'NONE',  ( -14.85152577039425381, 20.64999999999999858, -16.90213543583518430 ) ) ;
#1881 = CARTESIAN_POINT ( 'NONE',  ( 17.74614877789507617, 22.09992123246242457, -17.60918382057550247 ) ) ;
#1882 = CARTESIAN_POINT ( 'NONE',  ( 18.47946152070580439, 19.75981870506663185, -16.83828573573225285 ) ) ;
#1883 = CARTESIAN_POINT ( 'NONE',  ( -16.70900032753675646, 19.75917606119071124, -15.06908053399571124 ) ) ;
#1884 = AXIS2_PLACEMENT_3D ( 'NONE', #652, #1360, #324 ) ;
#1885 = CARTESIAN_POINT ( 'NONE',  ( -1.376034809259528258, 20.18303961012415115, -22.45791294019945283 ) ) ;
#1886 = CARTESIAN_POINT ( 'NONE',  ( 3.061616997868383043E-15, 32.67766952966378824, 25.00000000000000000 ) ) ;
#1887 = CARTESIAN_POINT ( 'NONE',  ( 22.50000217560175741, 19.19996624066047275, 0.09408257723717627918 ) ) ;
#1888 = CARTESIAN_POINT ( 'NONE',  ( -15.84337768672402014, 22.10003375933953862, 15.97643054343611801 ) ) ;
#1889 = CARTESIAN_POINT ( 'NONE',  ( -15.17766952966368166, 27.00000000000000000, -15.17766952966368521 ) ) ;
#1890 = CARTESIAN_POINT ( 'NONE',  ( 1.266940118883182143, 21.38041941343156793, 22.46442015628612054 ) ) ;
#1891 = CARTESIAN_POINT ( 'NONE',  ( -25.00000905255602390, 19.19984392139582141, -0.1901380239088411306 ) ) ;
#1892 = B_SPLINE_CURVE_WITH_KNOTS ( 'NONE', 3,
 ( #473, #1196, #298, #1480, #891, #20, #1489, #451, #1364, #280, #1068, #881, #161, #1630, #1777, #318 ),
 .UNSPECIFIED., .F., .F.,
 ( 4, 2, 2, 2, 2, 2, 2, 4 ),
 ( 0.002267673475657686847, 0.002551003364315221691, 0.002834333252972756536, 0.003117663141630291380, 0.003400993030287826225, 0.003967652807602896348, 0.004250982696260435095, 0.004534312584917975578 ),
 .UNSPECIFIED. ) ;
#1893 = CARTESIAN_POINT ( 'NONE',  ( -0.4669212075645619575, 19.27394693243802593, -22.49532626758928444 ) ) ;
#1894 = CARTESIAN_POINT ( 'NONE',  ( -24.95846608363433106, 20.84004748575755173, -1.440594094263965674 ) ) ;
#1895 = ORIENTED_EDGE ( 'NONE', *, *, #171, .F. ) ;
#1896 = CARTESIAN_POINT ( 'NONE',  ( -0.1912511380817890905, 19.20000000000000284, 25.00000000000000355 ) ) ;
#1897 = DIRECTION ( 'NONE',  ( 1.000000000000000000, 0.000000000000000000, 0.000000000000000000 ) ) ;
#1898 = ORIENTED_EDGE ( 'NONE', *, *, #830, .F. ) ;
#1899 = CARTESIAN_POINT ( 'NONE',  ( 18.66690210479806922, 20.45923077212209051, -16.62970566684914431 ) ) ;
#1900 = CARTESIAN_POINT ( 'NONE',  ( -15.17766952966368166, 27.00000000000000000, 15.17766952966368699 ) ) ;
#1901 = CARTESIAN_POINT ( 'NONE',  ( -24.98168009329911854, 19.55853030592677300, 0.9592330618617274096 ) ) ;
#1902 = ADVANCED_FACE ( 'NONE', ( #1547 ), #655, .F. ) ;
#1903 = CARTESIAN_POINT ( 'NONE',  ( -23.97469516727937133, 20.64999999999999858, 26.02530483272062156 ) ) ;
#1904 = VERTEX_POINT ( 'NONE', #1697 ) ;
#1905 = CARTESIAN_POINT ( 'NONE',  ( 22.46442494925117472, 19.91942467776953407, 1.266857043070487965 ) ) ;
#1906 = CARTESIAN_POINT ( 'NONE',  ( 24.95791457634230781, 20.64999999999999858, -1.450000000000086775 ) ) ;
#1907 = ORIENTED_EDGE ( 'NONE', *, *, #392, .T. ) ;
#1908 = CARTESIAN_POINT ( 'NONE',  ( -22.47046109557001259, 21.54017006118122879, 1.160495818762258491 ) ) ;
#1909 = LINE ( 'NONE', #567, #1117 ) ;
#1910 = CARTESIAN_POINT ( 'NONE',  ( 1.449999999999999956, 20.64999999999999858, 22.45322916642504296 ) ) ;
#1911 = VECTOR ( 'NONE', #1593, 1000.000000000000000 ) ;
#1912 = CARTESIAN_POINT ( 'NONE',  ( 16.41467061585181142, 21.90906585343856250, 15.38878823406716556 ) ) ;
#1913 = VECTOR ( 'NONE', #645, 1000.000000000000000 ) ;
#1914 = ORIENTED_EDGE ( 'NONE', *, *, #330, .T. ) ;
#1915 = CARTESIAN_POINT ( 'NONE',  ( -1.266739906552991179, 19.91959049219052602, 24.96799201445048055 ) ) ;
#1916 = MANIFOLD_SOLID_BREP ( 'CirPattern1', #792 ) ;
#1917 = CARTESIAN_POINT ( 'NONE',  ( 17.34338393775138343, 22.02550259792090159, 18.00596358229162419 ) ) ;
ENDSEC;
END-ISO-10303-21;
